// Generated by tools/pack_pet.py; do not hand-edit.
#include "pet_assets.h"

namespace cardbridge::pet_assets {

const uint16_t kPalette[16] PROGMEM = {
    0x0000, 0xf6d7, 0xee96, 0xc592, 0x83ab, 0x7308, 0x5aa7, 0x3a89, 0x3a48, 0x49e6, 0x39c6, 0x31a5, 0x29c7, 0x2964, 0x2944, 0x20e3
};

const uint8_t kIdle0[] PROGMEM = {
    0x48, 0x00, 0x48, 0x00, 0x1e, 0x00, 0x02, 0x02, 0x01, 0x03, 0x27, 0x00, 0x1d, 0x00, 0x01, 0x02, 0x01, 0x01, 0x01, 0x03,
    0x28, 0x00, 0x1c, 0x00, 0x01, 0x02, 0x01, 0x01, 0x01, 0x02, 0x03, 0x03, 0x01, 0x01, 0x06, 0x00, 0x02, 0x0e, 0x01, 0x0f,
    0x01, 0x0e, 0x1b, 0x00, 0x1c, 0x00, 0x02, 0x01, 0x01, 0x02, 0x01, 0x01, 0x01, 0x02, 0x02, 0x01, 0x01, 0x02, 0x01, 0x03,
    0x01, 0x04, 0x02, 0x00, 0x05, 0x0e, 0x01, 0x0f, 0x1a, 0x00, 0x19, 0x00, 0x01, 0x0e, 0x01, 0x0d, 0x01, 0x00, 0x01, 0x02,
    0x02, 0x01, 0x04, 0x02, 0x02, 0x03, 0x01, 0x02, 0x01, 0x03, 0x01, 0x0d, 0x05, 0x0f, 0x02, 0x0e, 0x19, 0x00, 0x17, 0x00,
    0x02, 0x0f, 0x02, 0x0e, 0x01, 0x0d, 0x01, 0x03, 0x01, 0x04, 0x01, 0x03, 0x05, 0x02, 0x02, 0x01, 0x01, 0x02, 0x01, 0x03,
    0x01, 0x05, 0x03, 0x0f, 0x02, 0x0e, 0x01, 0x0f, 0x19, 0x00, 0x17, 0x00, 0x01, 0x0e, 0x03, 0x0f, 0x01, 0x0b, 0x03, 0x03,
    0x02, 0x02, 0x03, 0x01, 0x03, 0x02, 0x01, 0x01, 0x01, 0x02, 0x01, 0x04, 0x01, 0x0b, 0x01, 0x0f, 0x01, 0x0d, 0x01, 0x0e,
    0x01, 0x0f, 0x07, 0x00, 0x01, 0x04, 0x11, 0x00, 0x16, 0x00, 0x01, 0x0f, 0x01, 0x0e, 0x02, 0x0f, 0x01, 0x0e, 0x01, 0x03,
    0x04, 0x01, 0x01, 0x02, 0x06, 0x01, 0x02, 0x02, 0x01, 0x01, 0x01, 0x03, 0x03, 0x0f, 0x07, 0x00, 0x01, 0x05, 0x01, 0x04,
    0x01, 0x05, 0x10, 0x00, 0x16, 0x00, 0x02, 0x0e, 0x02, 0x0f, 0x01, 0x04, 0x01, 0x01, 0x01, 0x02, 0x06, 0x01, 0x07, 0x02,
    0x01, 0x01, 0x01, 0x03, 0x01, 0x0f, 0x07, 0x00, 0x01, 0x06, 0x02, 0x04, 0x01, 0x09, 0x10, 0x00, 0x16, 0x00, 0x01, 0x0f,
    0x01, 0x0e, 0x01, 0x0f, 0x01, 0x06, 0x01, 0x01, 0x01, 0x02, 0x03, 0x01, 0x01, 0x02, 0x02, 0x01, 0x01, 0x02, 0x04, 0x03,
    0x02, 0x01, 0x01, 0x02, 0x02, 0x01, 0x01, 0x03, 0x07, 0x00, 0x01, 0x05, 0x01, 0x04, 0x01, 0x09, 0x11, 0x00, 0x17, 0x00,
    0x02, 0x0f, 0x01, 0x03, 0x01, 0x01, 0x02, 0x02, 0x01, 0x03, 0x01, 0x02, 0x03, 0x01, 0x03, 0x02, 0x01, 0x03, 0x01, 0x0a,
    0x01, 0x06, 0x01, 0x03, 0x01, 0x01, 0x01, 0x02, 0x02, 0x01, 0x01, 0x03, 0x05, 0x00, 0x01, 0x05, 0x01, 0x04, 0x01, 0x06,
    0x01, 0x0d, 0x11, 0x00, 0x18, 0x00, 0x01, 0x05, 0x01, 0x02, 0x01, 0x01, 0x02, 0x03, 0x01, 0x02, 0x01, 0x03, 0x01, 0x02,
    0x03, 0x01, 0x01, 0x03, 0x01, 0x0a, 0x02, 0x0f, 0x02, 0x0e, 0x01, 0x03, 0x01, 0x01, 0x01, 0x02, 0x01, 0x01, 0x01, 0x02,
    0x04, 0x00, 0x01, 0x09, 0x02, 0x05, 0x01, 0x0e, 0x12, 0x00, 0x18, 0x00, 0x01, 0x02, 0x02, 0x01, 0x03, 0x03, 0x01, 0x04,
    0x01, 0x02, 0x01, 0x01, 0x01, 0x02, 0x01, 0x01, 0x01, 0x03, 0x02, 0x0f, 0x01, 0x0e, 0x02, 0x0f, 0x01, 0x0a, 0x01, 0x02,
    0x01, 0x01, 0x01, 0x02, 0x01, 0x01, 0x01, 0x03, 0x03, 0x00, 0x01, 0x09, 0x01, 0x05, 0x01, 0x09, 0x01, 0x06, 0x12, 0x00,
    0x18, 0x00, 0x01, 0x03, 0x01, 0x01, 0x01, 0x02, 0x01, 0x08, 0x01, 0x0f, 0x01, 0x0e, 0x01, 0x0f, 0x01, 0x03, 0x01, 0x01,
    0x01, 0x02, 0x01, 0x01, 0x01, 0x03, 0x01, 0x0a, 0x01, 0x06, 0x01, 0x0a, 0x01, 0x0f, 0x01, 0x06, 0x01, 0x0f, 0x01, 0x03,
    0x01, 0x01, 0x02, 0x02, 0x01, 0x04, 0x02, 0x00, 0x01, 0x06, 0x01, 0x04, 0x01, 0x06, 0x01, 0x0f, 0x01, 0x09, 0x12, 0x00,
    0x18, 0x00, 0x01, 0x03, 0x01, 0x01, 0x01, 0x03, 0x04, 0x0f, 0x01, 0x04, 0x02, 0x01, 0x02, 0x02, 0x01, 0x03, 0x01, 0x04,
    0x01, 0x0f, 0x01, 0x09, 0x01, 0x06, 0x01, 0x0f, 0x01, 0x03, 0x01, 0x01, 0x01, 0x02, 0x01, 0x01, 0x01, 0x02, 0x01, 0x04,
    0x01, 0x00, 0x02, 0x05, 0x01, 0x09, 0x01, 0x0e, 0x01, 0x09, 0x01, 0x05, 0x11, 0x00, 0x18, 0x00, 0x01, 0x02, 0x01, 0x01,
    0x01, 0x05, 0x01, 0x0d, 0x01, 0x09, 0x01, 0x0b, 0x01, 0x0f, 0x01, 0x04, 0x01, 0x03, 0x01, 0x0a, 0x01, 0x05, 0x02, 0x01,
    0x01, 0x03, 0x01, 0x06, 0x01, 0x0e, 0x01, 0x0b, 0x01, 0x03, 0x01, 0x01, 0x01, 0x02, 0x01, 0x01, 0x01, 0x02, 0x01, 0x03,
    0x01, 0x00, 0x01, 0x06, 0x01, 0x05, 0x01, 0x09, 0x01, 0x00, 0x01, 0x0b, 0x01, 0x05, 0x01, 0x04, 0x11, 0x00, 0x17, 0x00,
    0x01, 0x03, 0x02, 0x01, 0x01, 0x06, 0x01, 0x05, 0x01, 0x03, 0x01, 0x0f, 0x01, 0x0e, 0x01, 0x02, 0x01, 0x03, 0x01, 0x05,
    0x01, 0x03, 0x02, 0x01, 0x01, 0x02, 0x01, 0x01, 0x02, 0x02, 0x01, 0x01, 0x01, 0x02, 0x01, 0x01, 0x01, 0x02, 0x01, 0x03,
    0x01, 0x00, 0x01, 0x09, 0x01, 0x05, 0x01, 0x09, 0x01, 0x0b, 0x01, 0x00, 0x01, 0x09, 0x01, 0x05, 0x02, 0x04, 0x10, 0x00,
    0x17, 0x00, 0x01, 0x03, 0x01, 0x02, 0x01, 0x01, 0x01, 0x03, 0x01, 0x0f, 0x01, 0x08, 0x01, 0x0e, 0x01, 0x04, 0x05, 0x01,
    0x01, 0x02, 0x01, 0x03, 0x02, 0x01, 0x04, 0x02, 0x01, 0x04, 0x01, 0x0a, 0x01, 0x00, 0x01, 0x06, 0x01, 0x04, 0x01, 0x09,
    0x02, 0x00, 0x01, 0x0d, 0x01, 0x05, 0x02, 0x04, 0x10, 0x00, 0x17, 0x00, 0x01, 0x03, 0x02, 0x02, 0x01, 0x01, 0x01, 0x04,
    0x01, 0x05, 0x01, 0x03, 0x01, 0x01, 0x03, 0x02, 0x03, 0x03, 0x01, 0x02, 0x03, 0x01, 0x01, 0x02, 0x01, 0x03, 0x01, 0x06,
    0x01, 0x0f, 0x01, 0x0e, 0x01, 0x09, 0x01, 0x06, 0x01, 0x09, 0x03, 0x00, 0x01, 0x09, 0x02, 0x04, 0x01, 0x06, 0x10, 0x00,
    0x18, 0x00, 0x01, 0x04, 0x01, 0x03, 0x05, 0x01, 0x01, 0x02, 0x01, 0x03, 0x01, 0x02, 0x04, 0x01, 0x02, 0x03, 0x01, 0x04,
    0x01, 0x06, 0x01, 0x0f, 0x01, 0x0d, 0x01, 0x09, 0x01, 0x08, 0x01, 0x0b, 0x01, 0x09, 0x01, 0x0e, 0x03, 0x00, 0x01, 0x0a,
    0x01, 0x06, 0x01, 0x05, 0x01, 0x0a, 0x10, 0x00, 0x18, 0x00, 0x01, 0x0a, 0x01, 0x06, 0x01, 0x03, 0x01, 0x02, 0x06, 0x01,
    0x03, 0x03, 0x01, 0x04, 0x01, 0x0d, 0x01, 0x0e, 0x01, 0x0f, 0x01, 0x0a, 0x02, 0x06, 0x01, 0x08, 0x01, 0x0e, 0x01, 0x0d,
    0x01, 0x09, 0x04, 0x00, 0x01, 0x09, 0x13, 0x00, 0x17, 0x00, 0x01, 0x04, 0x01, 0x07, 0x01, 0x0f, 0x01, 0x0e, 0x01, 0x05,
    0x03, 0x04, 0x01, 0x05, 0x01, 0x04, 0x01, 0x06, 0x01, 0x0f, 0x02, 0x0d, 0x02, 0x0f, 0x01, 0x0d, 0x01, 0x09, 0x01, 0x06,
    0x01, 0x08, 0x01, 0x0c, 0x01, 0x0d, 0x03, 0x0c, 0x04, 0x00, 0x01, 0x04, 0x13, 0x00, 0x18, 0x00, 0x01, 0x05, 0x01, 0x07,
    0x01, 0x0e, 0x01, 0x0f, 0x01, 0x0e, 0x01, 0x0d, 0x03, 0x0f, 0x01, 0x0e, 0x01, 0x0d, 0x01, 0x0e, 0x01, 0x0f, 0x01, 0x0b,
    0x02, 0x04, 0x01, 0x06, 0x01, 0x08, 0x03, 0x0c, 0x01, 0x08, 0x01, 0x07, 0x01, 0x08, 0x02, 0x0c, 0x01, 0x00, 0x01, 0x07,
    0x01, 0x00, 0x01, 0x04, 0x12, 0x00, 0x17, 0x00, 0x01, 0x0c, 0x01, 0x0b, 0x01, 0x08, 0x02, 0x0e, 0x01, 0x04, 0x01, 0x03,
    0x01, 0x04, 0x01, 0x09, 0x01, 0x0e, 0x01, 0x0f, 0x01, 0x0d, 0x01, 0x09, 0x01, 0x05, 0x02, 0x03, 0x01, 0x06, 0x01, 0x09,
    0x01, 0x08, 0x01, 0x0c, 0x01, 0x08, 0x01, 0x07, 0x01, 0x08, 0x01, 0x07, 0x02, 0x08, 0x01, 0x07, 0x01, 0x0c, 0x01, 0x07,
    0x01, 0x05, 0x01, 0x04, 0x12, 0x00, 0x16, 0x00, 0x01, 0x08, 0x02, 0x0c, 0x01, 0x08, 0x01, 0x0b, 0x01, 0x06, 0x01, 0x03,
    0x01, 0x01, 0x02, 0x02, 0x01, 0x04, 0x01, 0x05, 0x01, 0x03, 0x01, 0x02, 0x01, 0x01, 0x01, 0x02, 0x01, 0x05, 0x01, 0x08,
    0x01, 0x06, 0x01, 0x08, 0x01, 0x0c, 0x06, 0x07, 0x01, 0x08, 0x02, 0x07, 0x01, 0x04, 0x13, 0x00, 0x15, 0x00, 0x01, 0x07,
    0x01, 0x08, 0x01, 0x0c, 0x01, 0x07, 0x01, 0x0a, 0x01, 0x08, 0x01, 0x05, 0x01, 0x02, 0x01, 0x01, 0x01, 0x02, 0x05, 0x01,
    0x01, 0x02, 0x01, 0x04, 0x02, 0x05, 0x01, 0x06, 0x01, 0x08, 0x03, 0x07, 0x02, 0x08, 0x04, 0x07, 0x01, 0x08, 0x14, 0x00,
    0x15, 0x00, 0x01, 0x07, 0x02, 0x0c, 0x01, 0x08, 0x01, 0x0b, 0x01, 0x06, 0x01, 0x05, 0x01, 0x02, 0x01, 0x01, 0x04, 0x02,
    0x01, 0x01, 0x01, 0x02, 0x01, 0x04, 0x02, 0x05, 0x01, 0x06, 0x03, 0x08, 0x01, 0x07, 0x02, 0x08, 0x05, 0x07, 0x01, 0x08,
    0x01, 0x0c, 0x13, 0x00, 0x14, 0x00, 0x01, 0x0c, 0x01, 0x07, 0x01, 0x0c, 0x01, 0x08, 0x01, 0x0a, 0x01, 0x06, 0x02, 0x05,
    0x01, 0x03, 0x03, 0x01, 0x01, 0x02, 0x01, 0x01, 0x01, 0x02, 0x01, 0x04, 0x01, 0x05, 0x01, 0x04, 0x01, 0x05, 0x01, 0x06,
    0x01, 0x08, 0x03, 0x07, 0x01, 0x0c, 0x01, 0x08, 0x02, 0x07, 0x01, 0x08, 0x03, 0x07, 0x01, 0x08, 0x13, 0x00, 0x14, 0x00,
    0x02, 0x08, 0x01, 0x0d, 0x01, 0x08, 0x01, 0x09, 0x03, 0x05, 0x01, 0x03, 0x01, 0x01, 0x02, 0x02, 0x01, 0x01, 0x01, 0x03,
    0x01, 0x04, 0x01, 0x05, 0x01, 0x04, 0x03, 0x05, 0x01, 0x08, 0x03, 0x07, 0x02, 0x0c, 0x01, 0x07, 0x02, 0x08, 0x04, 0x07,
    0x13, 0x00, 0x13, 0x00, 0x01, 0x0c, 0x01, 0x07, 0x01, 0x08, 0x01, 0x0c, 0x01, 0x08, 0x01, 0x06, 0x02, 0x04, 0x01, 0x05,
    0x01, 0x04, 0x03, 0x01, 0x01, 0x03, 0x01, 0x04, 0x01, 0x05, 0x01, 0x04, 0x04, 0x05, 0x01, 0x08, 0x02, 0x07, 0x01, 0x08,
    0x01, 0x0d, 0x01, 0x0c, 0x02, 0x08, 0x02, 0x07, 0x01, 0x08, 0x02, 0x07, 0x01, 0x0c, 0x12, 0x00, 0x12, 0x00, 0x05, 0x0c,
    0x01, 0x08, 0x01, 0x06, 0x02, 0x05, 0x01, 0x04, 0x01, 0x05, 0x01, 0x03, 0x01, 0x02, 0x01, 0x03, 0x02, 0x05, 0x01, 0x04,
    0x02, 0x05, 0x01, 0x04, 0x01, 0x05, 0x01, 0x06, 0x04, 0x07, 0x01, 0x0d, 0x06, 0x0c, 0x02, 0x07, 0x01, 0x0c, 0x12, 0x00,
    0x11, 0x00, 0x01, 0x09, 0x01, 0x06, 0x02, 0x04, 0x01, 0x06, 0x01, 0x0d, 0x02, 0x0a, 0x01, 0x05, 0x05, 0x04, 0x02, 0x05,
    0x01, 0x04, 0x04, 0x05, 0x02, 0x06, 0x04, 0x07, 0x01, 0x0d, 0x01, 0x0e, 0x01, 0x0c, 0x01, 0x08, 0x01, 0x06, 0x01, 0x05,
    0x01, 0x06, 0x01, 0x08, 0x02, 0x0c, 0x12, 0x00, 0x11, 0x00, 0x04, 0x04, 0x01, 0x05, 0x01, 0x0b, 0x01, 0x0a, 0x01, 0x0b,
    0x01, 0x05, 0x01, 0x04, 0x08, 0x05, 0x03, 0x04, 0x02, 0x06, 0x03, 0x07, 0x01, 0x0c, 0x01, 0x0e, 0x01, 0x0b, 0x06, 0x04,
    0x01, 0x06, 0x02, 0x0c, 0x11, 0x00, 0x10, 0x00, 0x02, 0x04, 0x01, 0x09, 0x01, 0x0d, 0x02, 0x0e, 0x01, 0x0c, 0x02, 0x0a,
    0x01, 0x05, 0x01, 0x04, 0x02, 0x06, 0x02, 0x04, 0x02, 0x05, 0x01, 0x04, 0x01, 0x05, 0x02, 0x04, 0x01, 0x05, 0x03, 0x06,
    0x02, 0x07, 0x01, 0x0c, 0x01, 0x0e, 0x02, 0x05, 0x02, 0x06, 0x01, 0x05, 0x03, 0x04, 0x01, 0x06, 0x01, 0x0c, 0x11, 0x00,
    0x10, 0x00, 0x01, 0x05, 0x01, 0x0a, 0x01, 0x0f, 0x02, 0x0b, 0x01, 0x0f, 0x01, 0x0c, 0x02, 0x0b, 0x02, 0x06, 0x01, 0x05,
    0x02, 0x04, 0x02, 0x05, 0x01, 0x04, 0x01, 0x05, 0x03, 0x04, 0x02, 0x05, 0x01, 0x06, 0x01, 0x05, 0x01, 0x08, 0x01, 0x07,
    0x01, 0x0c, 0x01, 0x0d, 0x01, 0x09, 0x01, 0x0f, 0x02, 0x0e, 0x02, 0x0d, 0x01, 0x05, 0x02, 0x04, 0x01, 0x05, 0x11, 0x00,
    0x10, 0x00, 0x01, 0x06, 0x01, 0x0e, 0x03, 0x0b, 0x01, 0x0e, 0x01, 0x08, 0x02, 0x0e, 0x02, 0x09, 0x08, 0x06, 0x01, 0x05,
    0x02, 0x06, 0x01, 0x09, 0x01, 0x0d, 0x01, 0x06, 0x01, 0x0c, 0x01, 0x08, 0x01, 0x0c, 0x02, 0x0e, 0x05, 0x0b, 0x01, 0x0f,
    0x01, 0x05, 0x01, 0x04, 0x01, 0x05, 0x11, 0x00, 0x10, 0x00, 0x01, 0x09, 0x01, 0x0f, 0x04, 0x0b, 0x01, 0x05, 0x01, 0x0d,
    0x02, 0x09, 0x07, 0x06, 0x01, 0x09, 0x01, 0x06, 0x04, 0x09, 0x01, 0x0e, 0x01, 0x06, 0x01, 0x07, 0x01, 0x08, 0x01, 0x0c,
    0x01, 0x0e, 0x06, 0x0b, 0x01, 0x0f, 0x01, 0x0e, 0x01, 0x04, 0x01, 0x05, 0x11, 0x00, 0x10, 0x00, 0x01, 0x0b, 0x01, 0x0f,
    0x01, 0x0d, 0x02, 0x0b, 0x01, 0x0d, 0x01, 0x0a, 0x01, 0x0f, 0x01, 0x0e, 0x02, 0x06, 0x05, 0x05, 0x01, 0x09, 0x01, 0x06,
    0x01, 0x05, 0x01, 0x06, 0x02, 0x09, 0x01, 0x06, 0x01, 0x0e, 0x01, 0x05, 0x01, 0x04, 0x01, 0x05, 0x01, 0x0a, 0x01, 0x0d,
    0x05, 0x0b, 0x01, 0x0d, 0x02, 0x0f, 0x01, 0x05, 0x01, 0x09, 0x11, 0x00, 0x11, 0x00, 0x01, 0x0f, 0x01, 0x0e, 0x03, 0x0b,
    0x01, 0x0d, 0x01, 0x0e, 0x01, 0x0c, 0x01, 0x0b, 0x01, 0x0a, 0x01, 0x09, 0x02, 0x06, 0x01, 0x05, 0x01, 0x06, 0x01, 0x0b,
    0x01, 0x06, 0x01, 0x09, 0x01, 0x0b, 0x01, 0x0e, 0x01, 0x0b, 0x01, 0x0a, 0x01, 0x0d, 0x01, 0x0b, 0x01, 0x09, 0x01, 0x0d,
    0x01, 0x0e, 0x05, 0x0b, 0x01, 0x0d, 0x02, 0x0f, 0x01, 0x09, 0x01, 0x05, 0x12, 0x00, 0x12, 0x00, 0x01, 0x0f, 0x02, 0x0d,
    0x01, 0x06, 0x01, 0x08, 0x01, 0x0c, 0x03, 0x08, 0x03, 0x0c, 0x02, 0x0a, 0x01, 0x0d, 0x02, 0x0e, 0x01, 0x09, 0x01, 0x06,
    0x01, 0x0c, 0x01, 0x08, 0x03, 0x0c, 0x01, 0x09, 0x05, 0x0b, 0x01, 0x0d, 0x03, 0x0f, 0x01, 0x09, 0x13, 0x00, 0x12, 0x00,
    0x02, 0x0f, 0x01, 0x09, 0x01, 0x07, 0x04, 0x08, 0x01, 0x07, 0x07, 0x08, 0x01, 0x09, 0x02, 0x05, 0x01, 0x06, 0x01, 0x0c,
    0x03, 0x08, 0x01, 0x05, 0x01, 0x06, 0x01, 0x0d, 0x02, 0x0b, 0x01, 0x0d, 0x01, 0x0e, 0x02, 0x0f, 0x15, 0x00, 0x13, 0x00,
    0x01, 0x0e, 0x01, 0x09, 0x01, 0x08, 0x01, 0x07, 0x02, 0x08, 0x01, 0x07, 0x08, 0x08, 0x01, 0x06, 0x03, 0x05, 0x01, 0x06,
    0x03, 0x08, 0x01, 0x07, 0x01, 0x04, 0x01, 0x0b, 0x01, 0x0d, 0x01, 0x0e, 0x03, 0x0f, 0x16, 0x00, 0x13, 0x00, 0x01, 0x09,
    0x01, 0x0b, 0x02, 0x08, 0x01, 0x07, 0x08, 0x08, 0x01, 0x07, 0x01, 0x08, 0x05, 0x05, 0x01, 0x08, 0x01, 0x07, 0x02, 0x08,
    0x01, 0x06, 0x01, 0x05, 0x03, 0x0f, 0x18, 0x00, 0x14, 0x00, 0x01, 0x0d, 0x01, 0x0c, 0x01, 0x08, 0x01, 0x07, 0x06, 0x08,
    0x01, 0x07, 0x03, 0x08, 0x02, 0x05, 0x01, 0x06, 0x01, 0x05, 0x01, 0x06, 0x01, 0x08, 0x01, 0x07, 0x02, 0x08, 0x01, 0x0c,
    0x02, 0x09, 0x02, 0x0f, 0x18, 0x00, 0x14, 0x00, 0x02, 0x0c, 0x04, 0x08, 0x02, 0x0c, 0x01, 0x0d, 0x04, 0x0c, 0x01, 0x08,
    0x01, 0x09, 0x01, 0x0b, 0x01, 0x09, 0x01, 0x05, 0x01, 0x0c, 0x04, 0x08, 0x01, 0x0c, 0x01, 0x0d, 0x01, 0x0b, 0x01, 0x0d,
    0x01, 0x0c, 0x18, 0x00, 0x14, 0x00, 0x02, 0x0c, 0x03, 0x08, 0x01, 0x07, 0x02, 0x08, 0x01, 0x0c, 0x01, 0x0e, 0x02, 0x0f,
    0x01, 0x0d, 0x03, 0x0c, 0x01, 0x08, 0x01, 0x0c, 0x04, 0x08, 0x03, 0x0c, 0x01, 0x0d, 0x02, 0x0c, 0x18, 0x00, 0x14, 0x00,
    0x02, 0x0c, 0x07, 0x08, 0x01, 0x0c, 0x01, 0x0d, 0x01, 0x0e, 0x01, 0x0f, 0x01, 0x0c, 0x02, 0x08, 0x01, 0x07, 0x07, 0x08,
    0x04, 0x0c, 0x18, 0x00, 0x14, 0x00, 0x01, 0x0b, 0x02, 0x0c, 0x06, 0x08, 0x02, 0x0c, 0x01, 0x0e, 0x01, 0x0f, 0x01, 0x0d,
    0x04, 0x08, 0x01, 0x07, 0x04, 0x08, 0x02, 0x0c, 0x02, 0x0d, 0x01, 0x0a, 0x18, 0x00, 0x14, 0x00, 0x01, 0x06, 0x01, 0x05,
    0x02, 0x06, 0x01, 0x08, 0x06, 0x0c, 0x02, 0x0b, 0x02, 0x0d, 0x03, 0x0c, 0x06, 0x08, 0x03, 0x06, 0x01, 0x09, 0x18, 0x00,
    0x15, 0x00, 0x01, 0x09, 0x02, 0x05, 0x03, 0x04, 0x01, 0x05, 0x03, 0x06, 0x01, 0x09, 0x01, 0x0d, 0x04, 0x06, 0x05, 0x05,
    0x02, 0x04, 0x01, 0x05, 0x01, 0x09, 0x01, 0x0d, 0x01, 0x0e, 0x18, 0x00, 0x15, 0x00, 0x01, 0x0f, 0x01, 0x0e, 0x01, 0x0d,
    0x04, 0x09, 0x01, 0x0b, 0x01, 0x0d, 0x02, 0x0e, 0x01, 0x0f, 0x01, 0x00, 0x09, 0x06, 0x01, 0x0a, 0x01, 0x0d, 0x01, 0x0f,
    0x01, 0x0e, 0x01, 0x0f, 0x18, 0x00, 0x15, 0x00, 0x01, 0x0f, 0x01, 0x0d, 0x01, 0x0a, 0x01, 0x0b, 0x02, 0x0d, 0x02, 0x0f,
    0x01, 0x0e, 0x01, 0x0f, 0x01, 0x0e, 0x01, 0x0d, 0x02, 0x00, 0x04, 0x0f, 0x01, 0x0d, 0x04, 0x0b, 0x01, 0x0d, 0x02, 0x0e,
    0x01, 0x0f, 0x18, 0x00, 0x15, 0x00, 0x02, 0x0f, 0x01, 0x0d, 0x02, 0x0b, 0x02, 0x0e, 0x02, 0x0b, 0x01, 0x0e, 0x01, 0x0f,
    0x01, 0x0e, 0x03, 0x00, 0x02, 0x0f, 0x01, 0x0e, 0x01, 0x0a, 0x01, 0x0b, 0x02, 0x0a, 0x01, 0x0b, 0x01, 0x0e, 0x01, 0x0b,
    0x01, 0x0d, 0x02, 0x0e, 0x17, 0x00, 0x15, 0x00, 0x01, 0x0e, 0x02, 0x0f, 0x01, 0x0e, 0x01, 0x0f, 0x01, 0x0e, 0x03, 0x0b,
    0x01, 0x0d, 0x02, 0x0e, 0x04, 0x00, 0x02, 0x0f, 0x01, 0x0e, 0x02, 0x0b, 0x01, 0x0d, 0x01, 0x0f, 0x01, 0x0d, 0x02, 0x0b,
    0x02, 0x0e, 0x17, 0x00, 0x16, 0x00, 0x01, 0x0f, 0x01, 0x0d, 0x01, 0x0e, 0x01, 0x0d, 0x01, 0x0a, 0x01, 0x0b, 0x02, 0x0a,
    0x01, 0x0b, 0x02, 0x0d, 0x04, 0x00, 0x02, 0x0e, 0x02, 0x0f, 0x01, 0x0e, 0x01, 0x0f, 0x01, 0x0e, 0x03, 0x0b, 0x01, 0x0d,
    0x01, 0x0e, 0x17, 0x00, 0x16, 0x00, 0x01, 0x0f, 0x01, 0x0d, 0x07, 0x0b, 0x02, 0x0e, 0x04, 0x00, 0x02, 0x0e, 0x01, 0x0d,
    0x02, 0x0e, 0x01, 0x0d, 0x04, 0x0b, 0x01, 0x0d, 0x01, 0x0f, 0x17, 0x00, 0x17, 0x00, 0x01, 0x0f, 0x06, 0x0b, 0x03, 0x0e,
    0x04, 0x00, 0x01, 0x0d, 0x01, 0x0e, 0x01, 0x0d, 0x07, 0x0b, 0x02, 0x0e, 0x17, 0x00, 0x17, 0x00, 0x01, 0x0f, 0x05, 0x0b,
    0x01, 0x0d, 0x02, 0x0e, 0x06, 0x00, 0x01, 0x0f, 0x01, 0x0d, 0x01, 0x0b, 0x01, 0x0a, 0x04, 0x0b, 0x01, 0x0d, 0x01, 0x0e,
    0x01, 0x0f, 0x17, 0x00, 0x17, 0x00, 0x01, 0x0e, 0x01, 0x0d, 0x04, 0x0b, 0x01, 0x0d, 0x02, 0x0e, 0x07, 0x00, 0x01, 0x0f,
    0x01, 0x0d, 0x05, 0x0b, 0x01, 0x0d, 0x01, 0x0e, 0x18, 0x00, 0x16, 0x00, 0x01, 0x0e, 0x03, 0x0d, 0x04, 0x0b, 0x02, 0x0e,
    0x07, 0x00, 0x01, 0x0f, 0x01, 0x0e, 0x05, 0x0b, 0x01, 0x0d, 0x01, 0x0e, 0x18, 0x00, 0x15, 0x00, 0x04, 0x0d, 0x04, 0x0b,
    0x01, 0x0d, 0x02, 0x0e, 0x07, 0x00, 0x01, 0x0f, 0x01, 0x0d, 0x01, 0x0b, 0x01, 0x0a, 0x03, 0x0b, 0x01, 0x0d, 0x01, 0x0e,
    0x18, 0x00, 0x14, 0x00, 0x02, 0x0b, 0x03, 0x0d, 0x01, 0x0b, 0x02, 0x0a, 0x01, 0x0b, 0x03, 0x0e, 0x07, 0x00, 0x01, 0x0d,
    0x01, 0x0a, 0x06, 0x0b, 0x01, 0x0e, 0x18, 0x00, 0x13, 0x00, 0x01, 0x0b, 0x01, 0x0d, 0x01, 0x0b, 0x01, 0x0d, 0x01, 0x0b,
    0x01, 0x0a, 0x02, 0x0b, 0x01, 0x0d, 0x01, 0x0e, 0x01, 0x0f, 0x01, 0x0e, 0x01, 0x0f, 0x07, 0x00, 0x01, 0x0d, 0x01, 0x0b,
    0x01, 0x0d, 0x01, 0x0b, 0x01, 0x0d, 0x02, 0x0b, 0x01, 0x0d, 0x01, 0x0b, 0x01, 0x0d, 0x17, 0x00, 0x13, 0x00, 0x01, 0x0f,
    0x02, 0x0e, 0x01, 0x0d, 0x02, 0x0b, 0x02, 0x0d, 0x04, 0x0f, 0x08, 0x00, 0x02, 0x0b, 0x01, 0x0d, 0x01, 0x0b, 0x01, 0x0d,
    0x02, 0x0b, 0x01, 0x0d, 0x01, 0x0b, 0x01, 0x0e, 0x17, 0x00, 0x13, 0x00, 0x01, 0x0f, 0x01, 0x09, 0x02, 0x0d, 0x01, 0x09,
    0x04, 0x0f, 0x0a, 0x00, 0x01, 0x0d, 0x01, 0x0b, 0x01, 0x0d, 0x02, 0x0b, 0x02, 0x0d, 0x01, 0x0b, 0x01, 0x0e, 0x01, 0x0d,
    0x01, 0x0f, 0x17, 0x00, 0x16, 0x00, 0x01, 0x09, 0x01, 0x05, 0x01, 0x0f, 0x0e, 0x00, 0x03, 0x0d, 0x01, 0x0b, 0x01, 0x0e,
    0x01, 0x0d, 0x01, 0x0b, 0x01, 0x0f, 0x01, 0x0e, 0x18, 0x00, 0x28, 0x00, 0x01, 0x0b, 0x03, 0x09, 0x01, 0x0b, 0x01, 0x09,
    0x01, 0x0d, 0x19, 0x00, 0x48, 0x00, 0x48, 0x00, 0x48, 0x00
};
const uint8_t kIdle1[] PROGMEM = {
    0x48, 0x00, 0x48, 0x00, 0x48, 0x00, 0x1e, 0x00, 0x01, 0x02, 0x01, 0x03, 0x28, 0x00, 0x1d, 0x00, 0x01, 0x02, 0x01, 0x01,
    0x01, 0x03, 0x28, 0x00, 0x1c, 0x00, 0x01, 0x03, 0x02, 0x01, 0x01, 0x02, 0x01, 0x04, 0x01, 0x02, 0x01, 0x01, 0x05, 0x00,
    0x02, 0x0e, 0x02, 0x0f, 0x01, 0x0e, 0x1b, 0x00, 0x1c, 0x00, 0x02, 0x01, 0x03, 0x02, 0x02, 0x01, 0x01, 0x02, 0x02, 0x03,
    0x01, 0x00, 0x01, 0x0e, 0x01, 0x0d, 0x04, 0x0e, 0x01, 0x0f, 0x1a, 0x00, 0x1c, 0x00, 0x01, 0x02, 0x02, 0x01, 0x04, 0x02,
    0x02, 0x03, 0x01, 0x02, 0x01, 0x03, 0x05, 0x0f, 0x01, 0x0e, 0x01, 0x0f, 0x1a, 0x00, 0x18, 0x00, 0x01, 0x0e, 0x02, 0x0d,
    0x01, 0x06, 0x03, 0x03, 0x05, 0x02, 0x02, 0x01, 0x01, 0x02, 0x01, 0x03, 0x01, 0x06, 0x03, 0x0f, 0x02, 0x0e, 0x1a, 0x00,
    0x17, 0x00, 0x01, 0x0e, 0x01, 0x0d, 0x01, 0x0e, 0x01, 0x0f, 0x01, 0x09, 0x03, 0x03, 0x04, 0x02, 0x01, 0x01, 0x03, 0x02,
    0x01, 0x01, 0x01, 0x02, 0x01, 0x04, 0x02, 0x0f, 0x01, 0x0e, 0x01, 0x0f, 0x07, 0x00, 0x01, 0x05, 0x01, 0x04, 0x11, 0x00,
    0x16, 0x00, 0x01, 0x0e, 0x01, 0x0d, 0x02, 0x0f, 0x01, 0x0b, 0x01, 0x03, 0x0a, 0x01, 0x02, 0x02, 0x02, 0x01, 0x01, 0x04,
    0x03, 0x0f, 0x07, 0x00, 0x01, 0x05, 0x01, 0x04, 0x01, 0x05, 0x10, 0x00, 0x16, 0x00, 0x01, 0x0e, 0x01, 0x0d, 0x02, 0x0f,
    0x01, 0x04, 0x07, 0x01, 0x01, 0x02, 0x03, 0x03, 0x01, 0x02, 0x01, 0x01, 0x02, 0x02, 0x01, 0x01, 0x01, 0x04, 0x01, 0x0f,
    0x07, 0x00, 0x01, 0x06, 0x01, 0x04, 0x01, 0x05, 0x01, 0x0d, 0x10, 0x00, 0x16, 0x00, 0x01, 0x0e, 0x01, 0x0d, 0x01, 0x0f,
    0x01, 0x09, 0x01, 0x02, 0x03, 0x01, 0x03, 0x02, 0x01, 0x01, 0x01, 0x03, 0x02, 0x02, 0x01, 0x03, 0x01, 0x04, 0x05, 0x01,
    0x01, 0x02, 0x07, 0x00, 0x02, 0x05, 0x01, 0x09, 0x11, 0x00, 0x16, 0x00, 0x01, 0x0f, 0x01, 0x0e, 0x01, 0x0f, 0x01, 0x03,
    0x01, 0x01, 0x02, 0x02, 0x01, 0x03, 0x01, 0x02, 0x03, 0x01, 0x01, 0x02, 0x02, 0x03, 0x01, 0x06, 0x01, 0x0f, 0x01, 0x09,
    0x01, 0x03, 0x01, 0x01, 0x01, 0x02, 0x02, 0x01, 0x01, 0x03, 0x05, 0x00, 0x01, 0x06, 0x01, 0x04, 0x01, 0x06, 0x01, 0x0e,
    0x11, 0x00, 0x17, 0x00, 0x01, 0x0f, 0x01, 0x0a, 0x01, 0x02, 0x01, 0x01, 0x02, 0x03, 0x01, 0x02, 0x01, 0x03, 0x01, 0x02,
    0x01, 0x01, 0x01, 0x02, 0x01, 0x01, 0x01, 0x04, 0x02, 0x0f, 0x01, 0x0e, 0x01, 0x0f, 0x01, 0x0e, 0x01, 0x03, 0x01, 0x01,
    0x01, 0x02, 0x01, 0x01, 0x01, 0x02, 0x04, 0x00, 0x01, 0x09, 0x01, 0x04, 0x01, 0x06, 0x01, 0x0e, 0x12, 0x00, 0x18, 0x00,
    0x01, 0x03, 0x02, 0x01, 0x01, 0x03, 0x02, 0x04, 0x01, 0x05, 0x02, 0x01, 0x01, 0x02, 0x01, 0x01, 0x01, 0x04, 0x01, 0x0f,
    0x01, 0x0d, 0x03, 0x0f, 0x01, 0x06, 0x01, 0x01, 0x02, 0x02, 0x01, 0x03, 0x01, 0x04, 0x03, 0x00, 0x02, 0x06, 0x01, 0x09,
    0x01, 0x06, 0x12, 0x00, 0x18, 0x00, 0x01, 0x03, 0x01, 0x01, 0x01, 0x02, 0x01, 0x09, 0x03, 0x0f, 0x01, 0x03, 0x01, 0x01,
    0x01, 0x02, 0x01, 0x01, 0x01, 0x03, 0x01, 0x06, 0x01, 0x05, 0x02, 0x0e, 0x01, 0x05, 0x01, 0x0f, 0x01, 0x02, 0x02, 0x01,
    0x02, 0x03, 0x02, 0x00, 0x01, 0x05, 0x01, 0x04, 0x01, 0x09, 0x01, 0x0e, 0x01, 0x09, 0x12, 0x00, 0x18, 0x00, 0x01, 0x03,
    0x01, 0x01, 0x01, 0x03, 0x01, 0x0f, 0x02, 0x0e, 0x01, 0x0f, 0x01, 0x04, 0x01, 0x01, 0x04, 0x02, 0x01, 0x04, 0x01, 0x0f,
    0x01, 0x0a, 0x01, 0x0e, 0x01, 0x06, 0x01, 0x01, 0x02, 0x02, 0x01, 0x01, 0x01, 0x03, 0x01, 0x00, 0x01, 0x06, 0x02, 0x05,
    0x01, 0x0b, 0x02, 0x09, 0x12, 0x00, 0x18, 0x00, 0x01, 0x03, 0x01, 0x01, 0x01, 0x05, 0x01, 0x0b, 0x01, 0x06, 0x01, 0x0d,
    0x01, 0x0f, 0x01, 0x03, 0x01, 0x04, 0x01, 0x0f, 0x01, 0x04, 0x01, 0x01, 0x01, 0x02, 0x01, 0x03, 0x01, 0x04, 0x01, 0x06,
    0x01, 0x04, 0x01, 0x02, 0x01, 0x01, 0x01, 0x02, 0x01, 0x01, 0x01, 0x03, 0x01, 0x04, 0x01, 0x00, 0x02, 0x05, 0x01, 0x09,
    0x01, 0x00, 0x01, 0x05, 0x02, 0x04, 0x11, 0x00, 0x17, 0x00, 0x01, 0x03, 0x01, 0x02, 0x01, 0x01, 0x01, 0x04, 0x01, 0x06,
    0x01, 0x03, 0x01, 0x0f, 0x01, 0x09, 0x01, 0x01, 0x01, 0x03, 0x01, 0x04, 0x03, 0x01, 0x01, 0x02, 0x03, 0x01, 0x02, 0x02,
    0x01, 0x01, 0x01, 0x03, 0x01, 0x04, 0x01, 0x00, 0x02, 0x05, 0x01, 0x09, 0x01, 0x0e, 0x01, 0x00, 0x01, 0x09, 0x01, 0x05,
    0x01, 0x04, 0x11, 0x00, 0x17, 0x00, 0x01, 0x04, 0x01, 0x03, 0x01, 0x01, 0x01, 0x03, 0x01, 0x0e, 0x01, 0x0d, 0x01, 0x0b,
    0x01, 0x03, 0x03, 0x01, 0x02, 0x02, 0x02, 0x03, 0x03, 0x02, 0x01, 0x01, 0x01, 0x02, 0x01, 0x03, 0x01, 0x06, 0x01, 0x0d,
    0x01, 0x09, 0x02, 0x05, 0x01, 0x0a, 0x02, 0x00, 0x01, 0x09, 0x03, 0x04, 0x10, 0x00, 0x17, 0x00, 0x01, 0x04, 0x01, 0x02,
    0x02, 0x01, 0x01, 0x03, 0x01, 0x04, 0x01, 0x03, 0x01, 0x01, 0x01, 0x03, 0x01, 0x02, 0x04, 0x03, 0x01, 0x02, 0x02, 0x01,
    0x01, 0x02, 0x01, 0x03, 0x01, 0x04, 0x02, 0x0f, 0x01, 0x0a, 0x02, 0x06, 0x01, 0x0b, 0x03, 0x00, 0x01, 0x09, 0x02, 0x04,
    0x01, 0x06, 0x10, 0x00, 0x18, 0x00, 0x01, 0x04, 0x01, 0x03, 0x05, 0x01, 0x01, 0x02, 0x01, 0x03, 0x01, 0x02, 0x03, 0x01,
    0x01, 0x02, 0x02, 0x04, 0x01, 0x06, 0x02, 0x0e, 0x01, 0x09, 0x01, 0x06, 0x01, 0x0c, 0x01, 0x0b, 0x01, 0x09, 0x03, 0x00,
    0x01, 0x0b, 0x01, 0x0d, 0x02, 0x06, 0x01, 0x0b, 0x10, 0x00, 0x18, 0x00, 0x01, 0x08, 0x01, 0x0a, 0x01, 0x04, 0x01, 0x02,
    0x02, 0x01, 0x02, 0x02, 0x01, 0x01, 0x01, 0x02, 0x03, 0x04, 0x01, 0x06, 0x01, 0x0e, 0x01, 0x0f, 0x01, 0x0e, 0x01, 0x06,
    0x01, 0x05, 0x01, 0x07, 0x01, 0x0c, 0x01, 0x0f, 0x02, 0x09, 0x03, 0x00, 0x01, 0x09, 0x01, 0x0b, 0x13, 0x00, 0x17, 0x00,
    0x01, 0x04, 0x01, 0x06, 0x02, 0x0f, 0x01, 0x0a, 0x01, 0x09, 0x01, 0x06, 0x02, 0x09, 0x01, 0x06, 0x01, 0x0a, 0x04, 0x0e,
    0x01, 0x0d, 0x01, 0x0a, 0x01, 0x06, 0x01, 0x07, 0x06, 0x0c, 0x04, 0x00, 0x01, 0x04, 0x13, 0x00, 0x18, 0x00, 0x01, 0x05,
    0x01, 0x07, 0x01, 0x0c, 0x01, 0x0f, 0x01, 0x0a, 0x01, 0x06, 0x01, 0x0d, 0x01, 0x0f, 0x01, 0x0e, 0x02, 0x0b, 0x01, 0x0e,
    0x01, 0x0d, 0x01, 0x06, 0x02, 0x04, 0x01, 0x06, 0x01, 0x08, 0x02, 0x0c, 0x02, 0x08, 0x01, 0x07, 0x01, 0x08, 0x02, 0x0c,
    0x02, 0x00, 0x02, 0x04, 0x12, 0x00, 0x17, 0x00, 0x01, 0x0c, 0x01, 0x0d, 0x01, 0x06, 0x01, 0x0f, 0x01, 0x0d, 0x01, 0x04,
    0x01, 0x02, 0x01, 0x03, 0x01, 0x04, 0x01, 0x09, 0x01, 0x0e, 0x01, 0x06, 0x01, 0x04, 0x01, 0x03, 0x01, 0x02, 0x01, 0x04,
    0x02, 0x09, 0x01, 0x08, 0x01, 0x0c, 0x02, 0x07, 0x01, 0x08, 0x01, 0x07, 0x03, 0x08, 0x01, 0x0c, 0x02, 0x05, 0x01, 0x04,
    0x12, 0x00, 0x16, 0x00, 0x01, 0x0c, 0x01, 0x08, 0x01, 0x0c, 0x01, 0x09, 0x01, 0x0d, 0x01, 0x06, 0x01, 0x03, 0x01, 0x01,
    0x01, 0x02, 0x01, 0x01, 0x02, 0x03, 0x01, 0x02, 0x02, 0x01, 0x01, 0x03, 0x01, 0x05, 0x02, 0x06, 0x01, 0x0c, 0x01, 0x08,
    0x05, 0x07, 0x02, 0x08, 0x02, 0x07, 0x01, 0x05, 0x13, 0x00, 0x15, 0x00, 0x01, 0x08, 0x01, 0x07, 0x01, 0x0c, 0x01, 0x07,
    0x01, 0x0a, 0x01, 0x09, 0x01, 0x05, 0x01, 0x02, 0x01, 0x01, 0x02, 0x02, 0x04, 0x01, 0x01, 0x03, 0x02, 0x05, 0x01, 0x06,
    0x02, 0x08, 0x03, 0x07, 0x01, 0x08, 0x05, 0x07, 0x01, 0x0c, 0x14, 0x00, 0x15, 0x00, 0x01, 0x08, 0x02, 0x0c, 0x01, 0x07,
    0x01, 0x0a, 0x02, 0x05, 0x01, 0x02, 0x01, 0x01, 0x01, 0x02, 0x01, 0x01, 0x02, 0x02, 0x01, 0x01, 0x01, 0x03, 0x01, 0x05,
    0x01, 0x04, 0x01, 0x05, 0x01, 0x06, 0x02, 0x08, 0x02, 0x07, 0x02, 0x08, 0x05, 0x07, 0x01, 0x08, 0x01, 0x0c, 0x13, 0x00,
    0x14, 0x00, 0x02, 0x07, 0x01, 0x0c, 0x02, 0x08, 0x01, 0x06, 0x02, 0x05, 0x01, 0x03, 0x05, 0x01, 0x01, 0x03, 0x02, 0x05,
    0x01, 0x04, 0x01, 0x05, 0x01, 0x06, 0x03, 0x07, 0x01, 0x08, 0x01, 0x0c, 0x01, 0x08, 0x02, 0x07, 0x01, 0x08, 0x03, 0x07,
    0x01, 0x0c, 0x13, 0x00, 0x14, 0x00, 0x01, 0x08, 0x01, 0x07, 0x01, 0x0c, 0x01, 0x08, 0x01, 0x09, 0x01, 0x05, 0x01, 0x04,
    0x01, 0x06, 0x01, 0x03, 0x01, 0x01, 0x01, 0x02, 0x02, 0x01, 0x01, 0x03, 0x01, 0x05, 0x02, 0x04, 0x02, 0x05, 0x01, 0x06,
    0x01, 0x08, 0x02, 0x07, 0x03, 0x0c, 0x01, 0x07, 0x01, 0x08, 0x04, 0x07, 0x01, 0x08, 0x13, 0x00, 0x13, 0x00, 0x01, 0x0c,
    0x01, 0x07, 0x01, 0x08, 0x01, 0x0c, 0x01, 0x08, 0x01, 0x06, 0x01, 0x05, 0x01, 0x04, 0x01, 0x05, 0x01, 0x04, 0x03, 0x01,
    0x01, 0x04, 0x04, 0x05, 0x01, 0x04, 0x01, 0x05, 0x01, 0x06, 0x01, 0x08, 0x02, 0x07, 0x01, 0x0c, 0x01, 0x0e, 0x02, 0x0c,
    0x01, 0x08, 0x02, 0x07, 0x01, 0x08, 0x01, 0x07, 0x01, 0x08, 0x01, 0x0c, 0x12, 0x00, 0x12, 0x00, 0x05, 0x0c, 0x01, 0x08,
    0x01, 0x09, 0x02, 0x05, 0x01, 0x04, 0x01, 0x05, 0x02, 0x03, 0x01, 0x04, 0x01, 0x05, 0x01, 0x04, 0x02, 0x05, 0x02, 0x04,
    0x02, 0x06, 0x03, 0x07, 0x01, 0x08, 0x01, 0x0e, 0x06, 0x0c, 0x01, 0x08, 0x01, 0x07, 0x01, 0x0c, 0x12, 0x00, 0x12, 0x00,
    0x01, 0x08, 0x02, 0x05, 0x01, 0x06, 0x01, 0x0d, 0x01, 0x08, 0x01, 0x09, 0x01, 0x05, 0x01, 0x04, 0x03, 0x05, 0x01, 0x04,
    0x01, 0x05, 0x01, 0x04, 0x03, 0x05, 0x01, 0x04, 0x01, 0x05, 0x02, 0x06, 0x03, 0x07, 0x01, 0x08, 0x01, 0x0f, 0x01, 0x0c,
    0x01, 0x08, 0x01, 0x06, 0x02, 0x05, 0x01, 0x06, 0x01, 0x0c, 0x01, 0x07, 0x01, 0x0c, 0x12, 0x00, 0x11, 0x00, 0x05, 0x04,
    0x01, 0x0a, 0x01, 0x08, 0x01, 0x0b, 0x01, 0x05, 0x01, 0x04, 0x01, 0x05, 0x01, 0x06, 0x06, 0x05, 0x03, 0x04, 0x02, 0x06,
    0x03, 0x07, 0x01, 0x0c, 0x01, 0x0e, 0x01, 0x09, 0x06, 0x04, 0x01, 0x06, 0x01, 0x0c, 0x12, 0x00, 0x10, 0x00, 0x02, 0x04,
    0x01, 0x06, 0x01, 0x0b, 0x01, 0x0a, 0x01, 0x0b, 0x01, 0x0a, 0x02, 0x0b, 0x01, 0x05, 0x01, 0x04, 0x02, 0x06, 0x02, 0x04,
    0x02, 0x05, 0x01, 0x04, 0x01, 0x05, 0x01, 0x04, 0x02, 0x05, 0x02, 0x06, 0x03, 0x07, 0x01, 0x0c, 0x01, 0x0d, 0x02, 0x05,
    0x02, 0x06, 0x01, 0x05, 0x03, 0x04, 0x01, 0x08, 0x12, 0x00, 0x10, 0x00, 0x01, 0x04, 0x01, 0x09, 0x01, 0x0f, 0x02, 0x0b,
    0x01, 0x0f, 0x01, 0x0c, 0x02, 0x0b, 0x02, 0x06, 0x01, 0x05, 0x01, 0x04, 0x02, 0x05, 0x03, 0x04, 0x02, 0x05, 0x01, 0x04,
    0x01, 0x05, 0x03, 0x06, 0x01, 0x0c, 0x01, 0x08, 0x01, 0x0c, 0x01, 0x0b, 0x01, 0x0d, 0x01, 0x0f, 0x01, 0x0e, 0x02, 0x0d,
    0x01, 0x0b, 0x02, 0x04, 0x02, 0x05, 0x11, 0x00, 0x10, 0x00, 0x01, 0x06, 0x01, 0x0e, 0x02, 0x0b, 0x01, 0x0a, 0x01, 0x0d,
    0x01, 0x07, 0x01, 0x0d, 0x01, 0x0e, 0x02, 0x09, 0x05, 0x06, 0x01, 0x09, 0x04, 0x06, 0x01, 0x09, 0x01, 0x0e, 0x01, 0x09,
    0x01, 0x06, 0x03, 0x0c, 0x01, 0x0f, 0x01, 0x0d, 0x01, 0x0a, 0x03, 0x0b, 0x01, 0x0d, 0x01, 0x0e, 0x02, 0x04, 0x01, 0x05,
    0x11, 0x00, 0x10, 0x00, 0x01, 0x09, 0x01, 0x0e, 0x04, 0x0b, 0x01, 0x05, 0x01, 0x0d, 0x01, 0x0e, 0x01, 0x09, 0x01, 0x05,
    0x01, 0x06, 0x03, 0x05, 0x01, 0x06, 0x02, 0x09, 0x01, 0x06, 0x01, 0x09, 0x01, 0x06, 0x02, 0x09, 0x01, 0x0d, 0x01, 0x06,
    0x01, 0x07, 0x01, 0x08, 0x01, 0x0c, 0x01, 0x0e, 0x06, 0x0b, 0x01, 0x0f, 0x01, 0x09, 0x01, 0x04, 0x01, 0x05, 0x11, 0x00,
    0x10, 0x00, 0x01, 0x0b, 0x01, 0x0f, 0x02, 0x0b, 0x01, 0x0a, 0x01, 0x0d, 0x01, 0x09, 0x01, 0x0f, 0x01, 0x0e, 0x01, 0x09,
    0x01, 0x06, 0x05, 0x05, 0x01, 0x06, 0x02, 0x05, 0x01, 0x09, 0x01, 0x0e, 0x01, 0x09, 0x01, 0x06, 0x01, 0x0d, 0x02, 0x05,
    0x01, 0x06, 0x01, 0x0d, 0x01, 0x0b, 0x02, 0x0a, 0x01, 0x0b, 0x01, 0x0a, 0x01, 0x0b, 0x01, 0x0d, 0x01, 0x0f, 0x01, 0x09,
    0x01, 0x05, 0x12, 0x00, 0x11, 0x00, 0x01, 0x0f, 0x01, 0x0d, 0x03, 0x0b, 0x01, 0x0d, 0x01, 0x0e, 0x01, 0x0c, 0x02, 0x0b,
    0x02, 0x09, 0x03, 0x06, 0x01, 0x0d, 0x03, 0x09, 0x01, 0x0e, 0x01, 0x0d, 0x01, 0x0b, 0x01, 0x0c, 0x02, 0x0b, 0x01, 0x0f,
    0x01, 0x0d, 0x05, 0x0b, 0x01, 0x0d, 0x01, 0x0f, 0x01, 0x0e, 0x01, 0x05, 0x01, 0x06, 0x12, 0x00, 0x12, 0x00, 0x01, 0x0e,
    0x02, 0x0b, 0x01, 0x06, 0x01, 0x08, 0x01, 0x0c, 0x01, 0x08, 0x02, 0x07, 0x01, 0x08, 0x05, 0x0c, 0x01, 0x0d, 0x01, 0x0b,
    0x01, 0x06, 0x01, 0x05, 0x01, 0x0c, 0x01, 0x08, 0x02, 0x0c, 0x01, 0x0a, 0x01, 0x06, 0x02, 0x0a, 0x03, 0x0b, 0x01, 0x0e,
    0x02, 0x0f, 0x01, 0x0d, 0x14, 0x00, 0x12, 0x00, 0x02, 0x0e, 0x02, 0x06, 0x03, 0x08, 0x02, 0x07, 0x04, 0x08, 0x02, 0x07,
    0x01, 0x08, 0x01, 0x06, 0x02, 0x05, 0x01, 0x06, 0x04, 0x08, 0x01, 0x04, 0x01, 0x09, 0x01, 0x0d, 0x02, 0x0b, 0x01, 0x0e,
    0x03, 0x0f, 0x15, 0x00, 0x13, 0x00, 0x01, 0x0e, 0x01, 0x09, 0x03, 0x08, 0x03, 0x07, 0x04, 0x08, 0x02, 0x07, 0x01, 0x08,
    0x04, 0x05, 0x01, 0x06, 0x03, 0x08, 0x01, 0x06, 0x01, 0x04, 0x02, 0x0d, 0x01, 0x0e, 0x02, 0x0f, 0x17, 0x00, 0x13, 0x00,
    0x01, 0x09, 0x01, 0x0a, 0x01, 0x08, 0x02, 0x07, 0x06, 0x08, 0x03, 0x07, 0x01, 0x08, 0x04, 0x05, 0x01, 0x06, 0x01, 0x08,
    0x01, 0x07, 0x02, 0x08, 0x02, 0x06, 0x03, 0x0f, 0x18, 0x00, 0x14, 0x00, 0x01, 0x0d, 0x01, 0x0c, 0x01, 0x08, 0x01, 0x07,
    0x02, 0x08, 0x01, 0x0c, 0x03, 0x08, 0x01, 0x07, 0x03, 0x08, 0x04, 0x05, 0x01, 0x0a, 0x01, 0x08, 0x02, 0x07, 0x01, 0x08,
    0x01, 0x0c, 0x01, 0x09, 0x01, 0x0a, 0x01, 0x0f, 0x01, 0x0c, 0x18, 0x00, 0x14, 0x00, 0x01, 0x0d, 0x01, 0x0c, 0x03, 0x08,
    0x01, 0x07, 0x01, 0x08, 0x01, 0x0c, 0x01, 0x0d, 0x05, 0x0c, 0x01, 0x0a, 0x01, 0x0d, 0x02, 0x09, 0x01, 0x0c, 0x02, 0x07,
    0x02, 0x08, 0x02, 0x0c, 0x02, 0x0d, 0x01, 0x0c, 0x18, 0x00, 0x14, 0x00, 0x02, 0x0c, 0x02, 0x08, 0x03, 0x07, 0x01, 0x08,
    0x01, 0x0c, 0x01, 0x0d, 0x02, 0x0f, 0x01, 0x0e, 0x02, 0x0c, 0x04, 0x08, 0x02, 0x07, 0x02, 0x08, 0x02, 0x0c, 0x01, 0x0d,
    0x02, 0x0c, 0x18, 0x00, 0x14, 0x00, 0x02, 0x0c, 0x01, 0x08, 0x01, 0x07, 0x01, 0x08, 0x01, 0x07, 0x01, 0x08, 0x01, 0x07,
    0x01, 0x08, 0x01, 0x0c, 0x01, 0x0d, 0x01, 0x0e, 0x01, 0x0f, 0x01, 0x0c, 0x02, 0x08, 0x02, 0x07, 0x01, 0x08, 0x03, 0x07,
    0x02, 0x08, 0x01, 0x0c, 0x01, 0x0d, 0x02, 0x0c, 0x18, 0x00, 0x14, 0x00, 0x01, 0x09, 0x01, 0x0b, 0x01, 0x0c, 0x02, 0x08,
    0x01, 0x07, 0x03, 0x08, 0x02, 0x0c, 0x01, 0x0e, 0x01, 0x0f, 0x01, 0x0c, 0x02, 0x08, 0x03, 0x07, 0x02, 0x08, 0x01, 0x07,
    0x01, 0x08, 0x02, 0x0c, 0x01, 0x0d, 0x01, 0x0b, 0x01, 0x0a, 0x18, 0x00, 0x14, 0x00, 0x01, 0x06, 0x02, 0x05, 0x01, 0x06,
    0x05, 0x08, 0x01, 0x0c, 0x01, 0x0d, 0x01, 0x0b, 0x02, 0x0d, 0x02, 0x0c, 0x06, 0x08, 0x02, 0x06, 0x01, 0x05, 0x01, 0x06,
    0x02, 0x09, 0x18, 0x00, 0x15, 0x00, 0x01, 0x0a, 0x01, 0x06, 0x01, 0x05, 0x03, 0x04, 0x02, 0x05, 0x02, 0x06, 0x01, 0x09,
    0x01, 0x0e, 0x04, 0x05, 0x06, 0x04, 0x01, 0x05, 0x01, 0x06, 0x01, 0x0b, 0x02, 0x0f, 0x18, 0x00, 0x15, 0x00, 0x01, 0x0f,
    0x01, 0x0d, 0x01, 0x0b, 0x02, 0x0a, 0x01, 0x09, 0x01, 0x0a, 0x01, 0x0d, 0x03, 0x0e, 0x01, 0x0f, 0x01, 0x00, 0x01, 0x06,
    0x04, 0x09, 0x01, 0x06, 0x02, 0x09, 0x01, 0x0a, 0x01, 0x0b, 0x01, 0x0e, 0x01, 0x0f, 0x01, 0x0e, 0x01, 0x0f, 0x18, 0x00,
    0x15, 0x00, 0x01, 0x0e, 0x01, 0x0b, 0x02, 0x0a, 0x01, 0x0b, 0x01, 0x0d, 0x01, 0x0e, 0x02, 0x0d, 0x01, 0x0e, 0x01, 0x0f,
    0x01, 0x0e, 0x02, 0x00, 0x03, 0x0f, 0x01, 0x0e, 0x03, 0x0b, 0x02, 0x0a, 0x02, 0x0d, 0x02, 0x0f, 0x18, 0x00, 0x15, 0x00,
    0x02, 0x0e, 0x01, 0x0d, 0x02, 0x0b, 0x01, 0x0e, 0x01, 0x0d, 0x02, 0x0b, 0x03, 0x0e, 0x03, 0x00, 0x01, 0x0e, 0x01, 0x0f,
    0x01, 0x0e, 0x02, 0x0b, 0x02, 0x0a, 0x01, 0x0e, 0x01, 0x0d, 0x01, 0x0a, 0x01, 0x0d, 0x01, 0x0e, 0x01, 0x0f, 0x17, 0x00,
    0x15, 0x00, 0x05, 0x0e, 0x01, 0x0d, 0x04, 0x0b, 0x02, 0x0d, 0x03, 0x00, 0x03, 0x0f, 0x01, 0x0e, 0x01, 0x0d, 0x01, 0x0b,
    0x02, 0x0e, 0x03, 0x0b, 0x01, 0x0e, 0x01, 0x0f, 0x17, 0x00, 0x16, 0x00, 0x01, 0x0d, 0x01, 0x0b, 0x01, 0x0d, 0x03, 0x0b,
    0x02, 0x0a, 0x01, 0x0b, 0x02, 0x0d, 0x03, 0x00, 0x03, 0x0e, 0x03, 0x0f, 0x01, 0x0e, 0x04, 0x0b, 0x01, 0x0d, 0x01, 0x0f,
    0x17, 0x00, 0x16, 0x00, 0x01, 0x0e, 0x01, 0x0d, 0x06, 0x0b, 0x01, 0x0d, 0x02, 0x0e, 0x04, 0x00, 0x02, 0x0e, 0x03, 0x0d,
    0x01, 0x0b, 0x02, 0x0a, 0x01, 0x0b, 0x01, 0x0d, 0x01, 0x0e, 0x01, 0x0f, 0x17, 0x00, 0x17, 0x00, 0x01, 0x0e, 0x05, 0x0b,
    0x01, 0x0d, 0x01, 0x0e, 0x01, 0x0f, 0x05, 0x00, 0x02, 0x0f, 0x01, 0x0d, 0x03, 0x0b, 0x01, 0x0a, 0x02, 0x0b, 0x01, 0x0d,
    0x02, 0x0f, 0x17, 0x00, 0x17, 0x00, 0x01, 0x0f, 0x03, 0x0b, 0x01, 0x0d, 0x01, 0x0b, 0x03, 0x0e, 0x06, 0x00, 0x01, 0x0e,
    0x01, 0x0d, 0x06, 0x0b, 0x01, 0x0e, 0x01, 0x0f, 0x18, 0x00, 0x17, 0x00, 0x01, 0x0e, 0x02, 0x0d, 0x01, 0x0a, 0x01, 0x0b,
    0x01, 0x0a, 0x01, 0x0d, 0x02, 0x0e, 0x07, 0x00, 0x01, 0x0e, 0x01, 0x0d, 0x04, 0x0b, 0x01, 0x0d, 0x02, 0x0e, 0x18, 0x00,
    0x16, 0x00, 0x03, 0x0d, 0x01, 0x0b, 0x01, 0x0a, 0x02, 0x0b, 0x01, 0x0d, 0x01, 0x0e, 0x01, 0x0d, 0x07, 0x00, 0x01, 0x0f,
    0x01, 0x0e, 0x04, 0x0b, 0x01, 0x0d, 0x01, 0x0e, 0x01, 0x0f, 0x18, 0x00, 0x14, 0x00, 0x01, 0x0b, 0x01, 0x0d, 0x01, 0x0b,
    0x01, 0x0e, 0x01, 0x0d, 0x01, 0x0b, 0x02, 0x0a, 0x01, 0x0b, 0x02, 0x0e, 0x01, 0x0d, 0x07, 0x00, 0x01, 0x0e, 0x01, 0x0b,
    0x01, 0x0a, 0x04, 0x0b, 0x01, 0x0d, 0x01, 0x0f, 0x18, 0x00, 0x13, 0x00, 0x01, 0x0a, 0x02, 0x0b, 0x01, 0x0d, 0x03, 0x0b,
    0x01, 0x0a, 0x01, 0x0b, 0x04, 0x0e, 0x07, 0x00, 0x01, 0x0b, 0x01, 0x0a, 0x06, 0x0b, 0x01, 0x0d, 0x18, 0x00, 0x12, 0x00,
    0x01, 0x0b, 0x02, 0x0d, 0x05, 0x0b, 0x01, 0x0d, 0x01, 0x0e, 0x04, 0x0f, 0x06, 0x00, 0x05, 0x0b, 0x01, 0x0d, 0x01, 0x0a,
    0x01, 0x0d, 0x02, 0x0b, 0x18, 0x00, 0x13, 0x00, 0x01, 0x0f, 0x01, 0x0d, 0x01, 0x0e, 0x03, 0x0d, 0x01, 0x0e, 0x04, 0x0f,
    0x08, 0x00, 0x01, 0x0d, 0x01, 0x0b, 0x01, 0x0d, 0x01, 0x0b, 0x01, 0x0a, 0x01, 0x0d, 0x02, 0x0b, 0x01, 0x0d, 0x01, 0x0b,
    0x18, 0x00, 0x14, 0x00, 0x01, 0x09, 0x01, 0x0e, 0x02, 0x09, 0x03, 0x0f, 0x0b, 0x00, 0x01, 0x0f, 0x01, 0x0b, 0x03, 0x0d,
    0x01, 0x0f, 0x01, 0x0b, 0x01, 0x0d, 0x01, 0x0e, 0x01, 0x0d, 0x18, 0x00, 0x27, 0x00, 0x01, 0x0e, 0x01, 0x0f, 0x01, 0x0b,
    0x01, 0x0a, 0x01, 0x0e, 0x01, 0x09, 0x01, 0x0e, 0x01, 0x0f, 0x19, 0x00, 0x29, 0x00, 0x02, 0x09, 0x01, 0x00, 0x01, 0x09,
    0x1b, 0x00, 0x48, 0x00, 0x48, 0x00
};
const uint8_t kIdle2[] PROGMEM = {
    0x48, 0x00, 0x48, 0x00, 0x48, 0x00, 0x1f, 0x00, 0x01, 0x03, 0x28, 0x00, 0x1d, 0x00, 0x01, 0x02, 0x01, 0x01, 0x01, 0x02,
    0x28, 0x00, 0x1c, 0x00, 0x01, 0x03, 0x02, 0x01, 0x02, 0x00, 0x01, 0x02, 0x07, 0x00, 0x01, 0x0d, 0x02, 0x0e, 0x1c, 0x00,
    0x1c, 0x00, 0x01, 0x02, 0x02, 0x01, 0x01, 0x02, 0x01, 0x03, 0x01, 0x01, 0x02, 0x02, 0x01, 0x03, 0x03, 0x00, 0x03, 0x0d,
    0x01, 0x0e, 0x01, 0x0d, 0x1b, 0x00, 0x1c, 0x00, 0x01, 0x03, 0x06, 0x01, 0x01, 0x02, 0x02, 0x03, 0x01, 0x02, 0x01, 0x0f,
    0x04, 0x0e, 0x01, 0x0d, 0x01, 0x0e, 0x1a, 0x00, 0x18, 0x00, 0x01, 0x0e, 0x02, 0x0d, 0x01, 0x06, 0x02, 0x03, 0x07, 0x02,
    0x01, 0x01, 0x01, 0x02, 0x01, 0x04, 0x01, 0x0e, 0x03, 0x0f, 0x01, 0x0d, 0x01, 0x0e, 0x1a, 0x00, 0x17, 0x00, 0x01, 0x0d,
    0x02, 0x0e, 0x01, 0x0f, 0x01, 0x0a, 0x03, 0x03, 0x04, 0x02, 0x05, 0x01, 0x01, 0x03, 0x01, 0x0a, 0x02, 0x0f, 0x01, 0x0d,
    0x01, 0x0e, 0x1a, 0x00, 0x16, 0x00, 0x02, 0x0e, 0x02, 0x0f, 0x01, 0x0e, 0x01, 0x03, 0x0d, 0x01, 0x01, 0x02, 0x01, 0x06,
    0x01, 0x0f, 0x01, 0x0d, 0x01, 0x0f, 0x07, 0x00, 0x01, 0x05, 0x01, 0x04, 0x01, 0x05, 0x10, 0x00, 0x16, 0x00, 0x02, 0x0e,
    0x02, 0x0f, 0x01, 0x04, 0x0c, 0x01, 0x02, 0x02, 0x01, 0x01, 0x01, 0x03, 0x01, 0x0a, 0x02, 0x0f, 0x06, 0x00, 0x01, 0x06,
    0x01, 0x04, 0x01, 0x05, 0x01, 0x09, 0x10, 0x00, 0x16, 0x00, 0x01, 0x0e, 0x01, 0x0d, 0x01, 0x0f, 0x01, 0x0a, 0x01, 0x02,
    0x01, 0x01, 0x01, 0x02, 0x02, 0x01, 0x01, 0x02, 0x03, 0x01, 0x03, 0x02, 0x01, 0x01, 0x03, 0x02, 0x01, 0x01, 0x01, 0x03,
    0x01, 0x04, 0x07, 0x00, 0x01, 0x05, 0x01, 0x04, 0x01, 0x06, 0x01, 0x0e, 0x10, 0x00, 0x16, 0x00, 0x01, 0x0f, 0x01, 0x0e,
    0x01, 0x0f, 0x01, 0x04, 0x01, 0x01, 0x01, 0x02, 0x02, 0x01, 0x02, 0x02, 0x02, 0x01, 0x03, 0x02, 0x02, 0x03, 0x05, 0x01,
    0x01, 0x02, 0x01, 0x04, 0x05, 0x00, 0x01, 0x05, 0x01, 0x04, 0x01, 0x05, 0x01, 0x0b, 0x11, 0x00, 0x17, 0x00, 0x01, 0x0f,
    0x01, 0x0a, 0x01, 0x03, 0x01, 0x01, 0x02, 0x02, 0x01, 0x03, 0x01, 0x02, 0x03, 0x01, 0x01, 0x02, 0x02, 0x03, 0x01, 0x05,
    0x01, 0x0e, 0x01, 0x06, 0x01, 0x03, 0x01, 0x01, 0x02, 0x02, 0x01, 0x01, 0x01, 0x03, 0x04, 0x00, 0x01, 0x09, 0x02, 0x05,
    0x01, 0x0b, 0x12, 0x00, 0x18, 0x00, 0x01, 0x03, 0x02, 0x01, 0x02, 0x03, 0x01, 0x01, 0x01, 0x03, 0x01, 0x02, 0x01, 0x01,
    0x01, 0x02, 0x01, 0x01, 0x01, 0x04, 0x02, 0x0f, 0x01, 0x0d, 0x01, 0x0e, 0x01, 0x0d, 0x01, 0x03, 0x01, 0x01, 0x02, 0x02,
    0x01, 0x01, 0x01, 0x02, 0x03, 0x00, 0x01, 0x09, 0x01, 0x05, 0x01, 0x06, 0x01, 0x09, 0x12, 0x00, 0x18, 0x00, 0x01, 0x03,
    0x02, 0x01, 0x01, 0x03, 0x02, 0x04, 0x01, 0x06, 0x01, 0x02, 0x01, 0x01, 0x01, 0x02, 0x01, 0x01, 0x01, 0x04, 0x01, 0x0f,
    0x01, 0x0b, 0x01, 0x0d, 0x01, 0x0b, 0x01, 0x0e, 0x01, 0x06, 0x01, 0x01, 0x01, 0x02, 0x01, 0x01, 0x01, 0x03, 0x01, 0x04,
    0x02, 0x00, 0x02, 0x05, 0x01, 0x09, 0x01, 0x0d, 0x01, 0x06, 0x12, 0x00, 0x18, 0x00, 0x01, 0x03, 0x01, 0x01, 0x01, 0x02,
    0x01, 0x0b, 0x03, 0x0f, 0x01, 0x03, 0x03, 0x01, 0x01, 0x03, 0x01, 0x0f, 0x01, 0x0e, 0x01, 0x0b, 0x01, 0x0e, 0x01, 0x0f,
    0x01, 0x0d, 0x01, 0x02, 0x01, 0x01, 0x03, 0x02, 0x02, 0x00, 0x02, 0x05, 0x01, 0x0a, 0x01, 0x0e, 0x01, 0x0a, 0x12, 0x00,
    0x18, 0x00, 0x01, 0x02, 0x01, 0x01, 0x01, 0x04, 0x01, 0x0f, 0x02, 0x0b, 0x01, 0x0f, 0x01, 0x04, 0x01, 0x01, 0x02, 0x03,
    0x01, 0x01, 0x01, 0x03, 0x01, 0x0d, 0x03, 0x0f, 0x01, 0x04, 0x03, 0x01, 0x01, 0x02, 0x01, 0x03, 0x01, 0x00, 0x01, 0x05,
    0x01, 0x04, 0x01, 0x09, 0x01, 0x00, 0x01, 0x09, 0x01, 0x05, 0x01, 0x04, 0x11, 0x00, 0x17, 0x00, 0x01, 0x03, 0x02, 0x01,
    0x01, 0x04, 0x01, 0x0f, 0x01, 0x0d, 0x01, 0x0e, 0x01, 0x0f, 0x01, 0x03, 0x01, 0x04, 0x01, 0x0f, 0x01, 0x04, 0x03, 0x01,
    0x01, 0x03, 0x01, 0x04, 0x01, 0x03, 0x01, 0x01, 0x02, 0x02, 0x01, 0x01, 0x01, 0x03, 0x01, 0x00, 0x01, 0x06, 0x01, 0x05,
    0x01, 0x09, 0x01, 0x0d, 0x01, 0x00, 0x01, 0x09, 0x01, 0x05, 0x01, 0x04, 0x11, 0x00, 0x17, 0x00, 0x01, 0x04, 0x01, 0x03,
    0x01, 0x01, 0x01, 0x04, 0x03, 0x0f, 0x01, 0x06, 0x01, 0x01, 0x02, 0x02, 0x02, 0x01, 0x01, 0x02, 0x01, 0x03, 0x03, 0x01,
    0x02, 0x02, 0x01, 0x01, 0x02, 0x04, 0x01, 0x09, 0x02, 0x05, 0x01, 0x0b, 0x02, 0x00, 0x01, 0x09, 0x03, 0x04, 0x10, 0x00,
    0x17, 0x00, 0x01, 0x03, 0x01, 0x02, 0x01, 0x01, 0x01, 0x02, 0x01, 0x05, 0x01, 0x0b, 0x01, 0x05, 0x02, 0x02, 0x01, 0x01,
    0x01, 0x02, 0x01, 0x03, 0x01, 0x02, 0x02, 0x03, 0x04, 0x01, 0x01, 0x03, 0x01, 0x05, 0x01, 0x0f, 0x01, 0x0e, 0x01, 0x09,
    0x01, 0x05, 0x01, 0x09, 0x03, 0x00, 0x01, 0x09, 0x02, 0x04, 0x01, 0x05, 0x10, 0x00, 0x18, 0x00, 0x01, 0x03, 0x01, 0x02,
    0x01, 0x01, 0x02, 0x02, 0x02, 0x01, 0x03, 0x03, 0x02, 0x02, 0x02, 0x01, 0x01, 0x02, 0x02, 0x03, 0x01, 0x05, 0x01, 0x0b,
    0x01, 0x0e, 0x01, 0x0a, 0x01, 0x08, 0x01, 0x0a, 0x01, 0x09, 0x01, 0x0e, 0x02, 0x00, 0x02, 0x0d, 0x02, 0x05, 0x01, 0x09,
    0x10, 0x00, 0x18, 0x00, 0x01, 0x0a, 0x01, 0x05, 0x02, 0x02, 0x06, 0x01, 0x03, 0x02, 0x01, 0x04, 0x02, 0x09, 0x01, 0x0f,
    0x01, 0x0d, 0x02, 0x06, 0x01, 0x08, 0x01, 0x0c, 0x02, 0x09, 0x03, 0x00, 0x03, 0x09, 0x01, 0x06, 0x11, 0x00, 0x17, 0x00,
    0x01, 0x04, 0x01, 0x07, 0x01, 0x0f, 0x01, 0x0b, 0x02, 0x04, 0x01, 0x03, 0x02, 0x04, 0x01, 0x03, 0x01, 0x04, 0x01, 0x0a,
    0x02, 0x09, 0x01, 0x0d, 0x01, 0x0e, 0x01, 0x0d, 0x02, 0x06, 0x01, 0x07, 0x01, 0x0c, 0x01, 0x0d, 0x01, 0x0c, 0x01, 0x0d,
    0x01, 0x0b, 0x03, 0x00, 0x02, 0x06, 0x13, 0x00, 0x17, 0x00, 0x01, 0x04, 0x01, 0x05, 0x01, 0x0c, 0x01, 0x0e, 0x01, 0x0f,
    0x01, 0x0e, 0x01, 0x0b, 0x01, 0x0f, 0x02, 0x0e, 0x01, 0x0d, 0x01, 0x0b, 0x01, 0x0d, 0x01, 0x0e, 0x01, 0x0b, 0x02, 0x05,
    0x01, 0x06, 0x01, 0x08, 0x03, 0x0c, 0x02, 0x07, 0x02, 0x0c, 0x03, 0x00, 0x01, 0x04, 0x13, 0x00, 0x17, 0x00, 0x01, 0x0e,
    0x01, 0x09, 0x01, 0x07, 0x01, 0x0e, 0x01, 0x0f, 0x01, 0x04, 0x01, 0x03, 0x01, 0x04, 0x01, 0x09, 0x02, 0x0d, 0x01, 0x0b,
    0x01, 0x09, 0x01, 0x04, 0x02, 0x03, 0x02, 0x06, 0x01, 0x08, 0x01, 0x0c, 0x01, 0x08, 0x01, 0x07, 0x02, 0x08, 0x03, 0x0c,
    0x01, 0x06, 0x01, 0x04, 0x02, 0x05, 0x12, 0x00, 0x16, 0x00, 0x02, 0x08, 0x01, 0x0c, 0x01, 0x09, 0x01, 0x0e, 0x01, 0x09,
    0x01, 0x03, 0x01, 0x01, 0x02, 0x02, 0x01, 0x04, 0x01, 0x05, 0x01, 0x03, 0x01, 0x02, 0x01, 0x01, 0x01, 0x02, 0x01, 0x05,
    0x01, 0x08, 0x01, 0x06, 0x02, 0x0c, 0x05, 0x07, 0x01, 0x08, 0x02, 0x07, 0x02, 0x05, 0x13, 0x00, 0x15, 0x00, 0x02, 0x08,
    0x01, 0x0c, 0x01, 0x08, 0x01, 0x0a, 0x01, 0x09, 0x01, 0x05, 0x03, 0x02, 0x05, 0x01, 0x01, 0x02, 0x01, 0x04, 0x02, 0x05,
    0x01, 0x07, 0x01, 0x08, 0x09, 0x07, 0x01, 0x0c, 0x14, 0x00, 0x15, 0x00, 0x01, 0x08, 0x01, 0x0c, 0x01, 0x08, 0x01, 0x07,
    0x01, 0x0b, 0x02, 0x05, 0x01, 0x03, 0x01, 0x01, 0x04, 0x02, 0x01, 0x01, 0x01, 0x02, 0x01, 0x04, 0x02, 0x05, 0x01, 0x06,
    0x01, 0x08, 0x03, 0x07, 0x02, 0x08, 0x01, 0x07, 0x01, 0x08, 0x03, 0x07, 0x01, 0x0c, 0x14, 0x00, 0x14, 0x00, 0x01, 0x08,
    0x01, 0x07, 0x01, 0x0c, 0x02, 0x08, 0x01, 0x06, 0x02, 0x05, 0x01, 0x03, 0x03, 0x01, 0x01, 0x02, 0x01, 0x01, 0x01, 0x02,
    0x01, 0x04, 0x01, 0x05, 0x01, 0x04, 0x01, 0x05, 0x01, 0x06, 0x02, 0x08, 0x01, 0x07, 0x04, 0x08, 0x04, 0x07, 0x01, 0x0c,
    0x01, 0x0e, 0x13, 0x00, 0x14, 0x00, 0x01, 0x08, 0x01, 0x07, 0x02, 0x0c, 0x01, 0x09, 0x03, 0x05, 0x01, 0x03, 0x01, 0x01,
    0x02, 0x02, 0x01, 0x01, 0x01, 0x02, 0x01, 0x04, 0x01, 0x05, 0x01, 0x04, 0x02, 0x05, 0x01, 0x06, 0x01, 0x08, 0x02, 0x07,
    0x01, 0x08, 0x02, 0x0c, 0x01, 0x07, 0x01, 0x08, 0x04, 0x07, 0x01, 0x0c, 0x13, 0x00, 0x13, 0x00, 0x01, 0x0c, 0x01, 0x07,
    0x01, 0x08, 0x01, 0x0c, 0x01, 0x07, 0x01, 0x06, 0x01, 0x05, 0x01, 0x04, 0x01, 0x05, 0x01, 0x04, 0x03, 0x01, 0x01, 0x03,
    0x01, 0x04, 0x01, 0x05, 0x01, 0x04, 0x03, 0x05, 0x01, 0x06, 0x01, 0x08, 0x02, 0x07, 0x01, 0x0c, 0x01, 0x0d, 0x01, 0x08,
    0x06, 0x07, 0x01, 0x08, 0x13, 0x00, 0x12, 0x00, 0x05, 0x0c, 0x01, 0x08, 0x01, 0x06, 0x02, 0x05, 0x01, 0x04, 0x01, 0x05,
    0x01, 0x03, 0x01, 0x02, 0x01, 0x03, 0x02, 0x05, 0x01, 0x04, 0x01, 0x05, 0x02, 0x04, 0x01, 0x05, 0x01, 0x06, 0x03, 0x07,
    0x01, 0x0c, 0x01, 0x0d, 0x05, 0x0c, 0x02, 0x07, 0x01, 0x08, 0x01, 0x0c, 0x12, 0x00, 0x12, 0x00, 0x01, 0x08, 0x02, 0x06,
    0x01, 0x08, 0x01, 0x0c, 0x01, 0x08, 0x01, 0x09, 0x02, 0x05, 0x04, 0x04, 0x02, 0x05, 0x01, 0x04, 0x02, 0x05, 0x01, 0x04,
    0x01, 0x05, 0x02, 0x06, 0x03, 0x07, 0x01, 0x08, 0x01, 0x0f, 0x02, 0x0c, 0x01, 0x0b, 0x01, 0x08, 0x01, 0x07, 0x01, 0x08,
    0x01, 0x0c, 0x01, 0x07, 0x01, 0x0c, 0x12, 0x00, 0x11, 0x00, 0x05, 0x04, 0x01, 0x0a, 0x01, 0x08, 0x01, 0x0a, 0x01, 0x05,
    0x01, 0x04, 0x02, 0x05, 0x01, 0x06, 0x07, 0x05, 0x01, 0x04, 0x02, 0x06, 0x03, 0x07, 0x01, 0x0c, 0x01, 0x0f, 0x01, 0x09,
    0x05, 0x04, 0x01, 0x06, 0x01, 0x08, 0x01, 0x0c, 0x12, 0x00, 0x10, 0x00, 0x02, 0x04, 0x01, 0x05, 0x03, 0x09, 0x01, 0x0a,
    0x02, 0x0b, 0x01, 0x05, 0x01, 0x04, 0x02, 0x06, 0x02, 0x04, 0x02, 0x05, 0x01, 0x04, 0x01, 0x05, 0x02, 0x04, 0x01, 0x05,
    0x02, 0x06, 0x03, 0x07, 0x01, 0x0c, 0x01, 0x0b, 0x07, 0x04, 0x01, 0x05, 0x01, 0x0c, 0x12, 0x00, 0x10, 0x00, 0x01, 0x04,
    0x01, 0x09, 0x01, 0x0f, 0x01, 0x0b, 0x01, 0x0d, 0x01, 0x0f, 0x01, 0x0c, 0x02, 0x0a, 0x01, 0x05, 0x01, 0x06, 0x01, 0x05,
    0x02, 0x04, 0x02, 0x05, 0x05, 0x04, 0x01, 0x05, 0x03, 0x06, 0x02, 0x07, 0x01, 0x0c, 0x02, 0x09, 0x03, 0x0d, 0x01, 0x0b,
    0x01, 0x05, 0x02, 0x04, 0x01, 0x06, 0x12, 0x00, 0x10, 0x00, 0x01, 0x06, 0x01, 0x0f, 0x02, 0x0b, 0x01, 0x0a, 0x01, 0x0d,
    0x01, 0x07, 0x02, 0x0d, 0x01, 0x09, 0x01, 0x0a, 0x08, 0x06, 0x01, 0x05, 0x02, 0x06, 0x02, 0x09, 0x01, 0x06, 0x03, 0x0c,
    0x01, 0x0e, 0x01, 0x0d, 0x01, 0x0a, 0x01, 0x0b, 0x01, 0x0a, 0x01, 0x0b, 0x01, 0x0e, 0x01, 0x06, 0x01, 0x04, 0x01, 0x05,
    0x01, 0x09, 0x11, 0x00, 0x10, 0x00, 0x01, 0x09, 0x01, 0x0d, 0x04, 0x0b, 0x01, 0x05, 0x01, 0x0b, 0x02, 0x09, 0x06, 0x06,
    0x06, 0x09, 0x02, 0x0b, 0x01, 0x06, 0x03, 0x0c, 0x01, 0x0d, 0x03, 0x0a, 0x02, 0x0b, 0x01, 0x0d, 0x01, 0x0e, 0x02, 0x04,
    0x01, 0x05, 0x11, 0x00, 0x10, 0x00, 0x01, 0x0b, 0x01, 0x0f, 0x01, 0x0d, 0x02, 0x0a, 0x01, 0x0b, 0x01, 0x09, 0x01, 0x0f,
    0x01, 0x0e, 0x01, 0x06, 0x06, 0x05, 0x02, 0x06, 0x01, 0x05, 0x01, 0x06, 0x02, 0x09, 0x01, 0x06, 0x01, 0x09, 0x01, 0x04,
    0x01, 0x05, 0x01, 0x06, 0x02, 0x0b, 0x02, 0x0a, 0x01, 0x0b, 0x01, 0x0a, 0x01, 0x0b, 0x01, 0x0d, 0x01, 0x0f, 0x01, 0x06,
    0x01, 0x05, 0x12, 0x00, 0x11, 0x00, 0x01, 0x0f, 0x01, 0x0d, 0x03, 0x0b, 0x01, 0x0e, 0x01, 0x0f, 0x01, 0x0c, 0x01, 0x0a,
    0x01, 0x09, 0x02, 0x06, 0x02, 0x05, 0x01, 0x06, 0x01, 0x0d, 0x01, 0x06, 0x02, 0x09, 0x01, 0x0d, 0x01, 0x09, 0x01, 0x0a,
    0x01, 0x0d, 0x02, 0x09, 0x02, 0x0d, 0x05, 0x0a, 0x01, 0x0d, 0x02, 0x0f, 0x01, 0x05, 0x01, 0x06, 0x12, 0x00, 0x12, 0x00,
    0x01, 0x0e, 0x02, 0x0b, 0x01, 0x06, 0x01, 0x08, 0x01, 0x0c, 0x02, 0x08, 0x02, 0x0c, 0x02, 0x0b, 0x01, 0x0a, 0x01, 0x0c,
    0x01, 0x0b, 0x02, 0x0d, 0x01, 0x09, 0x01, 0x06, 0x01, 0x0c, 0x01, 0x08, 0x01, 0x0c, 0x01, 0x0d, 0x01, 0x0b, 0x01, 0x09,
    0x01, 0x0b, 0x01, 0x0a, 0x01, 0x0b, 0x01, 0x0a, 0x01, 0x0b, 0x01, 0x0d, 0x01, 0x0e, 0x01, 0x0f, 0x01, 0x0a, 0x01, 0x05,
    0x13, 0x00, 0x12, 0x00, 0x01, 0x0e, 0x01, 0x0d, 0x02, 0x06, 0x03, 0x08, 0x02, 0x07, 0x04, 0x08, 0x01, 0x07, 0x01, 0x08,
    0x01, 0x0c, 0x01, 0x09, 0x02, 0x05, 0x01, 0x06, 0x04, 0x08, 0x01, 0x04, 0x01, 0x0a, 0x01, 0x0d, 0x02, 0x0b, 0x01, 0x0d,
    0x01, 0x0e, 0x02, 0x0f, 0x15, 0x00, 0x13, 0x00, 0x01, 0x0e, 0x01, 0x09, 0x02, 0x07, 0x01, 0x08, 0x03, 0x07, 0x07, 0x08,
    0x04, 0x05, 0x01, 0x06, 0x01, 0x07, 0x02, 0x08, 0x02, 0x05, 0x01, 0x0d, 0x01, 0x0b, 0x01, 0x0d, 0x01, 0x0e, 0x01, 0x0f,
    0x17, 0x00, 0x13, 0x00, 0x01, 0x09, 0x01, 0x0a, 0x01, 0x08, 0x03, 0x07, 0x02, 0x08, 0x01, 0x07, 0x02, 0x08, 0x03, 0x07,
    0x01, 0x08, 0x04, 0x05, 0x01, 0x06, 0x01, 0x08, 0x02, 0x07, 0x01, 0x08, 0x01, 0x05, 0x01, 0x09, 0x03, 0x0f, 0x18, 0x00,
    0x14, 0x00, 0x01, 0x0c, 0x01, 0x08, 0x02, 0x07, 0x06, 0x08, 0x02, 0x07, 0x02, 0x08, 0x04, 0x05, 0x01, 0x09, 0x03, 0x07,
    0x01, 0x08, 0x01, 0x0a, 0x01, 0x06, 0x01, 0x0d, 0x01, 0x0f, 0x19, 0x00, 0x14, 0x00, 0x01, 0x0d, 0x01, 0x0c, 0x01, 0x08,
    0x01, 0x07, 0x02, 0x08, 0x06, 0x0c, 0x02, 0x08, 0x01, 0x09, 0x01, 0x0a, 0x01, 0x09, 0x01, 0x06, 0x01, 0x0c, 0x02, 0x07,
    0x02, 0x08, 0x01, 0x0c, 0x02, 0x0b, 0x01, 0x0e, 0x19, 0x00, 0x14, 0x00, 0x02, 0x0c, 0x02, 0x08, 0x02, 0x07, 0x02, 0x08,
    0x01, 0x0c, 0x01, 0x0e, 0x01, 0x0f, 0x01, 0x0e, 0x01, 0x0c, 0x01, 0x08, 0x02, 0x0c, 0x03, 0x08, 0x02, 0x07, 0x01, 0x08,
    0x03, 0x0c, 0x01, 0x0d, 0x02, 0x0c, 0x18, 0x00, 0x14, 0x00, 0x01, 0x0c, 0x02, 0x08, 0x01, 0x07, 0x02, 0x08, 0x02, 0x07,
    0x01, 0x08, 0x01, 0x0c, 0x01, 0x0d, 0x01, 0x0e, 0x01, 0x0f, 0x01, 0x0c, 0x01, 0x08, 0x03, 0x07, 0x01, 0x08, 0x02, 0x07,
    0x03, 0x08, 0x04, 0x0c, 0x18, 0x00, 0x14, 0x00, 0x01, 0x0b, 0x02, 0x0c, 0x02, 0x08, 0x02, 0x07, 0x02, 0x08, 0x02, 0x0c,
    0x02, 0x0e, 0x01, 0x0c, 0x01, 0x08, 0x07, 0x07, 0x02, 0x08, 0x01, 0x0c, 0x01, 0x0e, 0x01, 0x0d, 0x01, 0x0a, 0x18, 0x00,
    0x14, 0x00, 0x01, 0x06, 0x01, 0x05, 0x01, 0x06, 0x06, 0x08, 0x01, 0x0c, 0x04, 0x0d, 0x01, 0x0c, 0x09, 0x08, 0x03, 0x06,
    0x01, 0x09, 0x18, 0x00, 0x15, 0x00, 0x02, 0x05, 0x01, 0x04, 0x04, 0x05, 0x04, 0x06, 0x01, 0x0b, 0x07, 0x06, 0x03, 0x05,
    0x01, 0x04, 0x01, 0x05, 0x01, 0x09, 0x02, 0x0d, 0x18, 0x00, 0x15, 0x00, 0x01, 0x0f, 0x01, 0x0d, 0x01, 0x09, 0x04, 0x06,
    0x01, 0x09, 0x01, 0x0a, 0x02, 0x0d, 0x01, 0x0f, 0x01, 0x00, 0x01, 0x06, 0x06, 0x05, 0x02, 0x06, 0x01, 0x0a, 0x01, 0x0e,
    0x01, 0x0f, 0x01, 0x0d, 0x01, 0x0e, 0x18, 0x00, 0x15, 0x00, 0x01, 0x0e, 0x02, 0x0a, 0x01, 0x0b, 0x02, 0x0d, 0x01, 0x0f,
    0x02, 0x0e, 0x03, 0x0f, 0x02, 0x00, 0x01, 0x0f, 0x01, 0x0d, 0x02, 0x0e, 0x01, 0x0b, 0x04, 0x0a, 0x01, 0x0b, 0x01, 0x0d,
    0x02, 0x0e, 0x18, 0x00, 0x15, 0x00, 0x01, 0x0e, 0x01, 0x0d, 0x01, 0x0b, 0x01, 0x0a, 0x01, 0x0b, 0x02, 0x0d, 0x02, 0x0b,
    0x02, 0x0e, 0x01, 0x0d, 0x03, 0x00, 0x01, 0x0d, 0x01, 0x0e, 0x01, 0x0d, 0x04, 0x0a, 0x01, 0x0b, 0x01, 0x0d, 0x01, 0x0a,
    0x02, 0x0d, 0x01, 0x0e, 0x17, 0x00, 0x15, 0x00, 0x01, 0x0f, 0x01, 0x0e, 0x01, 0x0f, 0x01, 0x0d, 0x01, 0x0e, 0x01, 0x0d,
    0x02, 0x0a, 0x04, 0x0d, 0x03, 0x00, 0x03, 0x0f, 0x01, 0x0d, 0x02, 0x0a, 0x01, 0x0d, 0x01, 0x0e, 0x01, 0x0b, 0x01, 0x0a,
    0x01, 0x0b, 0x01, 0x0d, 0x01, 0x0f, 0x17, 0x00, 0x15, 0x00, 0x01, 0x0f, 0x02, 0x0d, 0x01, 0x0e, 0x01, 0x0d, 0x01, 0x0a,
    0x01, 0x0b, 0x01, 0x0a, 0x02, 0x0b, 0x02, 0x0d, 0x03, 0x00, 0x02, 0x0d, 0x01, 0x0e, 0x01, 0x0f, 0x03, 0x0e, 0x01, 0x0b,
    0x01, 0x0a, 0x03, 0x0b, 0x01, 0x0e, 0x17, 0x00, 0x16, 0x00, 0x01, 0x0e, 0x01, 0x0b, 0x01, 0x0a, 0x05, 0x0b, 0x01, 0x0d,
    0x01, 0x0e, 0x01, 0x0d, 0x04, 0x00, 0x01, 0x0d, 0x01, 0x0e, 0x03, 0x0d, 0x01, 0x0b, 0x03, 0x0a, 0x01, 0x0b, 0x01, 0x0d,
    0x01, 0x0e, 0x17, 0x00, 0x17, 0x00, 0x01, 0x0e, 0x06, 0x0b, 0x02, 0x0e, 0x05, 0x00, 0x01, 0x0e, 0x02, 0x0d, 0x03, 0x0b,
    0x01, 0x0a, 0x01, 0x0b, 0x01, 0x0a, 0x01, 0x0d, 0x02, 0x0e, 0x17, 0x00, 0x17, 0x00, 0x01, 0x0f, 0x01, 0x0b, 0x01, 0x0a,
    0x03, 0x0b, 0x01, 0x0d, 0x02, 0x0e, 0x06, 0x00, 0x01, 0x0e, 0x01, 0x0d, 0x01, 0x0b, 0x02, 0x0a, 0x03, 0x0b, 0x01, 0x0d,
    0x01, 0x0e, 0x18, 0x00, 0x17, 0x00, 0x01, 0x0e, 0x04, 0x0b, 0x01, 0x0a, 0x03, 0x0e, 0x07, 0x00, 0x01, 0x0e, 0x01, 0x0b,
    0x04, 0x0a, 0x01, 0x0b, 0x02, 0x0d, 0x18, 0x00, 0x16, 0x00, 0x01, 0x0d, 0x03, 0x0b, 0x01, 0x0a, 0x01, 0x0b, 0x01, 0x0a,
    0x01, 0x0d, 0x01, 0x0e, 0x01, 0x0d, 0x07, 0x00, 0x01, 0x0e, 0x01, 0x0d, 0x01, 0x0a, 0x02, 0x0b, 0x01, 0x0a, 0x01, 0x0d,
    0x02, 0x0e, 0x18, 0x00, 0x14, 0x00, 0x03, 0x0b, 0x01, 0x0d, 0x01, 0x0b, 0x04, 0x0a, 0x03, 0x0d, 0x07, 0x00, 0x01, 0x0e,
    0x01, 0x0b, 0x02, 0x0a, 0x03, 0x0b, 0x01, 0x0d, 0x01, 0x0f, 0x18, 0x00, 0x13, 0x00, 0x01, 0x0a, 0x02, 0x0b, 0x01, 0x0d,
    0x02, 0x0b, 0x02, 0x0a, 0x01, 0x0b, 0x01, 0x0d, 0x03, 0x0e, 0x07, 0x00, 0x01, 0x0b, 0x03, 0x0a, 0x02, 0x0b, 0x01, 0x0a,
    0x01, 0x0b, 0x01, 0x0d, 0x18, 0x00, 0x13, 0x00, 0x01, 0x0d, 0x01, 0x0b, 0x01, 0x0d, 0x01, 0x0b, 0x02, 0x0a, 0x02, 0x0b,
    0x01, 0x0d, 0x03, 0x0e, 0x01, 0x0f, 0x07, 0x00, 0x05, 0x0b, 0x01, 0x0a, 0x01, 0x0b, 0x01, 0x0a, 0x01, 0x0b, 0x18, 0x00,
    0x12, 0x00, 0x01, 0x0f, 0x01, 0x0e, 0x01, 0x0d, 0x02, 0x0e, 0x03, 0x0d, 0x01, 0x0e, 0x03, 0x0f, 0x01, 0x0e, 0x07, 0x00,
    0x01, 0x0b, 0x01, 0x0a, 0x01, 0x0d, 0x01, 0x0b, 0x01, 0x0a, 0x01, 0x0b, 0x02, 0x0a, 0x02, 0x0b, 0x18, 0x00, 0x13, 0x00,
    0x01, 0x0e, 0x01, 0x09, 0x01, 0x0e, 0x01, 0x09, 0x01, 0x0a, 0x03, 0x0f, 0x0b, 0x00, 0x01, 0x0e, 0x01, 0x0a, 0x01, 0x0d,
    0x01, 0x0b, 0x01, 0x0a, 0x01, 0x0d, 0x01, 0x0b, 0x03, 0x0d, 0x18, 0x00, 0x17, 0x00, 0x01, 0x09, 0x0f, 0x00, 0x01, 0x0d,
    0x01, 0x0e, 0x01, 0x0a, 0x01, 0x09, 0x01, 0x0e, 0x01, 0x0a, 0x02, 0x0e, 0x01, 0x0b, 0x18, 0x00, 0x29, 0x00, 0x05, 0x09,
    0x1a, 0x00, 0x48, 0x00, 0x48, 0x00
};
const uint8_t kIdle3[] PROGMEM = {
    0x48, 0x00, 0x48, 0x00, 0x48, 0x00, 0x1e, 0x00, 0x02, 0x02, 0x01, 0x04, 0x27, 0x00, 0x1d, 0x00, 0x01, 0x03, 0x01, 0x01,
    0x01, 0x02, 0x28, 0x00, 0x1c, 0x00, 0x01, 0x02, 0x02, 0x01, 0x02, 0x02, 0x02, 0x03, 0x06, 0x00, 0x01, 0x0d, 0x01, 0x0e,
    0x01, 0x0d, 0x1c, 0x00, 0x1c, 0x00, 0x01, 0x03, 0x01, 0x01, 0x01, 0x02, 0x04, 0x01, 0x02, 0x02, 0x01, 0x04, 0x02, 0x00,
    0x05, 0x0d, 0x1b, 0x00, 0x18, 0x00, 0x01, 0x0f, 0x01, 0x0e, 0x01, 0x0d, 0x01, 0x00, 0x03, 0x02, 0x01, 0x01, 0x02, 0x02,
    0x01, 0x01, 0x01, 0x02, 0x01, 0x03, 0x02, 0x02, 0x01, 0x0b, 0x01, 0x0f, 0x01, 0x0e, 0x01, 0x0f, 0x01, 0x0e, 0x02, 0x0d,
    0x1a, 0x00, 0x17, 0x00, 0x01, 0x0d, 0x02, 0x0e, 0x01, 0x0d, 0x01, 0x0f, 0x02, 0x04, 0x01, 0x03, 0x05, 0x02, 0x03, 0x01,
    0x01, 0x03, 0x01, 0x06, 0x03, 0x0f, 0x01, 0x0e, 0x01, 0x0d, 0x01, 0x0e, 0x19, 0x00, 0x17, 0x00, 0x02, 0x0e, 0x02, 0x0f,
    0x01, 0x0a, 0x01, 0x03, 0x06, 0x02, 0x01, 0x01, 0x03, 0x02, 0x01, 0x01, 0x01, 0x02, 0x01, 0x04, 0x02, 0x0f, 0x01, 0x0d,
    0x02, 0x0e, 0x06, 0x00, 0x01, 0x05, 0x01, 0x04, 0x11, 0x00, 0x16, 0x00, 0x01, 0x0e, 0x01, 0x0d, 0x03, 0x0f, 0x01, 0x03,
    0x01, 0x01, 0x01, 0x02, 0x02, 0x01, 0x01, 0x02, 0x03, 0x01, 0x01, 0x02, 0x02, 0x01, 0x01, 0x02, 0x02, 0x01, 0x01, 0x04,
    0x01, 0x0f, 0x01, 0x0e, 0x01, 0x0f, 0x07, 0x00, 0x01, 0x05, 0x01, 0x04, 0x01, 0x06, 0x10, 0x00, 0x16, 0x00, 0x01, 0x0e,
    0x01, 0x0d, 0x02, 0x0f, 0x01, 0x04, 0x01, 0x01, 0x01, 0x02, 0x02, 0x01, 0x01, 0x02, 0x01, 0x01, 0x01, 0x02, 0x01, 0x01,
    0x03, 0x03, 0x01, 0x02, 0x01, 0x01, 0x02, 0x02, 0x01, 0x01, 0x01, 0x04, 0x02, 0x0f, 0x06, 0x00, 0x01, 0x05, 0x01, 0x04,
    0x01, 0x05, 0x01, 0x0a, 0x10, 0x00, 0x16, 0x00, 0x01, 0x0f, 0x01, 0x0d, 0x01, 0x0f, 0x01, 0x06, 0x03, 0x01, 0x04, 0x02,
    0x01, 0x01, 0x04, 0x02, 0x01, 0x04, 0x01, 0x02, 0x01, 0x01, 0x01, 0x02, 0x01, 0x01, 0x01, 0x02, 0x01, 0x03, 0x07, 0x00,
    0x02, 0x05, 0x01, 0x09, 0x11, 0x00, 0x17, 0x00, 0x02, 0x0f, 0x01, 0x03, 0x01, 0x01, 0x01, 0x02, 0x03, 0x03, 0x01, 0x02,
    0x03, 0x01, 0x02, 0x03, 0x01, 0x05, 0x01, 0x0e, 0x01, 0x09, 0x01, 0x03, 0x01, 0x01, 0x01, 0x02, 0x01, 0x01, 0x01, 0x02,
    0x01, 0x03, 0x05, 0x00, 0x01, 0x05, 0x01, 0x04, 0x01, 0x09, 0x01, 0x0e, 0x11, 0x00, 0x18, 0x00, 0x01, 0x04, 0x02, 0x01,
    0x02, 0x03, 0x01, 0x02, 0x01, 0x03, 0x01, 0x02, 0x01, 0x01, 0x01, 0x02, 0x01, 0x01, 0x01, 0x03, 0x02, 0x0f, 0x02, 0x0e,
    0x01, 0x0f, 0x01, 0x03, 0x01, 0x01, 0x01, 0x02, 0x01, 0x01, 0x01, 0x03, 0x04, 0x00, 0x01, 0x09, 0x01, 0x04, 0x01, 0x06,
    0x01, 0x0e, 0x12, 0x00, 0x18, 0x00, 0x02, 0x02, 0x01, 0x01, 0x01, 0x04, 0x01, 0x09, 0x01, 0x06, 0x01, 0x0a, 0x01, 0x02,
    0x01, 0x01, 0x01, 0x02, 0x01, 0x01, 0x01, 0x03, 0x01, 0x0f, 0x01, 0x0e, 0x01, 0x0d, 0x02, 0x0f, 0x01, 0x09, 0x04, 0x02,
    0x01, 0x03, 0x03, 0x00, 0x02, 0x06, 0x01, 0x09, 0x01, 0x06, 0x12, 0x00, 0x18, 0x00, 0x01, 0x03, 0x01, 0x01, 0x01, 0x02,
    0x01, 0x0d, 0x03, 0x0f, 0x01, 0x04, 0x03, 0x01, 0x01, 0x03, 0x02, 0x05, 0x01, 0x0d, 0x01, 0x0f, 0x01, 0x05, 0x01, 0x0f,
    0x01, 0x03, 0x02, 0x01, 0x01, 0x03, 0x01, 0x04, 0x02, 0x00, 0x02, 0x05, 0x01, 0x09, 0x01, 0x0d, 0x01, 0x09, 0x12, 0x00,
    0x18, 0x00, 0x01, 0x03, 0x01, 0x01, 0x01, 0x04, 0x01, 0x0f, 0x01, 0x0e, 0x01, 0x0d, 0x01, 0x0f, 0x01, 0x04, 0x01, 0x01,
    0x02, 0x03, 0x02, 0x02, 0x01, 0x04, 0x01, 0x0f, 0x01, 0x09, 0x01, 0x0a, 0x01, 0x0b, 0x01, 0x02, 0x01, 0x01, 0x01, 0x02,
    0x01, 0x01, 0x01, 0x03, 0x01, 0x00, 0x01, 0x05, 0x01, 0x04, 0x01, 0x05, 0x02, 0x0d, 0x01, 0x09, 0x12, 0x00, 0x18, 0x00,
    0x01, 0x02, 0x01, 0x01, 0x01, 0x05, 0x01, 0x06, 0x01, 0x04, 0x01, 0x0e, 0x01, 0x0f, 0x01, 0x03, 0x01, 0x04, 0x01, 0x0f,
    0x01, 0x04, 0x01, 0x01, 0x02, 0x02, 0x01, 0x04, 0x01, 0x09, 0x01, 0x06, 0x01, 0x03, 0x01, 0x01, 0x01, 0x02, 0x01, 0x01,
    0x01, 0x02, 0x01, 0x04, 0x01, 0x09, 0x02, 0x05, 0x01, 0x09, 0x01, 0x00, 0x01, 0x09, 0x01, 0x05, 0x01, 0x04, 0x11, 0x00,
    0x17, 0x00, 0x01, 0x03, 0x01, 0x02, 0x01, 0x01, 0x01, 0x04, 0x01, 0x0a, 0x01, 0x04, 0x01, 0x0f, 0x01, 0x05, 0x01, 0x01,
    0x01, 0x02, 0x01, 0x03, 0x03, 0x01, 0x01, 0x02, 0x04, 0x01, 0x01, 0x02, 0x01, 0x01, 0x01, 0x02, 0x01, 0x04, 0x01, 0x00,
    0x02, 0x05, 0x01, 0x09, 0x02, 0x00, 0x01, 0x09, 0x01, 0x05, 0x01, 0x04, 0x11, 0x00, 0x17, 0x00, 0x01, 0x03, 0x01, 0x02,
    0x01, 0x01, 0x01, 0x02, 0x01, 0x09, 0x01, 0x0f, 0x01, 0x06, 0x01, 0x02, 0x03, 0x01, 0x02, 0x02, 0x02, 0x03, 0x01, 0x01,
    0x02, 0x02, 0x02, 0x01, 0x01, 0x02, 0x01, 0x04, 0x01, 0x0d, 0x01, 0x09, 0x02, 0x05, 0x01, 0x09, 0x02, 0x00, 0x01, 0x09,
    0x03, 0x04, 0x10, 0x00, 0x17, 0x00, 0x02, 0x03, 0x01, 0x02, 0x01, 0x01, 0x01, 0x02, 0x01, 0x03, 0x02, 0x01, 0x06, 0x03,
    0x01, 0x02, 0x03, 0x01, 0x01, 0x02, 0x01, 0x04, 0x01, 0x0d, 0x01, 0x0f, 0x01, 0x0a, 0x02, 0x06, 0x01, 0x0d, 0x03, 0x00,
    0x01, 0x09, 0x02, 0x04, 0x01, 0x06, 0x10, 0x00, 0x18, 0x00, 0x01, 0x06, 0x01, 0x03, 0x03, 0x01, 0x01, 0x02, 0x01, 0x01,
    0x01, 0x02, 0x01, 0x03, 0x01, 0x02, 0x03, 0x01, 0x01, 0x02, 0x01, 0x03, 0x01, 0x04, 0x01, 0x05, 0x01, 0x0b, 0x01, 0x0f,
    0x01, 0x09, 0x01, 0x06, 0x02, 0x0a, 0x01, 0x09, 0x03, 0x00, 0x02, 0x09, 0x02, 0x06, 0x11, 0x00, 0x17, 0x00, 0x01, 0x04,
    0x01, 0x06, 0x01, 0x0b, 0x01, 0x04, 0x02, 0x02, 0x01, 0x01, 0x02, 0x02, 0x01, 0x01, 0x01, 0x02, 0x01, 0x04, 0x01, 0x03,
    0x01, 0x04, 0x01, 0x06, 0x03, 0x0e, 0x01, 0x09, 0x01, 0x06, 0x01, 0x07, 0x01, 0x0c, 0x01, 0x0e, 0x02, 0x09, 0x03, 0x00,
    0x02, 0x09, 0x13, 0x00, 0x17, 0x00, 0x01, 0x04, 0x01, 0x05, 0x01, 0x0c, 0x01, 0x0f, 0x01, 0x0d, 0x01, 0x09, 0x01, 0x06,
    0x02, 0x0a, 0x01, 0x06, 0x01, 0x0b, 0x01, 0x0f, 0x04, 0x0e, 0x01, 0x0a, 0x01, 0x06, 0x01, 0x07, 0x06, 0x0c, 0x04, 0x00,
    0x01, 0x04, 0x13, 0x00, 0x18, 0x00, 0x01, 0x06, 0x01, 0x07, 0x01, 0x0c, 0x01, 0x0f, 0x01, 0x09, 0x01, 0x06, 0x03, 0x0e,
    0x02, 0x0b, 0x02, 0x0e, 0x01, 0x09, 0x02, 0x04, 0x01, 0x06, 0x01, 0x07, 0x02, 0x0c, 0x01, 0x08, 0x03, 0x07, 0x02, 0x08,
    0x01, 0x00, 0x01, 0x0e, 0x01, 0x03, 0x01, 0x04, 0x12, 0x00, 0x17, 0x00, 0x01, 0x0c, 0x01, 0x0e, 0x01, 0x08, 0x01, 0x0e,
    0x01, 0x0d, 0x01, 0x04, 0x01, 0x02, 0x01, 0x03, 0x01, 0x06, 0x01, 0x0e, 0x01, 0x0f, 0x01, 0x0b, 0x01, 0x06, 0x01, 0x04,
    0x01, 0x03, 0x01, 0x04, 0x02, 0x09, 0x01, 0x0a, 0x01, 0x0c, 0x04, 0x07, 0x04, 0x08, 0x03, 0x05, 0x12, 0x00, 0x16, 0x00,
    0x02, 0x07, 0x01, 0x0c, 0x01, 0x09, 0x01, 0x0b, 0x01, 0x06, 0x01, 0x03, 0x01, 0x01, 0x02, 0x02, 0x02, 0x04, 0x01, 0x03,
    0x02, 0x01, 0x01, 0x03, 0x01, 0x05, 0x02, 0x06, 0x01, 0x0c, 0x01, 0x08, 0x05, 0x07, 0x01, 0x08, 0x03, 0x07, 0x01, 0x05,
    0x13, 0x00, 0x15, 0x00, 0x01, 0x0c, 0x01, 0x08, 0x01, 0x0c, 0x01, 0x07, 0x01, 0x0a, 0x01, 0x06, 0x01, 0x05, 0x01, 0x03,
    0x01, 0x01, 0x02, 0x02, 0x04, 0x01, 0x01, 0x03, 0x02, 0x05, 0x01, 0x06, 0x01, 0x07, 0x01, 0x0c, 0x03, 0x07, 0x01, 0x08,
    0x05, 0x07, 0x01, 0x0c, 0x14, 0x00, 0x15, 0x00, 0x01, 0x07, 0x02, 0x0c, 0x01, 0x08, 0x01, 0x0b, 0x02, 0x05, 0x01, 0x03,
    0x01, 0x01, 0x01, 0x02, 0x01, 0x01, 0x02, 0x02, 0x01, 0x01, 0x01, 0x03, 0x03, 0x05, 0x01, 0x06, 0x01, 0x08, 0x03, 0x07,
    0x02, 0x08, 0x05, 0x07, 0x01, 0x0c, 0x14, 0x00, 0x14, 0x00, 0x01, 0x08, 0x01, 0x07, 0x01, 0x0c, 0x02, 0x08, 0x01, 0x06,
    0x01, 0x05, 0x01, 0x06, 0x01, 0x03, 0x05, 0x01, 0x01, 0x03, 0x02, 0x05, 0x01, 0x04, 0x01, 0x05, 0x01, 0x06, 0x01, 0x08,
    0x02, 0x07, 0x02, 0x08, 0x01, 0x0c, 0x06, 0x07, 0x01, 0x0c, 0x13, 0x00, 0x13, 0x00, 0x01, 0x0c, 0x02, 0x08, 0x01, 0x0c,
    0x01, 0x07, 0x01, 0x06, 0x01, 0x05, 0x01, 0x04, 0x01, 0x05, 0x01, 0x04, 0x01, 0x01, 0x01, 0x02, 0x02, 0x01, 0x01, 0x03,
    0x01, 0x05, 0x01, 0x04, 0x03, 0x05, 0x01, 0x06, 0x01, 0x08, 0x02, 0x07, 0x01, 0x08, 0x02, 0x0c, 0x01, 0x07, 0x01, 0x08,
    0x04, 0x07, 0x01, 0x08, 0x13, 0x00, 0x13, 0x00, 0x02, 0x0c, 0x01, 0x08, 0x01, 0x0c, 0x01, 0x08, 0x01, 0x06, 0x01, 0x05,
    0x01, 0x04, 0x01, 0x05, 0x01, 0x04, 0x01, 0x02, 0x02, 0x01, 0x01, 0x04, 0x01, 0x05, 0x01, 0x04, 0x04, 0x05, 0x01, 0x06,
    0x03, 0x07, 0x01, 0x0c, 0x01, 0x0d, 0x02, 0x08, 0x02, 0x07, 0x02, 0x08, 0x01, 0x07, 0x01, 0x08, 0x13, 0x00, 0x12, 0x00,
    0x01, 0x0c, 0x02, 0x08, 0x02, 0x0c, 0x01, 0x08, 0x01, 0x09, 0x04, 0x05, 0x01, 0x04, 0x01, 0x03, 0x01, 0x04, 0x01, 0x05,
    0x01, 0x04, 0x02, 0x05, 0x01, 0x04, 0x01, 0x05, 0x02, 0x06, 0x03, 0x07, 0x01, 0x0c, 0x01, 0x0e, 0x06, 0x0c, 0x02, 0x07,
    0x01, 0x0c, 0x12, 0x00, 0x11, 0x00, 0x01, 0x06, 0x04, 0x04, 0x01, 0x0b, 0x02, 0x0a, 0x01, 0x05, 0x03, 0x04, 0x09, 0x05,
    0x02, 0x06, 0x03, 0x07, 0x01, 0x08, 0x01, 0x0f, 0x01, 0x0c, 0x01, 0x09, 0x01, 0x05, 0x01, 0x04, 0x02, 0x05, 0x01, 0x08,
    0x01, 0x07, 0x01, 0x0c, 0x12, 0x00, 0x10, 0x00, 0x01, 0x05, 0x02, 0x04, 0x03, 0x06, 0x02, 0x0a, 0x01, 0x0b, 0x03, 0x05,
    0x01, 0x06, 0x01, 0x05, 0x01, 0x04, 0x04, 0x05, 0x03, 0x04, 0x02, 0x06, 0x03, 0x07, 0x01, 0x0c, 0x01, 0x0e, 0x01, 0x06,
    0x06, 0x04, 0x01, 0x06, 0x01, 0x0c, 0x12, 0x00, 0x10, 0x00, 0x01, 0x04, 0x01, 0x05, 0x03, 0x0e, 0x01, 0x0f, 0x01, 0x0c,
    0x01, 0x08, 0x01, 0x0a, 0x01, 0x06, 0x01, 0x05, 0x02, 0x06, 0x01, 0x04, 0x02, 0x05, 0x02, 0x04, 0x01, 0x05, 0x02, 0x04,
    0x01, 0x05, 0x03, 0x06, 0x02, 0x07, 0x01, 0x0c, 0x01, 0x0a, 0x01, 0x05, 0x03, 0x09, 0x01, 0x06, 0x03, 0x04, 0x01, 0x09,
    0x12, 0x00, 0x10, 0x00, 0x01, 0x05, 0x02, 0x0d, 0x01, 0x0b, 0x01, 0x0a, 0x01, 0x0d, 0x01, 0x07, 0x01, 0x0b, 0x01, 0x0d,
    0x01, 0x06, 0x01, 0x08, 0x05, 0x05, 0x01, 0x04, 0x02, 0x05, 0x01, 0x04, 0x02, 0x05, 0x01, 0x06, 0x01, 0x09, 0x01, 0x06,
    0x01, 0x0c, 0x01, 0x08, 0x01, 0x0c, 0x01, 0x0d, 0x01, 0x0e, 0x05, 0x0d, 0x01, 0x05, 0x01, 0x04, 0x01, 0x05, 0x01, 0x06,
    0x11, 0x00, 0x10, 0x00, 0x01, 0x06, 0x01, 0x0e, 0x04, 0x0b, 0x01, 0x07, 0x01, 0x0d, 0x01, 0x0b, 0x02, 0x09, 0x05, 0x06,
    0x03, 0x09, 0x01, 0x06, 0x02, 0x09, 0x01, 0x0d, 0x01, 0x0e, 0x01, 0x06, 0x01, 0x08, 0x02, 0x0c, 0x01, 0x0f, 0x01, 0x0b,
    0x01, 0x0a, 0x02, 0x0b, 0x01, 0x0a, 0x01, 0x0d, 0x01, 0x0e, 0x01, 0x04, 0x01, 0x05, 0x01, 0x06, 0x11, 0x00, 0x10, 0x00,
    0x01, 0x09, 0x01, 0x0e, 0x01, 0x0d, 0x03, 0x0b, 0x01, 0x06, 0x01, 0x0e, 0x01, 0x0d, 0x01, 0x06, 0x05, 0x05, 0x01, 0x06,
    0x02, 0x09, 0x01, 0x05, 0x01, 0x09, 0x01, 0x06, 0x02, 0x09, 0x01, 0x0e, 0x01, 0x05, 0x02, 0x07, 0x02, 0x0d, 0x02, 0x0a,
    0x03, 0x0b, 0x01, 0x0d, 0x01, 0x0f, 0x01, 0x09, 0x01, 0x05, 0x01, 0x09, 0x11, 0x00, 0x11, 0x00, 0x01, 0x0f, 0x01, 0x0d,
    0x01, 0x0b, 0x01, 0x0a, 0x01, 0x0d, 0x01, 0x0e, 0x01, 0x0f, 0x01, 0x0d, 0x01, 0x09, 0x01, 0x06, 0x05, 0x05, 0x01, 0x09,
    0x02, 0x05, 0x01, 0x06, 0x03, 0x09, 0x01, 0x0e, 0x01, 0x06, 0x01, 0x05, 0x01, 0x09, 0x01, 0x0e, 0x01, 0x0b, 0x02, 0x0a,
    0x02, 0x0b, 0x01, 0x0d, 0x01, 0x0e, 0x01, 0x0f, 0x01, 0x06, 0x01, 0x05, 0x12, 0x00, 0x11, 0x00, 0x01, 0x0f, 0x01, 0x0e,
    0x01, 0x0b, 0x01, 0x0d, 0x02, 0x09, 0x03, 0x0c, 0x01, 0x0d, 0x01, 0x0a, 0x02, 0x09, 0x01, 0x06, 0x01, 0x09, 0x01, 0x0a,
    0x01, 0x09, 0x01, 0x0b, 0x01, 0x09, 0x01, 0x0a, 0x01, 0x0e, 0x01, 0x0b, 0x01, 0x0c, 0x02, 0x0d, 0x01, 0x0e, 0x01, 0x0d,
    0x01, 0x0a, 0x03, 0x0b, 0x01, 0x0d, 0x01, 0x0e, 0x01, 0x0f, 0x01, 0x0d, 0x01, 0x05, 0x13, 0x00, 0x12, 0x00, 0x01, 0x0e,
    0x01, 0x0d, 0x01, 0x09, 0x01, 0x05, 0x03, 0x08, 0x02, 0x07, 0x02, 0x08, 0x05, 0x0c, 0x01, 0x0a, 0x02, 0x05, 0x01, 0x0a,
    0x02, 0x08, 0x01, 0x0c, 0x01, 0x08, 0x01, 0x05, 0x01, 0x0a, 0x03, 0x0b, 0x01, 0x0d, 0x01, 0x0e, 0x02, 0x0f, 0x01, 0x0b,
    0x14, 0x00, 0x13, 0x00, 0x01, 0x0f, 0x01, 0x09, 0x01, 0x08, 0x01, 0x07, 0x01, 0x08, 0x02, 0x07, 0x05, 0x08, 0x02, 0x07,
    0x01, 0x08, 0x01, 0x06, 0x03, 0x05, 0x01, 0x08, 0x01, 0x07, 0x02, 0x08, 0x01, 0x04, 0x01, 0x06, 0x01, 0x0d, 0x01, 0x0b,
    0x01, 0x0d, 0x01, 0x0e, 0x02, 0x0f, 0x16, 0x00, 0x13, 0x00, 0x01, 0x0d, 0x01, 0x0a, 0x02, 0x07, 0x01, 0x08, 0x02, 0x07,
    0x05, 0x08, 0x02, 0x07, 0x01, 0x08, 0x04, 0x05, 0x01, 0x06, 0x01, 0x08, 0x01, 0x07, 0x01, 0x08, 0x01, 0x06, 0x01, 0x04,
    0x01, 0x0a, 0x02, 0x0e, 0x02, 0x0f, 0x17, 0x00, 0x14, 0x00, 0x01, 0x0d, 0x01, 0x08, 0x02, 0x07, 0x06, 0x08, 0x01, 0x07,
    0x03, 0x08, 0x04, 0x05, 0x01, 0x06, 0x01, 0x08, 0x02, 0x07, 0x01, 0x08, 0x02, 0x06, 0x01, 0x0e, 0x02, 0x0f, 0x18, 0x00,
    0x14, 0x00, 0x02, 0x0c, 0x01, 0x08, 0x01, 0x07, 0x02, 0x08, 0x02, 0x0c, 0x05, 0x08, 0x01, 0x0a, 0x01, 0x05, 0x02, 0x06,
    0x01, 0x05, 0x01, 0x0a, 0x03, 0x07, 0x01, 0x08, 0x01, 0x0c, 0x02, 0x09, 0x01, 0x0f, 0x19, 0x00, 0x14, 0x00, 0x01, 0x0c,
    0x03, 0x08, 0x02, 0x07, 0x01, 0x08, 0x01, 0x0c, 0x04, 0x0d, 0x02, 0x0c, 0x01, 0x0b, 0x01, 0x0c, 0x01, 0x09, 0x01, 0x0a,
    0x01, 0x08, 0x01, 0x07, 0x03, 0x08, 0x02, 0x0c, 0x01, 0x0d, 0x01, 0x0c, 0x19, 0x00, 0x14, 0x00, 0x01, 0x0c, 0x02, 0x08,
    0x03, 0x07, 0x01, 0x08, 0x01, 0x07, 0x02, 0x0c, 0x02, 0x0f, 0x01, 0x0e, 0x01, 0x0c, 0x01, 0x08, 0x01, 0x07, 0x03, 0x08,
    0x02, 0x07, 0x03, 0x08, 0x01, 0x0c, 0x01, 0x0d, 0x02, 0x0c, 0x18, 0x00, 0x14, 0x00, 0x02, 0x0c, 0x07, 0x08, 0x02, 0x0c,
    0x01, 0x0e, 0x01, 0x0f, 0x01, 0x0c, 0x01, 0x08, 0x04, 0x07, 0x02, 0x08, 0x02, 0x07, 0x01, 0x08, 0x02, 0x0c, 0x01, 0x0d,
    0x01, 0x0c, 0x18, 0x00, 0x14, 0x00, 0x02, 0x06, 0x06, 0x08, 0x02, 0x0c, 0x02, 0x0d, 0x01, 0x0e, 0x01, 0x0d, 0x01, 0x0c,
    0x08, 0x08, 0x01, 0x0c, 0x01, 0x08, 0x01, 0x0b, 0x02, 0x09, 0x18, 0x00, 0x14, 0x00, 0x01, 0x06, 0x01, 0x05, 0x02, 0x04,
    0x01, 0x05, 0x02, 0x06, 0x02, 0x08, 0x03, 0x09, 0x01, 0x0b, 0x01, 0x09, 0x01, 0x0a, 0x05, 0x08, 0x03, 0x06, 0x02, 0x05,
    0x01, 0x06, 0x01, 0x09, 0x01, 0x0a, 0x18, 0x00, 0x15, 0x00, 0x01, 0x0e, 0x01, 0x0b, 0x01, 0x09, 0x01, 0x06, 0x03, 0x05,
    0x01, 0x06, 0x01, 0x09, 0x01, 0x0a, 0x01, 0x0b, 0x01, 0x0f, 0x03, 0x05, 0x04, 0x04, 0x03, 0x05, 0x01, 0x06, 0x01, 0x0a,
    0x02, 0x0e, 0x01, 0x0f, 0x18, 0x00, 0x15, 0x00, 0x01, 0x0f, 0x03, 0x0b, 0x02, 0x0d, 0x01, 0x0e, 0x05, 0x0f, 0x02, 0x00,
    0x03, 0x0b, 0x01, 0x0a, 0x01, 0x09, 0x01, 0x0a, 0x03, 0x0b, 0x02, 0x0e, 0x01, 0x0d, 0x01, 0x0e, 0x18, 0x00, 0x15, 0x00,
    0x01, 0x0e, 0x01, 0x0d, 0x01, 0x0b, 0x02, 0x0a, 0x01, 0x0d, 0x01, 0x0e, 0x01, 0x0d, 0x01, 0x0b, 0x01, 0x0e, 0x01, 0x0f,
    0x01, 0x0e, 0x02, 0x00, 0x01, 0x0f, 0x02, 0x0e, 0x01, 0x0d, 0x04, 0x0a, 0x01, 0x0b, 0x02, 0x0d, 0x03, 0x0e, 0x17, 0x00,
    0x15, 0x00, 0x03, 0x0e, 0x01, 0x0d, 0x02, 0x0e, 0x02, 0x0b, 0x01, 0x0d, 0x03, 0x0e, 0x03, 0x00, 0x03, 0x0f, 0x04, 0x0b,
    0x01, 0x0e, 0x01, 0x0b, 0x01, 0x0a, 0x01, 0x0d, 0x01, 0x0e, 0x01, 0x0f, 0x17, 0x00, 0x15, 0x00, 0x01, 0x0f, 0x02, 0x0d,
    0x02, 0x0e, 0x05, 0x0b, 0x02, 0x0d, 0x03, 0x00, 0x02, 0x0e, 0x02, 0x0f, 0x02, 0x0d, 0x01, 0x0f, 0x01, 0x0d, 0x03, 0x0b,
    0x01, 0x0d, 0x01, 0x0e, 0x17, 0x00, 0x16, 0x00, 0x01, 0x0e, 0x03, 0x0a, 0x05, 0x0b, 0x02, 0x0e, 0x03, 0x00, 0x05, 0x0e,
    0x01, 0x0f, 0x01, 0x0d, 0x02, 0x0a, 0x02, 0x0b, 0x01, 0x0d, 0x01, 0x0e, 0x17, 0x00, 0x16, 0x00, 0x01, 0x0e, 0x01, 0x0d,
    0x05, 0x0b, 0x01, 0x0d, 0x02, 0x0e, 0x01, 0x0f, 0x04, 0x00, 0x02, 0x0e, 0x01, 0x0d, 0x02, 0x0b, 0x01, 0x0a, 0x03, 0x0b,
    0x01, 0x0d, 0x01, 0x0e, 0x01, 0x0f, 0x17, 0x00, 0x17, 0x00, 0x01, 0x0f, 0x05, 0x0b, 0x01, 0x0d, 0x02, 0x0f, 0x06, 0x00,
    0x01, 0x0e, 0x01, 0x0d, 0x01, 0x0b, 0x01, 0x0a, 0x04, 0x0b, 0x01, 0x0d, 0x01, 0x0f, 0x18, 0x00, 0x17, 0x00, 0x01, 0x0f,
    0x02, 0x0d, 0x01, 0x0b, 0x01, 0x0d, 0x01, 0x0b, 0x02, 0x0e, 0x01, 0x0f, 0x06, 0x00, 0x01, 0x0e, 0x01, 0x0d, 0x01, 0x0b,
    0x02, 0x0a, 0x03, 0x0b, 0x01, 0x0e, 0x01, 0x0f, 0x18, 0x00, 0x16, 0x00, 0x01, 0x0e, 0x03, 0x0d, 0x03, 0x0b, 0x03, 0x0e,
    0x07, 0x00, 0x01, 0x0f, 0x01, 0x0d, 0x04, 0x0b, 0x02, 0x0d, 0x01, 0x0e, 0x18, 0x00, 0x15, 0x00, 0x02, 0x0d, 0x01, 0x0b,
    0x01, 0x0d, 0x03, 0x0b, 0x01, 0x0d, 0x03, 0x0e, 0x07, 0x00, 0x01, 0x0e, 0x01, 0x0d, 0x04, 0x0b, 0x01, 0x0d, 0x02, 0x0e,
    0x18, 0x00, 0x13, 0x00, 0x01, 0x0a, 0x02, 0x0b, 0x02, 0x0d, 0x02, 0x0b, 0x02, 0x0a, 0x01, 0x0b, 0x03, 0x0e, 0x07, 0x00,
    0x01, 0x0d, 0x02, 0x0b, 0x01, 0x0a, 0x04, 0x0b, 0x01, 0x0e, 0x18, 0x00, 0x13, 0x00, 0x03, 0x0b, 0x01, 0x0d, 0x04, 0x0a,
    0x01, 0x0b, 0x01, 0x0e, 0x01, 0x0f, 0x02, 0x0e, 0x07, 0x00, 0x07, 0x0b, 0x01, 0x0a, 0x01, 0x0b, 0x18, 0x00, 0x12, 0x00,
    0x01, 0x09, 0x01, 0x0e, 0x01, 0x0d, 0x01, 0x0e, 0x01, 0x0d, 0x02, 0x0b, 0x02, 0x0d, 0x01, 0x0e, 0x02, 0x0f, 0x01, 0x0e,
    0x07, 0x00, 0x02, 0x0a, 0x03, 0x0b, 0x01, 0x0d, 0x01, 0x0a, 0x01, 0x0d, 0x02, 0x0b, 0x18, 0x00, 0x13, 0x00, 0x01, 0x0e,
    0x01, 0x0b, 0x01, 0x0e, 0x01, 0x0b, 0x01, 0x0d, 0x02, 0x0e, 0x03, 0x0f, 0x09, 0x00, 0x01, 0x0d, 0x01, 0x0a, 0x01, 0x0d,
    0x02, 0x0b, 0x01, 0x0d, 0x01, 0x0b, 0x03, 0x0d, 0x18, 0x00, 0x14, 0x00, 0x01, 0x05, 0x01, 0x0b, 0x02, 0x09, 0x02, 0x0f,
    0x0c, 0x00, 0x01, 0x0e, 0x01, 0x0d, 0x01, 0x0e, 0x02, 0x0d, 0x01, 0x0e, 0x01, 0x0b, 0x03, 0x0e, 0x18, 0x00, 0x27, 0x00,
    0x01, 0x0e, 0x01, 0x0b, 0x01, 0x09, 0x01, 0x0a, 0x01, 0x0e, 0x01, 0x0a, 0x01, 0x0e, 0x01, 0x0f, 0x19, 0x00, 0x48, 0x00,
    0x48, 0x00, 0x48, 0x00
};
const uint8_t kIdle4[] PROGMEM = {
    0x48, 0x00, 0x48, 0x00, 0x48, 0x00, 0x1e, 0x00, 0x01, 0x02, 0x01, 0x03, 0x28, 0x00, 0x1d, 0x00, 0x01, 0x02, 0x01, 0x01,
    0x01, 0x03, 0x28, 0x00, 0x1c, 0x00, 0x01, 0x02, 0x02, 0x01, 0x01, 0x02, 0x02, 0x03, 0x01, 0x01, 0x04, 0x00, 0x04, 0x0e,
    0x01, 0x0d, 0x1c, 0x00, 0x1c, 0x00, 0x03, 0x02, 0x01, 0x01, 0x01, 0x02, 0x02, 0x01, 0x02, 0x03, 0x01, 0x01, 0x02, 0x0d,
    0x03, 0x0e, 0x01, 0x0d, 0x01, 0x0e, 0x1b, 0x00, 0x1c, 0x00, 0x01, 0x03, 0x02, 0x01, 0x02, 0x02, 0x01, 0x01, 0x02, 0x02,
    0x01, 0x01, 0x01, 0x02, 0x01, 0x06, 0x04, 0x0f, 0x02, 0x0e, 0x1b, 0x00, 0x1c, 0x00, 0x01, 0x04, 0x01, 0x03, 0x05, 0x02,
    0x01, 0x01, 0x03, 0x02, 0x01, 0x03, 0x01, 0x0a, 0x02, 0x0f, 0x01, 0x0d, 0x01, 0x0f, 0x1b, 0x00, 0x17, 0x00, 0x01, 0x0e,
    0x01, 0x0d, 0x01, 0x0e, 0x01, 0x0d, 0x01, 0x03, 0x01, 0x02, 0x01, 0x03, 0x02, 0x02, 0x01, 0x01, 0x01, 0x02, 0x04, 0x01,
    0x01, 0x02, 0x01, 0x01, 0x01, 0x02, 0x01, 0x05, 0x01, 0x0f, 0x01, 0x0d, 0x01, 0x0f, 0x08, 0x00, 0x01, 0x05, 0x01, 0x04,
    0x11, 0x00, 0x16, 0x00, 0x02, 0x0d, 0x01, 0x0e, 0x01, 0x0f, 0x01, 0x05, 0x01, 0x02, 0x06, 0x01, 0x01, 0x02, 0x01, 0x03,
    0x04, 0x02, 0x01, 0x01, 0x01, 0x02, 0x01, 0x05, 0x02, 0x0f, 0x07, 0x00, 0x01, 0x05, 0x01, 0x04, 0x01, 0x05, 0x01, 0x09,
    0x10, 0x00, 0x16, 0x00, 0x01, 0x0e, 0x02, 0x0f, 0x01, 0x0e, 0x01, 0x03, 0x03, 0x01, 0x01, 0x02, 0x02, 0x01, 0x01, 0x02,
    0x01, 0x03, 0x01, 0x02, 0x02, 0x03, 0x01, 0x02, 0x01, 0x01, 0x01, 0x02, 0x01, 0x01, 0x01, 0x02, 0x01, 0x04, 0x08, 0x00,
    0x01, 0x05, 0x01, 0x04, 0x01, 0x06, 0x01, 0x0e, 0x10, 0x00, 0x15, 0x00, 0x02, 0x0d, 0x02, 0x0f, 0x01, 0x04, 0x02, 0x01,
    0x02, 0x02, 0x03, 0x01, 0x03, 0x02, 0x01, 0x03, 0x01, 0x09, 0x01, 0x06, 0x01, 0x03, 0x01, 0x01, 0x01, 0x02, 0x02, 0x01,
    0x01, 0x03, 0x06, 0x00, 0x01, 0x05, 0x01, 0x04, 0x01, 0x05, 0x01, 0x0a, 0x11, 0x00, 0x15, 0x00, 0x01, 0x0d, 0x01, 0x0b,
    0x01, 0x0f, 0x01, 0x0e, 0x01, 0x03, 0x01, 0x01, 0x01, 0x02, 0x02, 0x03, 0x01, 0x02, 0x03, 0x01, 0x01, 0x03, 0x01, 0x09,
    0x01, 0x0f, 0x02, 0x0e, 0x01, 0x0f, 0x01, 0x04, 0x01, 0x01, 0x01, 0x02, 0x01, 0x01, 0x01, 0x03, 0x05, 0x00, 0x03, 0x05,
    0x01, 0x0b, 0x12, 0x00, 0x16, 0x00, 0x01, 0x0e, 0x01, 0x0f, 0x01, 0x06, 0x01, 0x01, 0x02, 0x03, 0x01, 0x02, 0x02, 0x03,
    0x01, 0x01, 0x01, 0x02, 0x01, 0x01, 0x01, 0x02, 0x01, 0x0d, 0x04, 0x0f, 0x01, 0x0e, 0x01, 0x03, 0x01, 0x01, 0x01, 0x02,
    0x01, 0x01, 0x02, 0x02, 0x03, 0x00, 0x01, 0x06, 0x01, 0x04, 0x01, 0x09, 0x01, 0x0e, 0x12, 0x00, 0x17, 0x00, 0x01, 0x0f,
    0x01, 0x03, 0x01, 0x01, 0x01, 0x02, 0x01, 0x04, 0x01, 0x05, 0x01, 0x0d, 0x01, 0x04, 0x01, 0x01, 0x02, 0x02, 0x01, 0x01,
    0x01, 0x06, 0x01, 0x09, 0x01, 0x06, 0x01, 0x0f, 0x01, 0x09, 0x01, 0x0b, 0x01, 0x04, 0x01, 0x01, 0x02, 0x02, 0x01, 0x03,
    0x03, 0x00, 0x01, 0x06, 0x01, 0x05, 0x02, 0x09, 0x01, 0x05, 0x12, 0x00, 0x17, 0x00, 0x01, 0x03, 0x01, 0x02, 0x01, 0x01,
    0x01, 0x03, 0x03, 0x0f, 0x01, 0x0b, 0x01, 0x02, 0x03, 0x01, 0x02, 0x03, 0x01, 0x0e, 0x01, 0x0f, 0x01, 0x06, 0x01, 0x0f,
    0x01, 0x04, 0x01, 0x01, 0x01, 0x02, 0x02, 0x01, 0x01, 0x03, 0x02, 0x00, 0x02, 0x05, 0x01, 0x0d, 0x01, 0x0e, 0x01, 0x0a,
    0x12, 0x00, 0x18, 0x00, 0x01, 0x03, 0x01, 0x01, 0x01, 0x04, 0x01, 0x0f, 0x01, 0x0d, 0x02, 0x0f, 0x01, 0x02, 0x01, 0x03,
    0x01, 0x06, 0x01, 0x03, 0x01, 0x01, 0x01, 0x02, 0x01, 0x04, 0x01, 0x0a, 0x01, 0x0b, 0x01, 0x04, 0x01, 0x02, 0x03, 0x01,
    0x01, 0x03, 0x01, 0x04, 0x01, 0x00, 0x01, 0x05, 0x01, 0x04, 0x01, 0x06, 0x01, 0x0f, 0x01, 0x0d, 0x01, 0x06, 0x12, 0x00,
    0x18, 0x00, 0x01, 0x03, 0x01, 0x01, 0x01, 0x09, 0x01, 0x06, 0x01, 0x09, 0x01, 0x0f, 0x01, 0x09, 0x01, 0x02, 0x02, 0x06,
    0x01, 0x02, 0x03, 0x01, 0x02, 0x02, 0x01, 0x01, 0x02, 0x02, 0x01, 0x01, 0x01, 0x02, 0x01, 0x04, 0x01, 0x00, 0x01, 0x06,
    0x01, 0x05, 0x01, 0x06, 0x01, 0x0a, 0x01, 0x00, 0x01, 0x06, 0x01, 0x05, 0x01, 0x04, 0x11, 0x00, 0x17, 0x00, 0x01, 0x02,
    0x02, 0x01, 0x01, 0x06, 0x01, 0x05, 0x01, 0x04, 0x01, 0x0f, 0x01, 0x04, 0x05, 0x01, 0x02, 0x03, 0x01, 0x01, 0x03, 0x02,
    0x01, 0x01, 0x01, 0x02, 0x01, 0x04, 0x02, 0x00, 0x02, 0x05, 0x01, 0x09, 0x02, 0x00, 0x01, 0x09, 0x02, 0x04, 0x11, 0x00,
    0x17, 0x00, 0x02, 0x03, 0x01, 0x01, 0x01, 0x03, 0x02, 0x0e, 0x01, 0x05, 0x02, 0x02, 0x01, 0x01, 0x01, 0x02, 0x03, 0x03,
    0x01, 0x02, 0x04, 0x01, 0x01, 0x03, 0x01, 0x06, 0x01, 0x0f, 0x01, 0x0e, 0x01, 0x09, 0x01, 0x05, 0x01, 0x09, 0x03, 0x00,
    0x01, 0x06, 0x03, 0x04, 0x10, 0x00, 0x17, 0x00, 0x01, 0x03, 0x01, 0x02, 0x02, 0x01, 0x02, 0x03, 0x02, 0x01, 0x03, 0x03,
    0x02, 0x02, 0x02, 0x01, 0x01, 0x02, 0x02, 0x03, 0x01, 0x05, 0x01, 0x0e, 0x01, 0x0f, 0x01, 0x0e, 0x03, 0x09, 0x01, 0x0e,
    0x02, 0x00, 0x02, 0x09, 0x01, 0x04, 0x02, 0x05, 0x10, 0x00, 0x18, 0x00, 0x01, 0x04, 0x01, 0x03, 0x01, 0x01, 0x01, 0x02,
    0x01, 0x01, 0x01, 0x02, 0x02, 0x01, 0x01, 0x02, 0x03, 0x01, 0x01, 0x02, 0x01, 0x04, 0x02, 0x0a, 0x02, 0x0f, 0x01, 0x09,
    0x01, 0x06, 0x01, 0x08, 0x01, 0x0c, 0x02, 0x09, 0x03, 0x00, 0x01, 0x09, 0x01, 0x0a, 0x02, 0x06, 0x11, 0x00, 0x18, 0x00,
    0x01, 0x09, 0x01, 0x06, 0x01, 0x03, 0x01, 0x02, 0x02, 0x01, 0x01, 0x02, 0x01, 0x03, 0x01, 0x02, 0x01, 0x03, 0x02, 0x06,
    0x01, 0x09, 0x02, 0x0d, 0x01, 0x0e, 0x01, 0x0a, 0x02, 0x06, 0x01, 0x07, 0x01, 0x0c, 0x01, 0x0e, 0x01, 0x0a, 0x04, 0x00,
    0x01, 0x06, 0x01, 0x05, 0x13, 0x00, 0x17, 0x00, 0x01, 0x04, 0x01, 0x05, 0x01, 0x0c, 0x01, 0x0f, 0x01, 0x06, 0x01, 0x05,
    0x01, 0x06, 0x01, 0x09, 0x01, 0x0b, 0x01, 0x0a, 0x02, 0x0e, 0x02, 0x0d, 0x01, 0x0e, 0x01, 0x0b, 0x01, 0x06, 0x01, 0x05,
    0x01, 0x08, 0x03, 0x0c, 0x01, 0x08, 0x03, 0x0c, 0x03, 0x00, 0x01, 0x04, 0x13, 0x00, 0x18, 0x00, 0x02, 0x06, 0x01, 0x0c,
    0x02, 0x0f, 0x01, 0x09, 0x01, 0x0d, 0x01, 0x0f, 0x01, 0x0e, 0x02, 0x0b, 0x01, 0x0e, 0x01, 0x0b, 0x01, 0x05, 0x01, 0x03,
    0x01, 0x04, 0x01, 0x06, 0x01, 0x08, 0x02, 0x0c, 0x01, 0x07, 0x01, 0x08, 0x03, 0x07, 0x01, 0x08, 0x01, 0x06, 0x01, 0x05,
    0x02, 0x04, 0x12, 0x00, 0x17, 0x00, 0x01, 0x0c, 0x01, 0x0e, 0x01, 0x06, 0x01, 0x0c, 0x01, 0x0e, 0x01, 0x05, 0x02, 0x03,
    0x01, 0x04, 0x01, 0x0b, 0x01, 0x0f, 0x01, 0x09, 0x01, 0x04, 0x01, 0x03, 0x01, 0x02, 0x01, 0x04, 0x02, 0x09, 0x02, 0x0c,
    0x03, 0x07, 0x03, 0x08, 0x02, 0x07, 0x02, 0x04, 0x13, 0x00, 0x16, 0x00, 0x01, 0x08, 0x01, 0x07, 0x01, 0x0c, 0x01, 0x0a,
    0x01, 0x0b, 0x01, 0x0a, 0x01, 0x03, 0x01, 0x01, 0x02, 0x02, 0x01, 0x03, 0x01, 0x04, 0x01, 0x02, 0x02, 0x01, 0x01, 0x03,
    0x01, 0x05, 0x02, 0x06, 0x01, 0x08, 0x09, 0x07, 0x01, 0x08, 0x14, 0x00, 0x16, 0x00, 0x01, 0x07, 0x01, 0x0c, 0x01, 0x07,
    0x01, 0x08, 0x01, 0x0a, 0x01, 0x06, 0x01, 0x03, 0x01, 0x01, 0x02, 0x02, 0x02, 0x01, 0x01, 0x02, 0x01, 0x01, 0x01, 0x03,
    0x02, 0x05, 0x01, 0x06, 0x02, 0x08, 0x03, 0x07, 0x01, 0x08, 0x05, 0x07, 0x01, 0x0c, 0x14, 0x00, 0x15, 0x00, 0x01, 0x07,
    0x01, 0x08, 0x01, 0x0c, 0x01, 0x07, 0x01, 0x0a, 0x02, 0x06, 0x01, 0x03, 0x01, 0x01, 0x04, 0x02, 0x01, 0x01, 0x01, 0x03,
    0x03, 0x05, 0x01, 0x06, 0x02, 0x08, 0x02, 0x07, 0x02, 0x08, 0x05, 0x07, 0x01, 0x08, 0x01, 0x0c, 0x13, 0x00, 0x14, 0x00,
    0x01, 0x08, 0x01, 0x07, 0x02, 0x0c, 0x01, 0x08, 0x01, 0x09, 0x01, 0x05, 0x01, 0x06, 0x01, 0x04, 0x05, 0x01, 0x01, 0x03,
    0x04, 0x05, 0x01, 0x06, 0x03, 0x07, 0x01, 0x08, 0x02, 0x0c, 0x01, 0x07, 0x01, 0x08, 0x04, 0x07, 0x01, 0x0c, 0x13, 0x00,
    0x14, 0x00, 0x01, 0x08, 0x01, 0x07, 0x02, 0x0c, 0x01, 0x08, 0x01, 0x06, 0x01, 0x04, 0x01, 0x05, 0x01, 0x04, 0x03, 0x02,
    0x01, 0x01, 0x01, 0x03, 0x06, 0x05, 0x01, 0x08, 0x02, 0x07, 0x02, 0x0c, 0x01, 0x08, 0x01, 0x07, 0x01, 0x08, 0x04, 0x07,
    0x01, 0x08, 0x13, 0x00, 0x13, 0x00, 0x02, 0x0c, 0x01, 0x07, 0x02, 0x0c, 0x01, 0x08, 0x01, 0x06, 0x03, 0x05, 0x01, 0x03,
    0x02, 0x01, 0x01, 0x04, 0x06, 0x05, 0x01, 0x06, 0x03, 0x07, 0x01, 0x0c, 0x01, 0x0e, 0x02, 0x0c, 0x04, 0x08, 0x02, 0x07,
    0x01, 0x0c, 0x12, 0x00, 0x12, 0x00, 0x02, 0x0c, 0x02, 0x08, 0x01, 0x0d, 0x01, 0x0c, 0x01, 0x0a, 0x01, 0x06, 0x01, 0x05,
    0x01, 0x04, 0x01, 0x05, 0x01, 0x04, 0x01, 0x03, 0x01, 0x04, 0x04, 0x05, 0x01, 0x04, 0x01, 0x05, 0x02, 0x06, 0x03, 0x07,
    0x01, 0x08, 0x01, 0x0f, 0x02, 0x0c, 0x01, 0x0d, 0x01, 0x0c, 0x02, 0x08, 0x01, 0x0c, 0x01, 0x07, 0x01, 0x0c, 0x12, 0x00,
    0x12, 0x00, 0x01, 0x05, 0x03, 0x04, 0x01, 0x09, 0x01, 0x0c, 0x01, 0x0a, 0x01, 0x06, 0x01, 0x04, 0x03, 0x05, 0x01, 0x04,
    0x07, 0x05, 0x02, 0x06, 0x03, 0x07, 0x01, 0x0c, 0x01, 0x0f, 0x01, 0x0c, 0x01, 0x06, 0x04, 0x04, 0x01, 0x06, 0x01, 0x08,
    0x01, 0x0c, 0x12, 0x00, 0x11, 0x00, 0x02, 0x04, 0x02, 0x05, 0x01, 0x06, 0x01, 0x09, 0x01, 0x08, 0x01, 0x0d, 0x01, 0x06,
    0x01, 0x04, 0x01, 0x05, 0x01, 0x06, 0x06, 0x05, 0x03, 0x04, 0x02, 0x06, 0x03, 0x07, 0x01, 0x0c, 0x01, 0x0e, 0x01, 0x05,
    0x06, 0x04, 0x01, 0x05, 0x01, 0x0c, 0x12, 0x00, 0x10, 0x00, 0x01, 0x05, 0x01, 0x04, 0x01, 0x0b, 0x03, 0x0e, 0x01, 0x0f,
    0x01, 0x0a, 0x01, 0x0d, 0x01, 0x06, 0x03, 0x05, 0x01, 0x04, 0x02, 0x05, 0x02, 0x04, 0x02, 0x05, 0x01, 0x04, 0x01, 0x05,
    0x03, 0x06, 0x01, 0x08, 0x01, 0x07, 0x01, 0x0c, 0x01, 0x0a, 0x01, 0x06, 0x03, 0x0b, 0x01, 0x09, 0x01, 0x05, 0x02, 0x04,
    0x01, 0x06, 0x12, 0x00, 0x10, 0x00, 0x01, 0x05, 0x01, 0x09, 0x01, 0x0f, 0x02, 0x0a, 0x02, 0x0d, 0x01, 0x08, 0x01, 0x0e,
    0x01, 0x06, 0x01, 0x09, 0x01, 0x06, 0x02, 0x05, 0x01, 0x06, 0x04, 0x05, 0x01, 0x04, 0x01, 0x05, 0x02, 0x06, 0x01, 0x09,
    0x01, 0x06, 0x01, 0x0c, 0x01, 0x08, 0x01, 0x0c, 0x01, 0x0d, 0x01, 0x0e, 0x01, 0x0d, 0x03, 0x0b, 0x01, 0x0e, 0x01, 0x06,
    0x02, 0x04, 0x01, 0x05, 0x11, 0x00, 0x10, 0x00, 0x01, 0x05, 0x01, 0x0b, 0x01, 0x0d, 0x03, 0x0b, 0x02, 0x08, 0x01, 0x0e,
    0x02, 0x09, 0x02, 0x06, 0x01, 0x09, 0x02, 0x06, 0x03, 0x09, 0x03, 0x06, 0x02, 0x0e, 0x01, 0x06, 0x01, 0x08, 0x02, 0x0c,
    0x01, 0x0e, 0x06, 0x0b, 0x01, 0x0f, 0x01, 0x05, 0x01, 0x04, 0x01, 0x06, 0x11, 0x00, 0x10, 0x00, 0x01, 0x05, 0x02, 0x0d,
    0x02, 0x0b, 0x01, 0x0d, 0x01, 0x06, 0x01, 0x0a, 0x01, 0x0e, 0x01, 0x09, 0x01, 0x05, 0x01, 0x06, 0x03, 0x05, 0x02, 0x06,
    0x01, 0x09, 0x01, 0x05, 0x01, 0x09, 0x01, 0x06, 0x02, 0x09, 0x01, 0x0e, 0x01, 0x05, 0x02, 0x07, 0x02, 0x0b, 0x01, 0x0a,
    0x04, 0x0b, 0x01, 0x0d, 0x01, 0x0f, 0x01, 0x09, 0x01, 0x05, 0x01, 0x09, 0x11, 0x00, 0x11, 0x00, 0x01, 0x0f, 0x01, 0x0e,
    0x01, 0x0d, 0x02, 0x0b, 0x01, 0x0e, 0x01, 0x0f, 0x01, 0x0e, 0x02, 0x09, 0x01, 0x06, 0x04, 0x05, 0x01, 0x09, 0x02, 0x06,
    0x01, 0x09, 0x01, 0x0e, 0x02, 0x09, 0x01, 0x0d, 0x01, 0x06, 0x01, 0x05, 0x01, 0x09, 0x01, 0x0e, 0x02, 0x0b, 0x01, 0x0a,
    0x02, 0x0b, 0x01, 0x0d, 0x01, 0x0e, 0x01, 0x0f, 0x01, 0x06, 0x01, 0x05, 0x12, 0x00, 0x12, 0x00, 0x01, 0x0e, 0x02, 0x0d,
    0x01, 0x0a, 0x01, 0x09, 0x02, 0x0c, 0x01, 0x08, 0x01, 0x0b, 0x01, 0x0a, 0x04, 0x09, 0x02, 0x0d, 0x01, 0x0b, 0x02, 0x09,
    0x03, 0x0c, 0x01, 0x0e, 0x03, 0x0d, 0x04, 0x0b, 0x01, 0x0d, 0x01, 0x0e, 0x01, 0x0f, 0x01, 0x0d, 0x01, 0x05, 0x13, 0x00,
    0x12, 0x00, 0x01, 0x0e, 0x02, 0x0b, 0x01, 0x05, 0x04, 0x08, 0x01, 0x07, 0x02, 0x08, 0x01, 0x0c, 0x02, 0x08, 0x02, 0x0c,
    0x01, 0x0a, 0x01, 0x06, 0x01, 0x05, 0x01, 0x09, 0x01, 0x08, 0x02, 0x0c, 0x01, 0x08, 0x01, 0x05, 0x01, 0x0a, 0x04, 0x0b,
    0x01, 0x0e, 0x02, 0x0f, 0x15, 0x00, 0x13, 0x00, 0x01, 0x0f, 0x01, 0x09, 0x01, 0x07, 0x03, 0x08, 0x01, 0x07, 0x05, 0x08,
    0x02, 0x07, 0x01, 0x08, 0x01, 0x06, 0x03, 0x05, 0x01, 0x09, 0x03, 0x08, 0x02, 0x05, 0x01, 0x0e, 0x02, 0x0d, 0x01, 0x0e,
    0x02, 0x0f, 0x16, 0x00, 0x14, 0x00, 0x01, 0x0a, 0x01, 0x08, 0x04, 0x07, 0x06, 0x08, 0x01, 0x07, 0x01, 0x08, 0x01, 0x06,
    0x04, 0x05, 0x01, 0x08, 0x01, 0x07, 0x02, 0x08, 0x01, 0x04, 0x01, 0x09, 0x01, 0x0f, 0x01, 0x0e, 0x01, 0x0f, 0x18, 0x00,
    0x14, 0x00, 0x01, 0x0c, 0x01, 0x08, 0x02, 0x07, 0x06, 0x08, 0x01, 0x07, 0x03, 0x08, 0x04, 0x05, 0x01, 0x06, 0x01, 0x08,
    0x01, 0x07, 0x03, 0x08, 0x01, 0x06, 0x01, 0x0e, 0x02, 0x0f, 0x18, 0x00, 0x14, 0x00, 0x01, 0x0e, 0x01, 0x0c, 0x01, 0x08,
    0x01, 0x07, 0x03, 0x08, 0x02, 0x0c, 0x04, 0x08, 0x01, 0x0a, 0x01, 0x05, 0x02, 0x06, 0x01, 0x05, 0x01, 0x0b, 0x01, 0x08,
    0x01, 0x07, 0x02, 0x08, 0x01, 0x0c, 0x01, 0x0a, 0x01, 0x09, 0x01, 0x0f, 0x19, 0x00, 0x15, 0x00, 0x01, 0x0c, 0x03, 0x08,
    0x01, 0x07, 0x02, 0x08, 0x05, 0x0d, 0x03, 0x0c, 0x01, 0x0b, 0x01, 0x0a, 0x02, 0x08, 0x01, 0x07, 0x01, 0x08, 0x03, 0x0c,
    0x01, 0x0d, 0x02, 0x0c, 0x18, 0x00, 0x15, 0x00, 0x01, 0x0c, 0x03, 0x08, 0x01, 0x07, 0x02, 0x08, 0x02, 0x0c, 0x01, 0x0e,
    0x02, 0x0f, 0x01, 0x0c, 0x02, 0x08, 0x01, 0x07, 0x03, 0x08, 0x01, 0x07, 0x03, 0x08, 0x01, 0x0c, 0x01, 0x0d, 0x02, 0x0c,
    0x18, 0x00, 0x15, 0x00, 0x02, 0x0c, 0x06, 0x08, 0x02, 0x0c, 0x01, 0x0e, 0x01, 0x0f, 0x01, 0x0c, 0x06, 0x08, 0x02, 0x07,
    0x02, 0x08, 0x01, 0x0c, 0x02, 0x0d, 0x01, 0x0b, 0x18, 0x00, 0x14, 0x00, 0x01, 0x09, 0x01, 0x06, 0x06, 0x08, 0x02, 0x0c,
    0x01, 0x0d, 0x02, 0x0e, 0x01, 0x0d, 0x01, 0x0c, 0x0a, 0x08, 0x01, 0x0b, 0x02, 0x09, 0x18, 0x00, 0x15, 0x00, 0x01, 0x06,
    0x02, 0x04, 0x01, 0x05, 0x04, 0x06, 0x03, 0x09, 0x01, 0x0b, 0x02, 0x09, 0x04, 0x08, 0x03, 0x06, 0x03, 0x05, 0x01, 0x09,
    0x01, 0x0b, 0x01, 0x0a, 0x18, 0x00, 0x15, 0x00, 0x01, 0x0f, 0x01, 0x0d, 0x01, 0x09, 0x01, 0x06, 0x02, 0x05, 0x02, 0x06,
    0x01, 0x09, 0x01, 0x0a, 0x01, 0x0b, 0x01, 0x0f, 0x01, 0x05, 0x01, 0x06, 0x02, 0x05, 0x02, 0x04, 0x03, 0x05, 0x01, 0x06,
    0x01, 0x09, 0x01, 0x0b, 0x01, 0x0e, 0x02, 0x0f, 0x18, 0x00, 0x15, 0x00, 0x01, 0x0f, 0x01, 0x0d, 0x02, 0x0b, 0x01, 0x0d,
    0x02, 0x0e, 0x03, 0x0f, 0x01, 0x0e, 0x01, 0x0d, 0x02, 0x00, 0x01, 0x0b, 0x03, 0x0d, 0x01, 0x0a, 0x04, 0x0b, 0x01, 0x0e,
    0x01, 0x0f, 0x02, 0x0e, 0x18, 0x00, 0x15, 0x00, 0x02, 0x0e, 0x01, 0x0b, 0x02, 0x0a, 0x01, 0x0b, 0x01, 0x0e, 0x01, 0x0d,
    0x01, 0x0b, 0x02, 0x0e, 0x01, 0x0d, 0x03, 0x00, 0x02, 0x0e, 0x01, 0x0d, 0x01, 0x0b, 0x03, 0x0a, 0x01, 0x0b, 0x01, 0x0e,
    0x01, 0x0d, 0x02, 0x0e, 0x01, 0x0f, 0x17, 0x00, 0x15, 0x00, 0x02, 0x0e, 0x01, 0x0f, 0x02, 0x0d, 0x01, 0x0f, 0x01, 0x0d,
    0x01, 0x0b, 0x02, 0x0d, 0x02, 0x0e, 0x03, 0x00, 0x01, 0x0e, 0x02, 0x0f, 0x04, 0x0b, 0x01, 0x0e, 0x01, 0x0d, 0x01, 0x0a,
    0x01, 0x0d, 0x01, 0x0e, 0x01, 0x0f, 0x17, 0x00, 0x16, 0x00, 0x04, 0x0e, 0x02, 0x0b, 0x01, 0x0a, 0x02, 0x0b, 0x02, 0x0d,
    0x03, 0x00, 0x02, 0x0e, 0x02, 0x0f, 0x01, 0x0e, 0x01, 0x0d, 0x01, 0x0e, 0x01, 0x0d, 0x02, 0x0b, 0x02, 0x0d, 0x01, 0x0f,
    0x17, 0x00, 0x16, 0x00, 0x01, 0x0f, 0x08, 0x0b, 0x02, 0x0e, 0x04, 0x00, 0x04, 0x0e, 0x01, 0x0f, 0x01, 0x0d, 0x01, 0x0b,
    0x01, 0x0a, 0x02, 0x0b, 0x01, 0x0d, 0x01, 0x0e, 0x17, 0x00, 0x17, 0x00, 0x01, 0x0e, 0x02, 0x0b, 0x01, 0x0d, 0x03, 0x0b,
    0x01, 0x0d, 0x02, 0x0f, 0x04, 0x00, 0x02, 0x0e, 0x02, 0x0d, 0x05, 0x0b, 0x01, 0x0d, 0x01, 0x0e, 0x01, 0x0f, 0x17, 0x00,
    0x17, 0x00, 0x01, 0x0e, 0x05, 0x0b, 0x01, 0x0d, 0x01, 0x0f, 0x01, 0x0e, 0x06, 0x00, 0x01, 0x0e, 0x01, 0x0d, 0x06, 0x0b,
    0x01, 0x0d, 0x01, 0x0e, 0x18, 0x00, 0x17, 0x00, 0x01, 0x0e, 0x01, 0x0d, 0x04, 0x0b, 0x02, 0x0e, 0x01, 0x0f, 0x06, 0x00,
    0x02, 0x0e, 0x01, 0x0b, 0x01, 0x0a, 0x02, 0x0b, 0x01, 0x0d, 0x01, 0x0b, 0x02, 0x0e, 0x18, 0x00, 0x17, 0x00, 0x01, 0x0e,
    0x02, 0x0d, 0x01, 0x0a, 0x02, 0x0b, 0x01, 0x0d, 0x01, 0x0e, 0x01, 0x0f, 0x07, 0x00, 0x01, 0x0f, 0x01, 0x0d, 0x04, 0x0b,
    0x01, 0x0d, 0x02, 0x0e, 0x18, 0x00, 0x16, 0x00, 0x02, 0x0b, 0x01, 0x0d, 0x04, 0x0b, 0x01, 0x0d, 0x01, 0x0f, 0x01, 0x0e,
    0x07, 0x00, 0x01, 0x0f, 0x01, 0x0d, 0x04, 0x0b, 0x01, 0x0d, 0x01, 0x0e, 0x01, 0x0f, 0x18, 0x00, 0x14, 0x00, 0x01, 0x0a,
    0x02, 0x0b, 0x01, 0x0d, 0x02, 0x0b, 0x02, 0x0a, 0x01, 0x0b, 0x03, 0x0e, 0x07, 0x00, 0x01, 0x0d, 0x01, 0x0a, 0x01, 0x0b,
    0x01, 0x0a, 0x03, 0x0b, 0x01, 0x0d, 0x01, 0x0f, 0x18, 0x00, 0x13, 0x00, 0x01, 0x0a, 0x02, 0x0b, 0x01, 0x0d, 0x01, 0x0b,
    0x01, 0x0a, 0x02, 0x0b, 0x01, 0x0d, 0x01, 0x0e, 0x03, 0x0f, 0x07, 0x00, 0x04, 0x0b, 0x01, 0x0d, 0x03, 0x0b, 0x01, 0x0d,
    0x18, 0x00, 0x13, 0x00, 0x02, 0x0e, 0x02, 0x0d, 0x03, 0x0b, 0x01, 0x0d, 0x01, 0x0e, 0x04, 0x0f, 0x06, 0x00, 0x01, 0x0b,
    0x01, 0x0a, 0x02, 0x0d, 0x01, 0x0b, 0x01, 0x0d, 0x01, 0x0a, 0x01, 0x0d, 0x02, 0x0b, 0x18, 0x00, 0x13, 0x00, 0x01, 0x0f,
    0x01, 0x0b, 0x02, 0x0e, 0x01, 0x0b, 0x02, 0x0e, 0x04, 0x0f, 0x08, 0x00, 0x01, 0x0d, 0x01, 0x0a, 0x01, 0x0d, 0x02, 0x0b,
    0x01, 0x0d, 0x02, 0x0b, 0x02, 0x0d, 0x18, 0x00, 0x14, 0x00, 0x01, 0x05, 0x02, 0x09, 0x01, 0x06, 0x01, 0x0e, 0x02, 0x0f,
    0x0b, 0x00, 0x01, 0x0e, 0x01, 0x0b, 0x01, 0x0e, 0x02, 0x0d, 0x01, 0x0f, 0x01, 0x0d, 0x03, 0x0e, 0x18, 0x00, 0x27, 0x00,
    0x02, 0x0d, 0x02, 0x09, 0x01, 0x0d, 0x01, 0x09, 0x01, 0x0b, 0x01, 0x0f, 0x19, 0x00, 0x48, 0x00, 0x48, 0x00, 0x48, 0x00
};
const uint8_t kIdle5[] PROGMEM = {
    0x48, 0x00, 0x48, 0x00, 0x1f, 0x00, 0x01, 0x03, 0x28, 0x00, 0x1d, 0x00, 0x01, 0x03, 0x01, 0x01, 0x01, 0x02, 0x28, 0x00,
    0x1c, 0x00, 0x01, 0x03, 0x01, 0x02, 0x01, 0x01, 0x01, 0x03, 0x09, 0x00, 0x03, 0x0d, 0x1c, 0x00, 0x1c, 0x00, 0x02, 0x01,
    0x02, 0x02, 0x01, 0x03, 0x02, 0x02, 0x02, 0x01, 0x03, 0x00, 0x05, 0x0e, 0x1b, 0x00, 0x1c, 0x00, 0x01, 0x02, 0x06, 0x01,
    0x01, 0x02, 0x03, 0x03, 0x01, 0x0f, 0x06, 0x0e, 0x1a, 0x00, 0x18, 0x00, 0x02, 0x0e, 0x02, 0x0d, 0x02, 0x03, 0x07, 0x02,
    0x01, 0x01, 0x01, 0x02, 0x01, 0x04, 0x01, 0x0d, 0x03, 0x0f, 0x02, 0x0e, 0x1a, 0x00, 0x17, 0x00, 0x02, 0x0d, 0x02, 0x0e,
    0x01, 0x0f, 0x03, 0x03, 0x04, 0x02, 0x01, 0x01, 0x03, 0x02, 0x01, 0x01, 0x01, 0x03, 0x01, 0x09, 0x02, 0x0f, 0x02, 0x0e,
    0x01, 0x0f, 0x19, 0x00, 0x16, 0x00, 0x02, 0x0e, 0x03, 0x0f, 0x01, 0x04, 0x01, 0x02, 0x03, 0x01, 0x01, 0x02, 0x01, 0x01,
    0x01, 0x02, 0x03, 0x01, 0x02, 0x02, 0x01, 0x01, 0x01, 0x02, 0x01, 0x05, 0x01, 0x0f, 0x01, 0x0e, 0x01, 0x0f, 0x07, 0x00,
    0x01, 0x05, 0x02, 0x04, 0x10, 0x00, 0x16, 0x00, 0x01, 0x0e, 0x01, 0x0d, 0x02, 0x0f, 0x01, 0x06, 0x01, 0x02, 0x05, 0x01,
    0x01, 0x02, 0x01, 0x01, 0x06, 0x02, 0x01, 0x01, 0x01, 0x02, 0x01, 0x06, 0x02, 0x0f, 0x07, 0x00, 0x01, 0x05, 0x01, 0x04,
    0x01, 0x06, 0x10, 0x00, 0x16, 0x00, 0x01, 0x0e, 0x01, 0x0d, 0x01, 0x0f, 0x01, 0x0e, 0x01, 0x03, 0x01, 0x01, 0x01, 0x02,
    0x02, 0x01, 0x02, 0x02, 0x01, 0x01, 0x01, 0x02, 0x04, 0x03, 0x02, 0x01, 0x01, 0x02, 0x01, 0x01, 0x01, 0x02, 0x01, 0x04,
    0x07, 0x00, 0x01, 0x05, 0x01, 0x04, 0x01, 0x05, 0x01, 0x0b, 0x10, 0x00, 0x16, 0x00, 0x01, 0x0f, 0x01, 0x0e, 0x01, 0x0f,
    0x01, 0x04, 0x03, 0x01, 0x02, 0x02, 0x03, 0x01, 0x02, 0x02, 0x01, 0x01, 0x01, 0x03, 0x01, 0x06, 0x01, 0x04, 0x01, 0x02,
    0x01, 0x01, 0x01, 0x02, 0x01, 0x01, 0x01, 0x02, 0x01, 0x03, 0x05, 0x00, 0x01, 0x09, 0x01, 0x04, 0x01, 0x05, 0x01, 0x0a,
    0x11, 0x00, 0x17, 0x00, 0x01, 0x0f, 0x01, 0x0d, 0x01, 0x03, 0x01, 0x01, 0x01, 0x02, 0x01, 0x03, 0x01, 0x02, 0x01, 0x03,
    0x01, 0x02, 0x03, 0x01, 0x01, 0x03, 0x01, 0x06, 0x02, 0x0e, 0x01, 0x0f, 0x01, 0x09, 0x01, 0x02, 0x01, 0x01, 0x01, 0x02,
    0x01, 0x01, 0x01, 0x03, 0x05, 0x00, 0x02, 0x05, 0x01, 0x09, 0x12, 0x00, 0x18, 0x00, 0x01, 0x03, 0x02, 0x01, 0x02, 0x03,
    0x01, 0x02, 0x01, 0x04, 0x01, 0x02, 0x01, 0x01, 0x01, 0x02, 0x01, 0x01, 0x01, 0x03, 0x05, 0x0f, 0x01, 0x06, 0x01, 0x01,
    0x02, 0x02, 0x01, 0x01, 0x01, 0x03, 0x03, 0x00, 0x01, 0x09, 0x02, 0x05, 0x01, 0x0b, 0x12, 0x00, 0x18, 0x00, 0x01, 0x03,
    0x02, 0x01, 0x01, 0x04, 0x01, 0x0e, 0x01, 0x0b, 0x01, 0x0e, 0x01, 0x03, 0x01, 0x01, 0x01, 0x02, 0x01, 0x01, 0x01, 0x03,
    0x01, 0x0e, 0x01, 0x09, 0x01, 0x08, 0x01, 0x0f, 0x01, 0x09, 0x01, 0x0e, 0x01, 0x03, 0x01, 0x01, 0x02, 0x02, 0x01, 0x04,
    0x03, 0x00, 0x01, 0x05, 0x01, 0x06, 0x01, 0x0b, 0x01, 0x06, 0x12, 0x00, 0x18, 0x00, 0x01, 0x03, 0x01, 0x01, 0x01, 0x03,
    0x04, 0x0f, 0x01, 0x04, 0x03, 0x01, 0x01, 0x02, 0x01, 0x03, 0x01, 0x04, 0x01, 0x0f, 0x01, 0x0b, 0x01, 0x04, 0x01, 0x0f,
    0x01, 0x03, 0x01, 0x01, 0x01, 0x02, 0x02, 0x01, 0x02, 0x00, 0x01, 0x05, 0x01, 0x04, 0x01, 0x09, 0x01, 0x0f, 0x01, 0x09,
    0x12, 0x00, 0x18, 0x00, 0x01, 0x03, 0x01, 0x01, 0x01, 0x04, 0x01, 0x0f, 0x02, 0x0b, 0x01, 0x0f, 0x01, 0x04, 0x01, 0x02,
    0x02, 0x04, 0x02, 0x01, 0x01, 0x03, 0x01, 0x09, 0x01, 0x0e, 0x01, 0x0f, 0x01, 0x04, 0x01, 0x02, 0x01, 0x01, 0x01, 0x02,
    0x01, 0x01, 0x01, 0x03, 0x01, 0x00, 0x01, 0x05, 0x01, 0x04, 0x01, 0x05, 0x01, 0x09, 0x01, 0x0f, 0x01, 0x06, 0x01, 0x04,
    0x11, 0x00, 0x17, 0x00, 0x01, 0x03, 0x02, 0x01, 0x02, 0x05, 0x01, 0x04, 0x02, 0x0f, 0x02, 0x03, 0x01, 0x0d, 0x01, 0x03,
    0x03, 0x01, 0x03, 0x03, 0x01, 0x01, 0x02, 0x02, 0x01, 0x01, 0x01, 0x02, 0x01, 0x04, 0x01, 0x00, 0x01, 0x05, 0x01, 0x06,
    0x01, 0x09, 0x01, 0x00, 0x01, 0x09, 0x01, 0x05, 0x01, 0x04, 0x11, 0x00, 0x17, 0x00, 0x02, 0x03, 0x01, 0x01, 0x01, 0x04,
    0x01, 0x0f, 0x01, 0x04, 0x01, 0x0e, 0x01, 0x04, 0x05, 0x01, 0x01, 0x02, 0x01, 0x03, 0x03, 0x01, 0x02, 0x02, 0x01, 0x01,
    0x01, 0x03, 0x01, 0x04, 0x01, 0x00, 0x01, 0x06, 0x01, 0x05, 0x01, 0x09, 0x02, 0x00, 0x01, 0x09, 0x01, 0x05, 0x02, 0x04,
    0x10, 0x00, 0x17, 0x00, 0x01, 0x04, 0x01, 0x02, 0x01, 0x01, 0x01, 0x02, 0x01, 0x04, 0x01, 0x0a, 0x01, 0x04, 0x01, 0x01,
    0x01, 0x02, 0x01, 0x01, 0x01, 0x02, 0x04, 0x03, 0x04, 0x01, 0x01, 0x02, 0x01, 0x04, 0x01, 0x0d, 0x01, 0x0f, 0x01, 0x09,
    0x01, 0x05, 0x01, 0x06, 0x01, 0x0a, 0x02, 0x00, 0x01, 0x09, 0x02, 0x04, 0x01, 0x05, 0x10, 0x00, 0x17, 0x00, 0x02, 0x03,
    0x01, 0x02, 0x05, 0x01, 0x01, 0x02, 0x02, 0x03, 0x02, 0x02, 0x02, 0x01, 0x02, 0x02, 0x01, 0x03, 0x01, 0x04, 0x01, 0x0a,
    0x01, 0x0f, 0x01, 0x0d, 0x01, 0x09, 0x01, 0x0a, 0x01, 0x09, 0x01, 0x0d, 0x03, 0x00, 0x01, 0x0d, 0x01, 0x05, 0x01, 0x04,
    0x01, 0x09, 0x10, 0x00, 0x18, 0x00, 0x01, 0x09, 0x01, 0x04, 0x01, 0x02, 0x07, 0x01, 0x03, 0x02, 0x01, 0x03, 0x02, 0x09,
    0x01, 0x0e, 0x01, 0x0f, 0x01, 0x09, 0x01, 0x06, 0x01, 0x07, 0x01, 0x0c, 0x01, 0x0b, 0x01, 0x09, 0x03, 0x00, 0x02, 0x09,
    0x02, 0x06, 0x11, 0x00, 0x17, 0x00, 0x01, 0x04, 0x01, 0x07, 0x01, 0x0f, 0x01, 0x09, 0x01, 0x04, 0x02, 0x03, 0x02, 0x04,
    0x01, 0x03, 0x01, 0x04, 0x01, 0x0a, 0x01, 0x09, 0x01, 0x0a, 0x01, 0x0d, 0x02, 0x0f, 0x01, 0x09, 0x01, 0x05, 0x01, 0x07,
    0x02, 0x0c, 0x01, 0x0d, 0x01, 0x0b, 0x01, 0x09, 0x04, 0x00, 0x01, 0x05, 0x13, 0x00, 0x17, 0x00, 0x01, 0x04, 0x01, 0x05,
    0x01, 0x0c, 0x03, 0x0f, 0x01, 0x0e, 0x01, 0x0f, 0x03, 0x0e, 0x02, 0x0d, 0x02, 0x0e, 0x01, 0x06, 0x01, 0x05, 0x01, 0x06,
    0x01, 0x08, 0x03, 0x0c, 0x01, 0x07, 0x01, 0x08, 0x02, 0x0c, 0x03, 0x00, 0x01, 0x03, 0x01, 0x04, 0x12, 0x00, 0x17, 0x00,
    0x01, 0x0f, 0x01, 0x09, 0x01, 0x06, 0x01, 0x0c, 0x01, 0x0f, 0x01, 0x05, 0x01, 0x04, 0x01, 0x06, 0x01, 0x0d, 0x01, 0x0e,
    0x03, 0x0d, 0x01, 0x09, 0x01, 0x04, 0x01, 0x03, 0x01, 0x04, 0x01, 0x09, 0x01, 0x07, 0x02, 0x0c, 0x02, 0x07, 0x05, 0x08,
    0x01, 0x07, 0x02, 0x04, 0x12, 0x00, 0x16, 0x00, 0x01, 0x07, 0x01, 0x08, 0x01, 0x0c, 0x01, 0x08, 0x01, 0x0e, 0x01, 0x0a,
    0x01, 0x03, 0x01, 0x02, 0x02, 0x03, 0x01, 0x06, 0x01, 0x09, 0x01, 0x04, 0x01, 0x03, 0x02, 0x02, 0x01, 0x04, 0x01, 0x0a,
    0x01, 0x09, 0x01, 0x08, 0x01, 0x0c, 0x07, 0x07, 0x01, 0x08, 0x01, 0x07, 0x02, 0x04, 0x12, 0x00, 0x15, 0x00, 0x02, 0x07,
    0x02, 0x0c, 0x02, 0x0a, 0x01, 0x06, 0x01, 0x03, 0x01, 0x01, 0x01, 0x02, 0x01, 0x01, 0x02, 0x02, 0x03, 0x01, 0x01, 0x04,
    0x01, 0x05, 0x02, 0x06, 0x01, 0x08, 0x09, 0x07, 0x01, 0x0c, 0x14, 0x00, 0x15, 0x00, 0x03, 0x0c, 0x01, 0x06, 0x01, 0x0b,
    0x01, 0x06, 0x01, 0x05, 0x01, 0x03, 0x01, 0x01, 0x02, 0x02, 0x01, 0x01, 0x01, 0x02, 0x02, 0x01, 0x01, 0x04, 0x02, 0x05,
    0x01, 0x06, 0x01, 0x07, 0x01, 0x08, 0x03, 0x07, 0x01, 0x08, 0x05, 0x07, 0x01, 0x0c, 0x14, 0x00, 0x14, 0x00, 0x01, 0x08,
    0x01, 0x07, 0x01, 0x0c, 0x01, 0x07, 0x02, 0x08, 0x01, 0x05, 0x01, 0x06, 0x01, 0x03, 0x03, 0x01, 0x02, 0x02, 0x01, 0x01,
    0x01, 0x03, 0x03, 0x05, 0x01, 0x06, 0x01, 0x08, 0x02, 0x07, 0x05, 0x08, 0x04, 0x07, 0x01, 0x0c, 0x13, 0x00, 0x14, 0x00,
    0x01, 0x08, 0x01, 0x07, 0x01, 0x0c, 0x01, 0x08, 0x01, 0x09, 0x01, 0x06, 0x02, 0x05, 0x01, 0x03, 0x02, 0x01, 0x01, 0x02,
    0x01, 0x01, 0x01, 0x02, 0x01, 0x04, 0x04, 0x05, 0x01, 0x06, 0x01, 0x08, 0x02, 0x07, 0x01, 0x08, 0x02, 0x0c, 0x01, 0x08,
    0x01, 0x07, 0x01, 0x08, 0x03, 0x07, 0x01, 0x08, 0x13, 0x00, 0x13, 0x00, 0x01, 0x0c, 0x01, 0x07, 0x01, 0x08, 0x01, 0x0c,
    0x01, 0x08, 0x01, 0x06, 0x01, 0x05, 0x01, 0x04, 0x01, 0x05, 0x01, 0x04, 0x01, 0x01, 0x01, 0x02, 0x01, 0x01, 0x01, 0x02,
    0x01, 0x04, 0x01, 0x05, 0x01, 0x04, 0x04, 0x05, 0x01, 0x08, 0x02, 0x07, 0x01, 0x08, 0x02, 0x0c, 0x01, 0x07, 0x01, 0x08,
    0x05, 0x07, 0x01, 0x08, 0x12, 0x00, 0x12, 0x00, 0x01, 0x07, 0x04, 0x0c, 0x01, 0x08, 0x01, 0x06, 0x02, 0x05, 0x01, 0x04,
    0x01, 0x05, 0x01, 0x03, 0x01, 0x01, 0x01, 0x02, 0x01, 0x04, 0x01, 0x05, 0x01, 0x04, 0x04, 0x05, 0x01, 0x06, 0x03, 0x07,
    0x01, 0x08, 0x01, 0x0e, 0x01, 0x0c, 0x01, 0x08, 0x04, 0x0c, 0x02, 0x07, 0x01, 0x0c, 0x12, 0x00, 0x12, 0x00, 0x02, 0x08,
    0x01, 0x06, 0x01, 0x0a, 0x01, 0x0c, 0x01, 0x08, 0x01, 0x09, 0x02, 0x05, 0x01, 0x04, 0x01, 0x05, 0x01, 0x04, 0x01, 0x03,
    0x05, 0x05, 0x02, 0x04, 0x02, 0x06, 0x04, 0x07, 0x01, 0x0d, 0x01, 0x0e, 0x03, 0x0c, 0x02, 0x08, 0x01, 0x0c, 0x01, 0x07,
    0x01, 0x0c, 0x12, 0x00, 0x11, 0x00, 0x01, 0x05, 0x03, 0x04, 0x01, 0x05, 0x01, 0x0b, 0x01, 0x08, 0x01, 0x0a, 0x01, 0x05,
    0x01, 0x04, 0x0b, 0x05, 0x02, 0x06, 0x03, 0x07, 0x01, 0x08, 0x01, 0x0e, 0x01, 0x0d, 0x01, 0x06, 0x04, 0x04, 0x01, 0x05,
    0x01, 0x08, 0x01, 0x0c, 0x12, 0x00, 0x10, 0x00, 0x03, 0x04, 0x01, 0x06, 0x02, 0x09, 0x01, 0x0a, 0x01, 0x0b, 0x01, 0x0d,
    0x03, 0x05, 0x01, 0x06, 0x01, 0x05, 0x01, 0x04, 0x04, 0x05, 0x02, 0x04, 0x01, 0x05, 0x03, 0x06, 0x02, 0x07, 0x01, 0x0c,
    0x01, 0x0e, 0x01, 0x06, 0x07, 0x04, 0x01, 0x07, 0x01, 0x0c, 0x11, 0x00, 0x10, 0x00, 0x01, 0x04, 0x01, 0x06, 0x01, 0x0f,
    0x02, 0x0d, 0x01, 0x0f, 0x01, 0x0c, 0x02, 0x0a, 0x04, 0x05, 0x01, 0x04, 0x03, 0x05, 0x01, 0x04, 0x02, 0x05, 0x01, 0x04,
    0x01, 0x05, 0x02, 0x06, 0x01, 0x05, 0x02, 0x07, 0x01, 0x0c, 0x01, 0x0d, 0x01, 0x06, 0x04, 0x0d, 0x01, 0x09, 0x03, 0x04,
    0x01, 0x09, 0x11, 0x00, 0x10, 0x00, 0x01, 0x05, 0x01, 0x0e, 0x01, 0x0d, 0x01, 0x0b, 0x01, 0x0a, 0x01, 0x0e, 0x01, 0x08,
    0x01, 0x0d, 0x01, 0x0b, 0x01, 0x06, 0x01, 0x0a, 0x01, 0x06, 0x01, 0x05, 0x02, 0x06, 0x03, 0x05, 0x01, 0x06, 0x02, 0x05,
    0x02, 0x06, 0x01, 0x0a, 0x01, 0x05, 0x02, 0x08, 0x01, 0x0c, 0x02, 0x0e, 0x03, 0x0b, 0x01, 0x0a, 0x02, 0x0d, 0x02, 0x04,
    0x01, 0x06, 0x11, 0x00, 0x10, 0x00, 0x01, 0x06, 0x01, 0x0e, 0x01, 0x0a, 0x01, 0x0b, 0x01, 0x0a, 0x01, 0x0b, 0x01, 0x06,
    0x01, 0x0b, 0x01, 0x0d, 0x02, 0x09, 0x05, 0x06, 0x07, 0x09, 0x01, 0x0e, 0x01, 0x06, 0x01, 0x08, 0x02, 0x0c, 0x01, 0x0e,
    0x01, 0x0b, 0x01, 0x0a, 0x04, 0x0b, 0x01, 0x0f, 0x01, 0x09, 0x01, 0x04, 0x01, 0x05, 0x11, 0x00, 0x10, 0x00, 0x01, 0x09,
    0x01, 0x0e, 0x01, 0x0b, 0x01, 0x0a, 0x02, 0x0b, 0x01, 0x06, 0x02, 0x0e, 0x01, 0x09, 0x06, 0x05, 0x01, 0x06, 0x01, 0x09,
    0x01, 0x05, 0x02, 0x06, 0x01, 0x09, 0x01, 0x06, 0x01, 0x0e, 0x01, 0x05, 0x02, 0x06, 0x01, 0x09, 0x01, 0x0d, 0x02, 0x0a,
    0x03, 0x0b, 0x01, 0x0d, 0x01, 0x0f, 0x01, 0x0e, 0x01, 0x04, 0x01, 0x05, 0x11, 0x00, 0x11, 0x00, 0x01, 0x0f, 0x01, 0x0d,
    0x01, 0x0b, 0x01, 0x0a, 0x01, 0x0d, 0x01, 0x0e, 0x01, 0x0f, 0x01, 0x0d, 0x01, 0x09, 0x01, 0x06, 0x05, 0x05, 0x01, 0x0d,
    0x02, 0x06, 0x01, 0x09, 0x01, 0x0d, 0x02, 0x09, 0x01, 0x0e, 0x01, 0x09, 0x01, 0x06, 0x01, 0x09, 0x01, 0x0d, 0x01, 0x0b,
    0x03, 0x0a, 0x02, 0x0b, 0x01, 0x0d, 0x01, 0x0f, 0x01, 0x09, 0x01, 0x05, 0x12, 0x00, 0x11, 0x00, 0x01, 0x0f, 0x01, 0x0e,
    0x01, 0x0b, 0x01, 0x0d, 0x01, 0x06, 0x01, 0x08, 0x01, 0x0c, 0x01, 0x08, 0x02, 0x0c, 0x01, 0x0b, 0x01, 0x0a, 0x02, 0x09,
    0x01, 0x0a, 0x02, 0x0d, 0x02, 0x0e, 0x01, 0x09, 0x03, 0x0c, 0x01, 0x0e, 0x01, 0x0d, 0x01, 0x0b, 0x01, 0x0d, 0x01, 0x0a,
    0x03, 0x0b, 0x01, 0x0d, 0x01, 0x0e, 0x02, 0x0f, 0x01, 0x06, 0x13, 0x00, 0x12, 0x00, 0x01, 0x0e, 0x01, 0x0d, 0x01, 0x06,
    0x01, 0x05, 0x04, 0x08, 0x01, 0x07, 0x06, 0x08, 0x01, 0x0c, 0x01, 0x0b, 0x01, 0x06, 0x01, 0x05, 0x01, 0x09, 0x04, 0x08,
    0x01, 0x05, 0x01, 0x09, 0x01, 0x0d, 0x03, 0x0b, 0x01, 0x0e, 0x02, 0x0f, 0x15, 0x00, 0x13, 0x00, 0x01, 0x0f, 0x01, 0x09,
    0x02, 0x07, 0x01, 0x08, 0x02, 0x07, 0x08, 0x08, 0x01, 0x06, 0x03, 0x05, 0x01, 0x06, 0x01, 0x07, 0x02, 0x08, 0x01, 0x06,
    0x01, 0x04, 0x01, 0x0d, 0x01, 0x0b, 0x01, 0x0d, 0x01, 0x0e, 0x02, 0x0f, 0x16, 0x00, 0x13, 0x00, 0x01, 0x0d, 0x01, 0x0a,
    0x05, 0x07, 0x08, 0x08, 0x05, 0x05, 0x01, 0x0a, 0x01, 0x07, 0x02, 0x08, 0x01, 0x05, 0x01, 0x06, 0x01, 0x0f, 0x01, 0x0e,
    0x02, 0x0f, 0x17, 0x00, 0x14, 0x00, 0x01, 0x0c, 0x02, 0x08, 0x01, 0x07, 0x06, 0x08, 0x01, 0x07, 0x03, 0x08, 0x04, 0x05,
    0x01, 0x06, 0x01, 0x08, 0x01, 0x07, 0x03, 0x08, 0x01, 0x06, 0x01, 0x0a, 0x02, 0x0f, 0x18, 0x00, 0x14, 0x00, 0x02, 0x0c,
    0x01, 0x08, 0x01, 0x07, 0x02, 0x08, 0x03, 0x0c, 0x04, 0x08, 0x01, 0x0a, 0x02, 0x06, 0x01, 0x09, 0x01, 0x05, 0x01, 0x0a,
    0x01, 0x08, 0x02, 0x07, 0x01, 0x08, 0x01, 0x0c, 0x01, 0x0b, 0x01, 0x09, 0x02, 0x0d, 0x18, 0x00, 0x14, 0x00, 0x02, 0x0c,
    0x03, 0x08, 0x01, 0x07, 0x01, 0x08, 0x01, 0x0c, 0x01, 0x0d, 0x03, 0x0e, 0x01, 0x0d, 0x01, 0x08, 0x02, 0x0c, 0x02, 0x0a,
    0x01, 0x08, 0x02, 0x07, 0x01, 0x08, 0x03, 0x0c, 0x01, 0x0d, 0x02, 0x0c, 0x18, 0x00, 0x14, 0x00, 0x02, 0x0c, 0x03, 0x08,
    0x01, 0x07, 0x02, 0x08, 0x02, 0x0c, 0x02, 0x0e, 0x01, 0x0f, 0x01, 0x0d, 0x01, 0x08, 0x02, 0x07, 0x03, 0x08, 0x01, 0x07,
    0x04, 0x08, 0x03, 0x0c, 0x18, 0x00, 0x14, 0x00, 0x01, 0x0d, 0x02, 0x0c, 0x04, 0x08, 0x01, 0x07, 0x01, 0x08, 0x02, 0x0c,
    0x01, 0x0e, 0x01, 0x0f, 0x01, 0x0c, 0x06, 0x08, 0x02, 0x07, 0x02, 0x08, 0x02, 0x0c, 0x01, 0x0d, 0x01, 0x0c, 0x18, 0x00,
    0x14, 0x00, 0x01, 0x09, 0x01, 0x06, 0x06, 0x08, 0x02, 0x0c, 0x02, 0x0d, 0x02, 0x0e, 0x01, 0x0c, 0x0a, 0x08, 0x01, 0x0a,
    0x02, 0x09, 0x18, 0x00, 0x15, 0x00, 0x01, 0x06, 0x03, 0x05, 0x04, 0x06, 0x03, 0x09, 0x01, 0x0d, 0x01, 0x0a, 0x04, 0x08,
    0x04, 0x06, 0x01, 0x05, 0x01, 0x04, 0x01, 0x05, 0x01, 0x06, 0x01, 0x0a, 0x01, 0x0b, 0x18, 0x00, 0x15, 0x00, 0x01, 0x0f,
    0x01, 0x0e, 0x01, 0x0a, 0x01, 0x06, 0x02, 0x05, 0x02, 0x06, 0x01, 0x09, 0x02, 0x0b, 0x01, 0x0f, 0x01, 0x00, 0x04, 0x05,
    0x01, 0x04, 0x03, 0x05, 0x02, 0x06, 0x01, 0x0a, 0x01, 0x0e, 0x02, 0x0f, 0x18, 0x00, 0x15, 0x00, 0x01, 0x0f, 0x03, 0x0b,
    0x02, 0x0e, 0x04, 0x0f, 0x02, 0x0e, 0x02, 0x00, 0x01, 0x0e, 0x03, 0x0d, 0x01, 0x0b, 0x01, 0x0a, 0x03, 0x0b, 0x01, 0x0d,
    0x01, 0x0f, 0x02, 0x0e, 0x18, 0x00, 0x15, 0x00, 0x01, 0x0f, 0x01, 0x0e, 0x03, 0x0b, 0x01, 0x0d, 0x01, 0x0e, 0x01, 0x0d,
    0x01, 0x0b, 0x02, 0x0e, 0x01, 0x0d, 0x03, 0x00, 0x01, 0x0d, 0x01, 0x0e, 0x01, 0x0d, 0x04, 0x0a, 0x01, 0x0b, 0x02, 0x0d,
    0x03, 0x0e, 0x17, 0x00, 0x15, 0x00, 0x01, 0x0d, 0x01, 0x0e, 0x01, 0x0f, 0x01, 0x0d, 0x02, 0x0e, 0x03, 0x0b, 0x01, 0x0d,
    0x02, 0x0e, 0x04, 0x00, 0x02, 0x0f, 0x01, 0x0b, 0x02, 0x0a, 0x01, 0x0b, 0x01, 0x0e, 0x01, 0x0d, 0x01, 0x0a, 0x01, 0x0b,
    0x01, 0x0e, 0x01, 0x0f, 0x17, 0x00, 0x16, 0x00, 0x04, 0x0e, 0x05, 0x0b, 0x02, 0x0e, 0x04, 0x00, 0x01, 0x0e, 0x02, 0x0f,
    0x01, 0x0e, 0x01, 0x0d, 0x02, 0x0e, 0x03, 0x0b, 0x01, 0x0d, 0x01, 0x0f, 0x17, 0x00, 0x16, 0x00, 0x01, 0x0e, 0x08, 0x0b,
    0x02, 0x0e, 0x04, 0x00, 0x01, 0x0d, 0x05, 0x0e, 0x01, 0x0b, 0x02, 0x0a, 0x01, 0x0b, 0x01, 0x0d, 0x01, 0x0e, 0x17, 0x00,
    0x17, 0x00, 0x01, 0x0d, 0x06, 0x0b, 0x01, 0x0e, 0x02, 0x0f, 0x04, 0x00, 0x01, 0x0d, 0x01, 0x0e, 0x01, 0x0d, 0x03, 0x0b,
    0x01, 0x0a, 0x03, 0x0b, 0x01, 0x0e, 0x01, 0x0f, 0x17, 0x00, 0x17, 0x00, 0x01, 0x0e, 0x05, 0x0b, 0x01, 0x0d, 0x02, 0x0e,
    0x06, 0x00, 0x01, 0x0e, 0x01, 0x0d, 0x01, 0x0b, 0x01, 0x0a, 0x01, 0x0b, 0x01, 0x0a, 0x02, 0x0b, 0x01, 0x0d, 0x01, 0x0e,
    0x01, 0x0f, 0x17, 0x00, 0x17, 0x00, 0x01, 0x0f, 0x01, 0x0d, 0x04, 0x0b, 0x02, 0x0e, 0x01, 0x0f, 0x07, 0x00, 0x01, 0x0e,
    0x01, 0x0d, 0x02, 0x0a, 0x03, 0x0b, 0x01, 0x0d, 0x01, 0x0e, 0x18, 0x00, 0x17, 0x00, 0x01, 0x0d, 0x01, 0x0b, 0x01, 0x0d,
    0x03, 0x0b, 0x01, 0x0d, 0x02, 0x0e, 0x07, 0x00, 0x01, 0x0f, 0x01, 0x0e, 0x05, 0x0b, 0x01, 0x0d, 0x01, 0x0e, 0x18, 0x00,
    0x15, 0x00, 0x02, 0x0d, 0x01, 0x0b, 0x01, 0x0d, 0x04, 0x0b, 0x01, 0x0d, 0x01, 0x0e, 0x01, 0x0d, 0x07, 0x00, 0x01, 0x0f,
    0x01, 0x0e, 0x04, 0x0b, 0x02, 0x0d, 0x01, 0x0f, 0x18, 0x00, 0x14, 0x00, 0x01, 0x0d, 0x02, 0x0b, 0x01, 0x0e, 0x01, 0x0d,
    0x02, 0x0b, 0x01, 0x0a, 0x01, 0x0b, 0x03, 0x0e, 0x07, 0x00, 0x01, 0x0d, 0x03, 0x0a, 0x03, 0x0b, 0x01, 0x0d, 0x01, 0x0f,
    0x18, 0x00, 0x13, 0x00, 0x03, 0x0b, 0x01, 0x0d, 0x01, 0x0b, 0x01, 0x0a, 0x02, 0x0b, 0x01, 0x0d, 0x01, 0x0e, 0x03, 0x0f,
    0x07, 0x00, 0x01, 0x0d, 0x01, 0x0a, 0x02, 0x0b, 0x01, 0x0d, 0x03, 0x0b, 0x01, 0x0d, 0x18, 0x00, 0x13, 0x00, 0x01, 0x0e,
    0x03, 0x0d, 0x03, 0x0b, 0x01, 0x0d, 0x01, 0x0e, 0x04, 0x0f, 0x07, 0x00, 0x02, 0x0b, 0x01, 0x0d, 0x05, 0x0b, 0x01, 0x0a,
    0x01, 0x0e, 0x17, 0x00, 0x13, 0x00, 0x01, 0x0f, 0x01, 0x0a, 0x01, 0x0e, 0x01, 0x0d, 0x01, 0x0b, 0x02, 0x0e, 0x04, 0x0f,
    0x08, 0x00, 0x01, 0x0e, 0x01, 0x0b, 0x01, 0x0d, 0x02, 0x0b, 0x01, 0x0d, 0x02, 0x0b, 0x01, 0x0d, 0x01, 0x0b, 0x01, 0x0f,
    0x17, 0x00, 0x15, 0x00, 0x02, 0x09, 0x01, 0x06, 0x01, 0x0e, 0x01, 0x0f, 0x0c, 0x00, 0x01, 0x0f, 0x01, 0x0d, 0x01, 0x0e,
    0x01, 0x0d, 0x01, 0x0b, 0x02, 0x0e, 0x01, 0x0d, 0x01, 0x0f, 0x01, 0x0e, 0x18, 0x00, 0x27, 0x00, 0x01, 0x0e, 0x02, 0x0b,
    0x01, 0x09, 0x01, 0x0d, 0x02, 0x09, 0x01, 0x0e, 0x19, 0x00, 0x48, 0x00, 0x48, 0x00, 0x48, 0x00
};
const Frame kIdleFrames[] PROGMEM = {
    {kIdle0, 2670, 280},
    {kIdle1, 2706, 110},
    {kIdle2, 2646, 110},
    {kIdle3, 2664, 140},
    {kIdle4, 2620, 140},
    {kIdle5, 2636, 320},
};

const uint8_t kWaving0[] PROGMEM = {
    0x48, 0x00, 0x48, 0x00, 0x1e, 0x00, 0x02, 0x02, 0x01, 0x03, 0x27, 0x00, 0x1d, 0x00, 0x01, 0x02, 0x01, 0x01, 0x01, 0x03,
    0x28, 0x00, 0x1c, 0x00, 0x01, 0x02, 0x01, 0x01, 0x01, 0x02, 0x01, 0x03, 0x01, 0x00, 0x01, 0x02, 0x07, 0x00, 0x02, 0x0d,
    0x1d, 0x00, 0x1c, 0x00, 0x01, 0x02, 0x01, 0x01, 0x03, 0x02, 0x01, 0x01, 0x03, 0x02, 0x03, 0x00, 0x01, 0x0b, 0x04, 0x0d,
    0x1b, 0x00, 0x1c, 0x00, 0x01, 0x03, 0x02, 0x01, 0x03, 0x02, 0x01, 0x01, 0x02, 0x03, 0x02, 0x02, 0x01, 0x0f, 0x01, 0x0e,
    0x05, 0x0d, 0x1a, 0x00, 0x18, 0x00, 0x01, 0x0d, 0x01, 0x0b, 0x01, 0x0d, 0x01, 0x05, 0x03, 0x03, 0x06, 0x02, 0x01, 0x01,
    0x01, 0x02, 0x01, 0x04, 0x01, 0x0a, 0x02, 0x0f, 0x01, 0x0e, 0x02, 0x0d, 0x1a, 0x00, 0x17, 0x00, 0x01, 0x0d, 0x01, 0x0b,
    0x01, 0x0d, 0x01, 0x0e, 0x01, 0x0a, 0x03, 0x03, 0x08, 0x02, 0x01, 0x01, 0x01, 0x03, 0x01, 0x06, 0x01, 0x0f, 0x01, 0x0e,
    0x01, 0x0d, 0x01, 0x0e, 0x07, 0x00, 0x01, 0x05, 0x12, 0x00, 0x16, 0x00, 0x01, 0x0d, 0x01, 0x0b, 0x01, 0x0e, 0x01, 0x0f,
    0x01, 0x0d, 0x01, 0x03, 0x01, 0x02, 0x02, 0x01, 0x04, 0x02, 0x03, 0x01, 0x02, 0x02, 0x02, 0x01, 0x01, 0x05, 0x01, 0x0f,
    0x01, 0x0b, 0x01, 0x0e, 0x07, 0x00, 0x01, 0x04, 0x01, 0x05, 0x01, 0x06, 0x10, 0x00, 0x16, 0x00, 0x02, 0x0d, 0x02, 0x0f,
    0x01, 0x04, 0x01, 0x01, 0x06, 0x02, 0x01, 0x01, 0x08, 0x02, 0x01, 0x06, 0x02, 0x0f, 0x06, 0x00, 0x01, 0x06, 0x01, 0x04,
    0x01, 0x05, 0x01, 0x09, 0x10, 0x00, 0x16, 0x00, 0x02, 0x0d, 0x01, 0x0f, 0x01, 0x06, 0x03, 0x02, 0x01, 0x01, 0x06, 0x02,
    0x03, 0x03, 0x01, 0x01, 0x02, 0x02, 0x01, 0x01, 0x01, 0x02, 0x01, 0x04, 0x07, 0x00, 0x01, 0x05, 0x01, 0x04, 0x01, 0x06,
    0x11, 0x00, 0x16, 0x00, 0x01, 0x0e, 0x01, 0x0d, 0x01, 0x0f, 0x01, 0x03, 0x01, 0x01, 0x02, 0x02, 0x01, 0x03, 0x07, 0x02,
    0x01, 0x04, 0x01, 0x09, 0x01, 0x04, 0x01, 0x02, 0x01, 0x01, 0x01, 0x02, 0x02, 0x01, 0x01, 0x03, 0x05, 0x00, 0x01, 0x05,
    0x01, 0x04, 0x01, 0x05, 0x01, 0x0a, 0x11, 0x00, 0x17, 0x00, 0x01, 0x0f, 0x01, 0x06, 0x02, 0x02, 0x02, 0x03, 0x01, 0x02,
    0x01, 0x03, 0x03, 0x02, 0x01, 0x01, 0x01, 0x04, 0x01, 0x0a, 0x01, 0x0e, 0x01, 0x0d, 0x01, 0x0e, 0x01, 0x06, 0x01, 0x02,
    0x01, 0x01, 0x01, 0x02, 0x01, 0x01, 0x01, 0x03, 0x04, 0x00, 0x01, 0x06, 0x01, 0x04, 0x01, 0x05, 0x01, 0x0b, 0x12, 0x00,
    0x18, 0x00, 0x01, 0x02, 0x01, 0x01, 0x01, 0x02, 0x03, 0x03, 0x01, 0x04, 0x01, 0x01, 0x02, 0x02, 0x01, 0x01, 0x01, 0x04,
    0x01, 0x0f, 0x01, 0x0e, 0x03, 0x0f, 0x01, 0x04, 0x01, 0x01, 0x04, 0x02, 0x03, 0x00, 0x01, 0x06, 0x01, 0x05, 0x01, 0x06,
    0x01, 0x09, 0x12, 0x00, 0x17, 0x00, 0x01, 0x03, 0x01, 0x02, 0x01, 0x01, 0x01, 0x02, 0x01, 0x09, 0x02, 0x0e, 0x01, 0x0a,
    0x03, 0x02, 0x01, 0x01, 0x01, 0x04, 0x01, 0x0b, 0x01, 0x06, 0x01, 0x0b, 0x01, 0x0f, 0x01, 0x09, 0x01, 0x0b, 0x03, 0x02,
    0x02, 0x03, 0x02, 0x00, 0x02, 0x05, 0x01, 0x09, 0x01, 0x0a, 0x01, 0x06, 0x12, 0x00, 0x18, 0x00, 0x01, 0x03, 0x01, 0x01,
    0x01, 0x04, 0x01, 0x0f, 0x01, 0x0e, 0x02, 0x0f, 0x01, 0x03, 0x03, 0x01, 0x02, 0x03, 0x01, 0x04, 0x01, 0x0f, 0x01, 0x06,
    0x01, 0x05, 0x01, 0x0d, 0x01, 0x02, 0x01, 0x01, 0x01, 0x02, 0x01, 0x01, 0x01, 0x02, 0x01, 0x00, 0x01, 0x09, 0x02, 0x05,
    0x03, 0x09, 0x12, 0x00, 0x18, 0x00, 0x01, 0x02, 0x01, 0x01, 0x01, 0x06, 0x01, 0x0d, 0x01, 0x0a, 0x01, 0x0d, 0x01, 0x0f,
    0x02, 0x03, 0x01, 0x08, 0x01, 0x04, 0x01, 0x01, 0x01, 0x02, 0x01, 0x03, 0x01, 0x09, 0x01, 0x0d, 0x01, 0x0a, 0x01, 0x03,
    0x01, 0x01, 0x03, 0x02, 0x01, 0x03, 0x01, 0x00, 0x02, 0x05, 0x01, 0x06, 0x01, 0x00, 0x01, 0x09, 0x01, 0x05, 0x01, 0x04,
    0x11, 0x00, 0x17, 0x00, 0x01, 0x02, 0x01, 0x01, 0x01, 0x02, 0x01, 0x0a, 0x02, 0x04, 0x01, 0x0f, 0x01, 0x09, 0x01, 0x02,
    0x01, 0x04, 0x01, 0x09, 0x01, 0x03, 0x01, 0x01, 0x03, 0x02, 0x01, 0x03, 0x01, 0x02, 0x01, 0x01, 0x03, 0x02, 0x01, 0x03,
    0x01, 0x00, 0x01, 0x06, 0x01, 0x05, 0x01, 0x09, 0x01, 0x0a, 0x01, 0x00, 0x01, 0x09, 0x01, 0x05, 0x01, 0x04, 0x11, 0x00,
    0x17, 0x00, 0x01, 0x03, 0x01, 0x02, 0x01, 0x01, 0x01, 0x05, 0x01, 0x0b, 0x01, 0x05, 0x01, 0x0e, 0x01, 0x03, 0x05, 0x01,
    0x01, 0x02, 0x01, 0x03, 0x01, 0x01, 0x04, 0x02, 0x01, 0x01, 0x01, 0x04, 0x01, 0x05, 0x01, 0x0e, 0x02, 0x05, 0x01, 0x09,
    0x02, 0x00, 0x01, 0x09, 0x01, 0x05, 0x01, 0x04, 0x11, 0x00, 0x17, 0x00, 0x01, 0x03, 0x01, 0x01, 0x01, 0x02, 0x01, 0x03,
    0x01, 0x05, 0x01, 0x06, 0x01, 0x03, 0x01, 0x01, 0x01, 0x02, 0x01, 0x01, 0x04, 0x03, 0x01, 0x02, 0x01, 0x01, 0x01, 0x02,
    0x02, 0x01, 0x01, 0x03, 0x01, 0x05, 0x01, 0x0f, 0x01, 0x0d, 0x01, 0x09, 0x01, 0x05, 0x01, 0x09, 0x03, 0x00, 0x01, 0x06,
    0x02, 0x04, 0x01, 0x05, 0x10, 0x00, 0x17, 0x00, 0x02, 0x03, 0x03, 0x02, 0x02, 0x01, 0x01, 0x02, 0x02, 0x03, 0x01, 0x02,
    0x01, 0x01, 0x01, 0x02, 0x02, 0x01, 0x01, 0x02, 0x02, 0x03, 0x01, 0x05, 0x01, 0x0b, 0x01, 0x0f, 0x01, 0x0a, 0x01, 0x08,
    0x01, 0x0a, 0x01, 0x09, 0x01, 0x0d, 0x02, 0x00, 0x02, 0x09, 0x02, 0x05, 0x01, 0x09, 0x10, 0x00, 0x18, 0x00, 0x01, 0x09,
    0x01, 0x04, 0x02, 0x02, 0x06, 0x01, 0x01, 0x03, 0x01, 0x02, 0x01, 0x03, 0x01, 0x04, 0x02, 0x0a, 0x01, 0x0e, 0x01, 0x0d,
    0x02, 0x06, 0x01, 0x07, 0x01, 0x0c, 0x02, 0x09, 0x03, 0x00, 0x01, 0x09, 0x01, 0x0b, 0x01, 0x09, 0x01, 0x08, 0x11, 0x00,
    0x17, 0x00, 0x01, 0x04, 0x01, 0x08, 0x01, 0x0e, 0x01, 0x06, 0x02, 0x04, 0x01, 0x03, 0x03, 0x04, 0x01, 0x05, 0x01, 0x0b,
    0x01, 0x09, 0x01, 0x0b, 0x03, 0x0e, 0x01, 0x09, 0x01, 0x06, 0x01, 0x07, 0x01, 0x08, 0x02, 0x0c, 0x01, 0x0b, 0x01, 0x0a,
    0x04, 0x00, 0x01, 0x05, 0x13, 0x00, 0x17, 0x00, 0x01, 0x04, 0x01, 0x06, 0x01, 0x0c, 0x02, 0x0f, 0x01, 0x0e, 0x02, 0x0f,
    0x02, 0x0e, 0x01, 0x0d, 0x01, 0x0b, 0x03, 0x0d, 0x01, 0x06, 0x01, 0x05, 0x01, 0x06, 0x01, 0x07, 0x01, 0x08, 0x02, 0x0c,
    0x02, 0x07, 0x01, 0x0c, 0x01, 0x08, 0x03, 0x00, 0x01, 0x03, 0x13, 0x00, 0x17, 0x00, 0x01, 0x0f, 0x01, 0x06, 0x01, 0x07,
    0x02, 0x0e, 0x02, 0x04, 0x01, 0x06, 0x01, 0x0e, 0x02, 0x0d, 0x01, 0x0e, 0x01, 0x0d, 0x01, 0x06, 0x01, 0x04, 0x01, 0x03,
    0x01, 0x06, 0x01, 0x09, 0x01, 0x08, 0x01, 0x0c, 0x01, 0x08, 0x05, 0x07, 0x02, 0x08, 0x01, 0x06, 0x02, 0x05, 0x12, 0x00,
    0x16, 0x00, 0x01, 0x07, 0x02, 0x0c, 0x01, 0x08, 0x01, 0x0e, 0x01, 0x09, 0x01, 0x03, 0x01, 0x02, 0x02, 0x03, 0x01, 0x06,
    0x01, 0x09, 0x01, 0x04, 0x01, 0x03, 0x01, 0x02, 0x01, 0x03, 0x01, 0x05, 0x01, 0x0a, 0x01, 0x09, 0x01, 0x08, 0x01, 0x0c,
    0x08, 0x07, 0x01, 0x06, 0x01, 0x05, 0x13, 0x00, 0x15, 0x00, 0x01, 0x08, 0x01, 0x07, 0x01, 0x0c, 0x01, 0x08, 0x02, 0x0a,
    0x01, 0x05, 0x03, 0x02, 0x01, 0x01, 0x02, 0x02, 0x02, 0x01, 0x01, 0x02, 0x01, 0x04, 0x03, 0x06, 0x01, 0x08, 0x09, 0x07,
    0x01, 0x0c, 0x14, 0x00, 0x15, 0x00, 0x01, 0x08, 0x01, 0x0c, 0x02, 0x08, 0x01, 0x0b, 0x01, 0x06, 0x01, 0x05, 0x08, 0x02,
    0x01, 0x04, 0x03, 0x06, 0x01, 0x07, 0x01, 0x08, 0x03, 0x07, 0x01, 0x08, 0x05, 0x07, 0x01, 0x08, 0x14, 0x00, 0x14, 0x00,
    0x01, 0x0c, 0x01, 0x08, 0x01, 0x0c, 0x01, 0x07, 0x01, 0x0a, 0x01, 0x09, 0x01, 0x06, 0x01, 0x05, 0x01, 0x03, 0x06, 0x02,
    0x01, 0x04, 0x01, 0x06, 0x01, 0x05, 0x02, 0x06, 0x02, 0x08, 0x01, 0x07, 0x01, 0x08, 0x01, 0x0c, 0x02, 0x08, 0x05, 0x07,
    0x01, 0x0c, 0x13, 0x00, 0x14, 0x00, 0x02, 0x08, 0x01, 0x0c, 0x01, 0x07, 0x01, 0x09, 0x02, 0x06, 0x01, 0x05, 0x01, 0x03,
    0x04, 0x02, 0x01, 0x03, 0x01, 0x04, 0x01, 0x06, 0x02, 0x05, 0x02, 0x06, 0x02, 0x08, 0x01, 0x07, 0x01, 0x08, 0x02, 0x0c,
    0x03, 0x08, 0x03, 0x07, 0x01, 0x0c, 0x13, 0x00, 0x13, 0x00, 0x01, 0x0c, 0x01, 0x07, 0x01, 0x08, 0x01, 0x0c, 0x01, 0x08,
    0x01, 0x09, 0x02, 0x05, 0x01, 0x06, 0x01, 0x03, 0x03, 0x02, 0x01, 0x03, 0x01, 0x04, 0x01, 0x06, 0x01, 0x05, 0x04, 0x06,
    0x01, 0x08, 0x02, 0x07, 0x01, 0x08, 0x02, 0x0c, 0x02, 0x08, 0x05, 0x07, 0x01, 0x08, 0x12, 0x00, 0x12, 0x00, 0x02, 0x0c,
    0x01, 0x08, 0x02, 0x0c, 0x01, 0x08, 0x01, 0x06, 0x03, 0x05, 0x01, 0x04, 0x02, 0x02, 0x01, 0x03, 0x01, 0x05, 0x01, 0x06,
    0x01, 0x05, 0x01, 0x06, 0x02, 0x05, 0x02, 0x06, 0x01, 0x07, 0x02, 0x08, 0x01, 0x0c, 0x01, 0x0e, 0x01, 0x0c, 0x02, 0x08,
    0x03, 0x0c, 0x01, 0x08, 0x01, 0x07, 0x01, 0x0c, 0x12, 0x00, 0x12, 0x00, 0x01, 0x0c, 0x02, 0x08, 0x02, 0x0c, 0x01, 0x0a,
    0x01, 0x06, 0x01, 0x05, 0x01, 0x06, 0x02, 0x05, 0x02, 0x04, 0x03, 0x05, 0x01, 0x06, 0x03, 0x05, 0x02, 0x06, 0x03, 0x07,
    0x01, 0x08, 0x01, 0x0e, 0x01, 0x0d, 0x03, 0x0c, 0x02, 0x08, 0x01, 0x0c, 0x02, 0x08, 0x01, 0x0c, 0x11, 0x00, 0x11, 0x00,
    0x01, 0x06, 0x03, 0x04, 0x01, 0x05, 0x01, 0x0c, 0x02, 0x09, 0x04, 0x05, 0x01, 0x06, 0x01, 0x05, 0x01, 0x06, 0x01, 0x05,
    0x01, 0x06, 0x01, 0x05, 0x01, 0x06, 0x02, 0x05, 0x02, 0x06, 0x01, 0x07, 0x01, 0x08, 0x01, 0x07, 0x01, 0x08, 0x01, 0x0e,
    0x01, 0x0c, 0x01, 0x09, 0x01, 0x05, 0x03, 0x04, 0x01, 0x06, 0x02, 0x08, 0x01, 0x0c, 0x11, 0x00, 0x10, 0x00, 0x01, 0x05,
    0x02, 0x04, 0x02, 0x05, 0x01, 0x09, 0x01, 0x0a, 0x01, 0x0b, 0x01, 0x0a, 0x02, 0x05, 0x02, 0x06, 0x02, 0x05, 0x02, 0x06,
    0x05, 0x05, 0x01, 0x06, 0x01, 0x09, 0x01, 0x07, 0x02, 0x08, 0x01, 0x0c, 0x01, 0x0e, 0x01, 0x06, 0x07, 0x04, 0x01, 0x07,
    0x01, 0x0c, 0x11, 0x00, 0x10, 0x00, 0x01, 0x04, 0x01, 0x05, 0x03, 0x0d, 0x01, 0x0f, 0x01, 0x08, 0x01, 0x0b, 0x01, 0x09,
    0x01, 0x06, 0x01, 0x05, 0x02, 0x06, 0x01, 0x05, 0x02, 0x06, 0x05, 0x05, 0x04, 0x06, 0x01, 0x08, 0x01, 0x07, 0x01, 0x0c,
    0x01, 0x0b, 0x01, 0x05, 0x04, 0x09, 0x01, 0x05, 0x03, 0x04, 0x01, 0x09, 0x11, 0x00, 0x0f, 0x00, 0x02, 0x05, 0x01, 0x0e,
    0x01, 0x0d, 0x02, 0x0a, 0x01, 0x0d, 0x01, 0x07, 0x01, 0x0e, 0x01, 0x09, 0x01, 0x06, 0x01, 0x08, 0x02, 0x05, 0x02, 0x06,
    0x06, 0x05, 0x02, 0x06, 0x01, 0x0a, 0x01, 0x06, 0x01, 0x0c, 0x01, 0x08, 0x01, 0x0c, 0x01, 0x0d, 0x02, 0x0e, 0x04, 0x0d,
    0x01, 0x09, 0x02, 0x04, 0x01, 0x05, 0x11, 0x00, 0x10, 0x00, 0x01, 0x06, 0x01, 0x0d, 0x04, 0x0b, 0x01, 0x08, 0x01, 0x0e,
    0x05, 0x09, 0x03, 0x06, 0x01, 0x0a, 0x05, 0x09, 0x01, 0x0b, 0x01, 0x0e, 0x01, 0x06, 0x01, 0x08, 0x02, 0x0c, 0x01, 0x0f,
    0x01, 0x0d, 0x05, 0x0b, 0x01, 0x0f, 0x01, 0x06, 0x01, 0x04, 0x01, 0x06, 0x11, 0x00, 0x10, 0x00, 0x01, 0x09, 0x01, 0x0d,
    0x02, 0x0b, 0x01, 0x0d, 0x01, 0x09, 0x01, 0x06, 0x01, 0x0e, 0x01, 0x09, 0x01, 0x06, 0x04, 0x05, 0x03, 0x06, 0x03, 0x09,
    0x01, 0x06, 0x03, 0x09, 0x01, 0x06, 0x01, 0x07, 0x01, 0x08, 0x01, 0x0b, 0x01, 0x0e, 0x05, 0x0b, 0x01, 0x0d, 0x02, 0x0e,
    0x02, 0x05, 0x11, 0x00, 0x10, 0x00, 0x02, 0x0e, 0x03, 0x0b, 0x01, 0x0d, 0x01, 0x0e, 0x01, 0x0f, 0x01, 0x09, 0x02, 0x06,
    0x04, 0x05, 0x01, 0x06, 0x01, 0x09, 0x01, 0x05, 0x01, 0x06, 0x04, 0x09, 0x01, 0x0e, 0x01, 0x06, 0x01, 0x05, 0x01, 0x06,
    0x02, 0x0d, 0x05, 0x0b, 0x01, 0x0d, 0x01, 0x0f, 0x01, 0x0e, 0x01, 0x05, 0x01, 0x06, 0x11, 0x00, 0x11, 0x00, 0x01, 0x0e,
    0x01, 0x0d, 0x01, 0x0b, 0x01, 0x0d, 0x01, 0x09, 0x01, 0x0b, 0x02, 0x0c, 0x01, 0x0b, 0x01, 0x09, 0x01, 0x06, 0x01, 0x09,
    0x02, 0x06, 0x01, 0x09, 0x01, 0x0d, 0x02, 0x09, 0x01, 0x0b, 0x06, 0x0d, 0x02, 0x0e, 0x05, 0x0b, 0x01, 0x0d, 0x02, 0x0f,
    0x01, 0x09, 0x01, 0x06, 0x12, 0x00, 0x12, 0x00, 0x02, 0x0d, 0x01, 0x09, 0x01, 0x05, 0x01, 0x08, 0x01, 0x0c, 0x03, 0x08,
    0x06, 0x0c, 0x02, 0x0d, 0x01, 0x09, 0x01, 0x05, 0x01, 0x0c, 0x01, 0x08, 0x02, 0x0c, 0x01, 0x0b, 0x01, 0x05, 0x01, 0x0a,
    0x04, 0x0b, 0x01, 0x0d, 0x01, 0x0e, 0x02, 0x0f, 0x01, 0x06, 0x13, 0x00, 0x12, 0x00, 0x02, 0x0d, 0x01, 0x06, 0x08, 0x08,
    0x01, 0x0a, 0x04, 0x08, 0x01, 0x09, 0x01, 0x06, 0x01, 0x05, 0x01, 0x06, 0x01, 0x0a, 0x03, 0x08, 0x01, 0x05, 0x01, 0x06,
    0x01, 0x0d, 0x02, 0x0b, 0x01, 0x0d, 0x01, 0x0e, 0x02, 0x0f, 0x15, 0x00, 0x13, 0x00, 0x01, 0x0d, 0x01, 0x09, 0x0d, 0x08,
    0x01, 0x06, 0x01, 0x05, 0x01, 0x06, 0x01, 0x05, 0x01, 0x09, 0x03, 0x08, 0x01, 0x06, 0x01, 0x04, 0x01, 0x0a, 0x01, 0x0d,
    0x02, 0x0e, 0x01, 0x0f, 0x17, 0x00, 0x13, 0x00, 0x01, 0x09, 0x01, 0x0a, 0x0c, 0x08, 0x01, 0x0a, 0x02, 0x05, 0x01, 0x06,
    0x01, 0x05, 0x01, 0x06, 0x01, 0x0a, 0x03, 0x08, 0x01, 0x06, 0x01, 0x05, 0x01, 0x0e, 0x02, 0x0f, 0x18, 0x00, 0x14, 0x00,
    0x01, 0x0c, 0x04, 0x08, 0x02, 0x0c, 0x06, 0x08, 0x01, 0x0a, 0x02, 0x05, 0x01, 0x06, 0x01, 0x05, 0x01, 0x09, 0x04, 0x08,
    0x01, 0x0c, 0x02, 0x09, 0x01, 0x0f, 0x01, 0x0d, 0x18, 0x00, 0x14, 0x00, 0x03, 0x0c, 0x03, 0x08, 0x01, 0x0c, 0x02, 0x0d,
    0x03, 0x0c, 0x01, 0x08, 0x01, 0x0a, 0x01, 0x09, 0x01, 0x0b, 0x02, 0x09, 0x01, 0x0c, 0x04, 0x08, 0x01, 0x0c, 0x01, 0x0d,
    0x01, 0x0b, 0x02, 0x0c, 0x18, 0x00, 0x14, 0x00, 0x02, 0x0c, 0x06, 0x08, 0x01, 0x0d, 0x01, 0x0e, 0x02, 0x0f, 0x01, 0x0d,
    0x05, 0x0c, 0x04, 0x08, 0x03, 0x0c, 0x01, 0x0d, 0x02, 0x0c, 0x18, 0x00, 0x14, 0x00, 0x02, 0x0c, 0x07, 0x08, 0x01, 0x0c,
    0x01, 0x0d, 0x02, 0x0f, 0x01, 0x0c, 0x0a, 0x08, 0x04, 0x0c, 0x18, 0x00, 0x14, 0x00, 0x01, 0x09, 0x02, 0x0c, 0x06, 0x08,
    0x02, 0x0c, 0x01, 0x0e, 0x01, 0x0f, 0x01, 0x0c, 0x09, 0x08, 0x02, 0x0c, 0x02, 0x0d, 0x01, 0x0a, 0x18, 0x00, 0x14, 0x00,
    0x03, 0x06, 0x02, 0x08, 0x01, 0x0a, 0x03, 0x0c, 0x02, 0x0d, 0x02, 0x0b, 0x01, 0x0d, 0x02, 0x0c, 0x02, 0x08, 0x01, 0x0c,
    0x06, 0x08, 0x02, 0x09, 0x01, 0x0a, 0x18, 0x00, 0x15, 0x00, 0x01, 0x09, 0x01, 0x06, 0x04, 0x05, 0x02, 0x06, 0x03, 0x09,
    0x01, 0x0d, 0x09, 0x06, 0x02, 0x05, 0x01, 0x06, 0x01, 0x09, 0x02, 0x0e, 0x18, 0x00, 0x15, 0x00, 0x01, 0x0f, 0x01, 0x0d,
    0x01, 0x0b, 0x01, 0x0a, 0x03, 0x09, 0x01, 0x0b, 0x01, 0x0d, 0x02, 0x0e, 0x01, 0x0f, 0x01, 0x00, 0x08, 0x06, 0x01, 0x09,
    0x01, 0x0b, 0x01, 0x0e, 0x01, 0x0f, 0x01, 0x0e, 0x01, 0x0f, 0x18, 0x00, 0x15, 0x00, 0x01, 0x0f, 0x01, 0x0d, 0x02, 0x0b,
    0x02, 0x0d, 0x01, 0x0e, 0x01, 0x0f, 0x02, 0x0e, 0x02, 0x0f, 0x02, 0x00, 0x01, 0x0f, 0x03, 0x0e, 0x05, 0x0b, 0x01, 0x0d,
    0x01, 0x0e, 0x02, 0x0f, 0x18, 0x00, 0x15, 0x00, 0x02, 0x0f, 0x01, 0x0d, 0x02, 0x0b, 0x01, 0x0d, 0x01, 0x0e, 0x02, 0x0b,
    0x01, 0x0e, 0x02, 0x0f, 0x03, 0x00, 0x01, 0x0d, 0x01, 0x0e, 0x01, 0x0d, 0x03, 0x0a, 0x01, 0x0b, 0x01, 0x0d, 0x01, 0x0e,
    0x01, 0x0b, 0x02, 0x0e, 0x01, 0x0f, 0x17, 0x00, 0x15, 0x00, 0x01, 0x0f, 0x01, 0x0e, 0x01, 0x0f, 0x01, 0x0e, 0x01, 0x0f,
    0x01, 0x0e, 0x02, 0x0b, 0x02, 0x0d, 0x02, 0x0e, 0x03, 0x00, 0x01, 0x0f, 0x01, 0x0e, 0x01, 0x0f, 0x01, 0x0d, 0x02, 0x0b,
    0x01, 0x0d, 0x01, 0x0e, 0x01, 0x0d, 0x01, 0x0b, 0x01, 0x0d, 0x01, 0x0e, 0x01, 0x0f, 0x17, 0x00, 0x16, 0x00, 0x01, 0x0e,
    0x01, 0x0d, 0x01, 0x0e, 0x01, 0x0d, 0x04, 0x0b, 0x01, 0x0d, 0x01, 0x0e, 0x01, 0x0d, 0x03, 0x00, 0x02, 0x0d, 0x01, 0x0e,
    0x01, 0x0f, 0x02, 0x0e, 0x01, 0x0f, 0x01, 0x0d, 0x01, 0x0b, 0x02, 0x0d, 0x01, 0x0e, 0x01, 0x0f, 0x17, 0x00, 0x16, 0x00,
    0x01, 0x0f, 0x07, 0x0b, 0x01, 0x0d, 0x02, 0x0e, 0x04, 0x00, 0x02, 0x0e, 0x02, 0x0d, 0x01, 0x0e, 0x01, 0x0d, 0x03, 0x0b,
    0x01, 0x0d, 0x01, 0x0e, 0x01, 0x0f, 0x17, 0x00, 0x17, 0x00, 0x01, 0x0e, 0x06, 0x0b, 0x02, 0x0e, 0x01, 0x0f, 0x04, 0x00,
    0x01, 0x0d, 0x01, 0x0e, 0x01, 0x0d, 0x05, 0x0b, 0x01, 0x0d, 0x01, 0x0e, 0x02, 0x0f, 0x17, 0x00, 0x17, 0x00, 0x01, 0x0f,
    0x01, 0x0d, 0x03, 0x0b, 0x02, 0x0d, 0x02, 0x0e, 0x06, 0x00, 0x01, 0x0f, 0x01, 0x0d, 0x04, 0x0b, 0x02, 0x0d, 0x01, 0x0e,
    0x01, 0x0f, 0x18, 0x00, 0x17, 0x00, 0x01, 0x0f, 0x02, 0x0d, 0x03, 0x0b, 0x02, 0x0e, 0x01, 0x0f, 0x07, 0x00, 0x01, 0x0e,
    0x01, 0x0d, 0x02, 0x0b, 0x03, 0x0d, 0x01, 0x0e, 0x01, 0x0f, 0x18, 0x00, 0x16, 0x00, 0x01, 0x0f, 0x01, 0x0e, 0x02, 0x0d,
    0x03, 0x0b, 0x01, 0x0d, 0x02, 0x0e, 0x07, 0x00, 0x01, 0x0f, 0x01, 0x0d, 0x01, 0x0b, 0x04, 0x0d, 0x01, 0x0e, 0x01, 0x0f,
    0x18, 0x00, 0x15, 0x00, 0x04, 0x0d, 0x04, 0x0b, 0x01, 0x0d, 0x01, 0x0f, 0x01, 0x0e, 0x07, 0x00, 0x01, 0x0f, 0x01, 0x0d,
    0x02, 0x0b, 0x03, 0x0d, 0x01, 0x0e, 0x01, 0x0f, 0x18, 0x00, 0x13, 0x00, 0x03, 0x0b, 0x03, 0x0d, 0x03, 0x0b, 0x01, 0x0d,
    0x01, 0x0e, 0x01, 0x0f, 0x02, 0x0e, 0x06, 0x00, 0x01, 0x0d, 0x04, 0x0b, 0x03, 0x0d, 0x01, 0x0f, 0x18, 0x00, 0x13, 0x00,
    0x03, 0x0b, 0x01, 0x0d, 0x04, 0x0b, 0x01, 0x0d, 0x03, 0x0e, 0x01, 0x0f, 0x07, 0x00, 0x01, 0x0d, 0x03, 0x0b, 0x01, 0x0d,
    0x01, 0x0b, 0x02, 0x0d, 0x01, 0x0e, 0x18, 0x00, 0x13, 0x00, 0x01, 0x0e, 0x03, 0x0d, 0x02, 0x0b, 0x02, 0x0d, 0x01, 0x0e,
    0x02, 0x0f, 0x01, 0x0e, 0x01, 0x0f, 0x06, 0x00, 0x01, 0x0d, 0x01, 0x0b, 0x02, 0x0d, 0x01, 0x0b, 0x01, 0x0d, 0x02, 0x0b,
    0x02, 0x0d, 0x01, 0x0e, 0x17, 0x00, 0x13, 0x00, 0x01, 0x0f, 0x01, 0x09, 0x02, 0x0d, 0x01, 0x09, 0x01, 0x0d, 0x01, 0x0e,
    0x02, 0x0f, 0x0a, 0x00, 0x01, 0x0e, 0x01, 0x0b, 0x01, 0x0d, 0x02, 0x0b, 0x03, 0x0d, 0x01, 0x0e, 0x01, 0x0d, 0x01, 0x0f,
    0x17, 0x00, 0x16, 0x00, 0x01, 0x09, 0x01, 0x06, 0x01, 0x0e, 0x0e, 0x00, 0x02, 0x0e, 0x01, 0x0d, 0x01, 0x0a, 0x01, 0x0e,
    0x01, 0x0b, 0x01, 0x0d, 0x01, 0x0f, 0x01, 0x0d, 0x18, 0x00, 0x28, 0x00, 0x01, 0x0d, 0x02, 0x09, 0x01, 0x0b, 0x02, 0x09,
    0x1a, 0x00, 0x48, 0x00, 0x48, 0x00
};
const uint8_t kWaving1[] PROGMEM = {
    0x48, 0x00, 0x48, 0x00, 0x48, 0x00, 0x21, 0x00, 0x01, 0x02, 0x01, 0x01, 0x01, 0x03, 0x24, 0x00, 0x20, 0x00, 0x01, 0x03,
    0x01, 0x01, 0x01, 0x03, 0x25, 0x00, 0x1f, 0x00, 0x01, 0x02, 0x02, 0x01, 0x02, 0x02, 0x01, 0x03, 0x01, 0x02, 0x22, 0x00,
    0x1f, 0x00, 0x01, 0x02, 0x01, 0x01, 0x01, 0x02, 0x04, 0x01, 0x01, 0x02, 0x01, 0x03, 0x03, 0x00, 0x01, 0x0b, 0x04, 0x0d,
    0x18, 0x00, 0x1c, 0x00, 0x01, 0x0d, 0x01, 0x0b, 0x02, 0x00, 0x02, 0x02, 0x01, 0x01, 0x02, 0x02, 0x01, 0x01, 0x01, 0x02,
    0x01, 0x03, 0x02, 0x02, 0x01, 0x09, 0x01, 0x0f, 0x01, 0x0b, 0x02, 0x0d, 0x01, 0x0b, 0x01, 0x0d, 0x17, 0x00, 0x1b, 0x00,
    0x02, 0x0d, 0x01, 0x0b, 0x01, 0x0f, 0x02, 0x03, 0x01, 0x04, 0x06, 0x02, 0x02, 0x01, 0x01, 0x03, 0x01, 0x06, 0x02, 0x0f,
    0x01, 0x0e, 0x01, 0x0d, 0x01, 0x0b, 0x01, 0x0d, 0x16, 0x00, 0x1a, 0x00, 0x02, 0x0d, 0x02, 0x0e, 0x01, 0x09, 0x01, 0x03,
    0x04, 0x02, 0x01, 0x01, 0x01, 0x02, 0x02, 0x01, 0x02, 0x02, 0x01, 0x01, 0x01, 0x02, 0x01, 0x04, 0x02, 0x0f, 0x03, 0x0d,
    0x16, 0x00, 0x19, 0x00, 0x01, 0x0e, 0x01, 0x0b, 0x01, 0x0e, 0x01, 0x0f, 0x01, 0x0d, 0x01, 0x03, 0x01, 0x01, 0x01, 0x02,
    0x06, 0x01, 0x01, 0x02, 0x02, 0x01, 0x01, 0x02, 0x02, 0x01, 0x01, 0x04, 0x01, 0x0f, 0x01, 0x0b, 0x01, 0x0e, 0x05, 0x00,
    0x02, 0x04, 0x10, 0x00, 0x19, 0x00, 0x02, 0x0d, 0x02, 0x0f, 0x01, 0x03, 0x01, 0x01, 0x01, 0x02, 0x02, 0x01, 0x03, 0x02,
    0x01, 0x01, 0x03, 0x03, 0x05, 0x02, 0x01, 0x06, 0x02, 0x0f, 0x04, 0x00, 0x01, 0x05, 0x01, 0x04, 0x01, 0x05, 0x01, 0x09,
    0x0f, 0x00, 0x11, 0x00, 0x01, 0x09, 0x01, 0x0a, 0x01, 0x0b, 0x01, 0x09, 0x04, 0x00, 0x01, 0x0e, 0x01, 0x0b, 0x01, 0x0f,
    0x01, 0x05, 0x01, 0x01, 0x01, 0x02, 0x01, 0x01, 0x02, 0x02, 0x03, 0x01, 0x04, 0x02, 0x01, 0x04, 0x01, 0x02, 0x01, 0x01,
    0x01, 0x02, 0x01, 0x01, 0x01, 0x02, 0x01, 0x05, 0x05, 0x00, 0x01, 0x05, 0x01, 0x04, 0x01, 0x06, 0x01, 0x0d, 0x0f, 0x00,
    0x10, 0x00, 0x01, 0x0a, 0x01, 0x0d, 0x04, 0x09, 0x04, 0x00, 0x01, 0x0f, 0x01, 0x0e, 0x01, 0x03, 0x01, 0x01, 0x01, 0x02,
    0x01, 0x03, 0x01, 0x02, 0x01, 0x03, 0x01, 0x02, 0x03, 0x01, 0x02, 0x03, 0x01, 0x06, 0x01, 0x0e, 0x01, 0x09, 0x01, 0x03,
    0x01, 0x01, 0x01, 0x02, 0x01, 0x01, 0x01, 0x02, 0x01, 0x03, 0x03, 0x00, 0x01, 0x05, 0x01, 0x04, 0x01, 0x05, 0x01, 0x0a,
    0x10, 0x00, 0x0f, 0x00, 0x01, 0x0b, 0x01, 0x0d, 0x01, 0x06, 0x04, 0x09, 0x05, 0x00, 0x01, 0x03, 0x01, 0x01, 0x01, 0x02,
    0x02, 0x03, 0x01, 0x02, 0x01, 0x03, 0x01, 0x02, 0x01, 0x01, 0x01, 0x02, 0x01, 0x01, 0x01, 0x04, 0x02, 0x0f, 0x02, 0x0e,
    0x01, 0x0b, 0x01, 0x03, 0x01, 0x01, 0x02, 0x02, 0x01, 0x04, 0x02, 0x00, 0x01, 0x06, 0x02, 0x05, 0x01, 0x09, 0x11, 0x00,
    0x0f, 0x00, 0x01, 0x0b, 0x02, 0x09, 0x02, 0x0e, 0x03, 0x0d, 0x01, 0x09, 0x02, 0x00, 0x01, 0x03, 0x01, 0x02, 0x02, 0x01,
    0x01, 0x06, 0x01, 0x0d, 0x02, 0x0b, 0x01, 0x03, 0x01, 0x01, 0x01, 0x02, 0x01, 0x01, 0x01, 0x04, 0x01, 0x0f, 0x01, 0x0a,
    0x01, 0x0e, 0x02, 0x0f, 0x01, 0x05, 0x01, 0x01, 0x03, 0x02, 0x01, 0x03, 0x01, 0x00, 0x01, 0x09, 0x01, 0x05, 0x01, 0x06,
    0x01, 0x09, 0x11, 0x00, 0x0f, 0x00, 0x01, 0x0d, 0x01, 0x09, 0x01, 0x0e, 0x01, 0x0d, 0x01, 0x0a, 0x01, 0x0b, 0x01, 0x0f,
    0x02, 0x09, 0x03, 0x00, 0x01, 0x03, 0x01, 0x01, 0x01, 0x04, 0x01, 0x0f, 0x01, 0x0e, 0x02, 0x0f, 0x01, 0x04, 0x03, 0x01,
    0x01, 0x03, 0x01, 0x04, 0x01, 0x05, 0x01, 0x0f, 0x01, 0x09, 0x01, 0x05, 0x01, 0x0b, 0x03, 0x02, 0x01, 0x04, 0x01, 0x00,
    0x01, 0x05, 0x01, 0x04, 0x01, 0x09, 0x01, 0x0a, 0x01, 0x06, 0x11, 0x00, 0x0f, 0x00, 0x02, 0x0e, 0x01, 0x0b, 0x01, 0x06,
    0x01, 0x05, 0x01, 0x06, 0x01, 0x0e, 0x01, 0x0a, 0x01, 0x0b, 0x03, 0x00, 0x02, 0x01, 0x01, 0x06, 0x01, 0x0e, 0x01, 0x0a,
    0x01, 0x0d, 0x01, 0x0f, 0x01, 0x03, 0x01, 0x02, 0x02, 0x04, 0x01, 0x01, 0x01, 0x02, 0x01, 0x04, 0x01, 0x0f, 0x01, 0x09,
    0x01, 0x0d, 0x01, 0x05, 0x01, 0x01, 0x01, 0x02, 0x01, 0x01, 0x01, 0x02, 0x01, 0x04, 0x01, 0x05, 0x01, 0x04, 0x01, 0x09,
    0x01, 0x0e, 0x01, 0x0a, 0x11, 0x00, 0x0f, 0x00, 0x01, 0x0e, 0x01, 0x0d, 0x01, 0x09, 0x01, 0x05, 0x02, 0x06, 0x02, 0x0d,
    0x01, 0x0e, 0x02, 0x00, 0x01, 0x02, 0x01, 0x01, 0x01, 0x02, 0x01, 0x0a, 0x02, 0x04, 0x01, 0x0f, 0x01, 0x0e, 0x01, 0x02,
    0x01, 0x04, 0x01, 0x0f, 0x01, 0x04, 0x02, 0x01, 0x01, 0x02, 0x01, 0x04, 0x01, 0x05, 0x01, 0x04, 0x03, 0x02, 0x01, 0x01,
    0x01, 0x03, 0x01, 0x05, 0x01, 0x04, 0x01, 0x06, 0x01, 0x00, 0x01, 0x09, 0x01, 0x06, 0x11, 0x00, 0x10, 0x00, 0x01, 0x0e,
    0x01, 0x0d, 0x01, 0x0a, 0x01, 0x0d, 0x01, 0x0e, 0x01, 0x0d, 0x01, 0x0e, 0x03, 0x00, 0x01, 0x03, 0x01, 0x02, 0x01, 0x01,
    0x01, 0x05, 0x01, 0x0b, 0x01, 0x05, 0x01, 0x0e, 0x01, 0x03, 0x05, 0x01, 0x01, 0x02, 0x01, 0x03, 0x03, 0x01, 0x02, 0x02,
    0x01, 0x01, 0x01, 0x03, 0x01, 0x06, 0x01, 0x05, 0x01, 0x06, 0x01, 0x0b, 0x01, 0x00, 0x01, 0x09, 0x01, 0x05, 0x01, 0x04,
    0x10, 0x00, 0x10, 0x00, 0x01, 0x0f, 0x06, 0x0e, 0x01, 0x0b, 0x02, 0x00, 0x01, 0x03, 0x02, 0x01, 0x01, 0x03, 0x01, 0x05,
    0x01, 0x06, 0x01, 0x03, 0x01, 0x01, 0x01, 0x02, 0x01, 0x01, 0x01, 0x02, 0x04, 0x03, 0x01, 0x01, 0x03, 0x02, 0x01, 0x01,
    0x01, 0x03, 0x01, 0x09, 0x01, 0x06, 0x01, 0x05, 0x01, 0x09, 0x02, 0x00, 0x01, 0x06, 0x02, 0x04, 0x10, 0x00, 0x10, 0x00,
    0x01, 0x0e, 0x01, 0x0f, 0x01, 0x0e, 0x03, 0x0d, 0x01, 0x0e, 0x01, 0x09, 0x01, 0x04, 0x01, 0x00, 0x01, 0x05, 0x01, 0x04,
    0x05, 0x01, 0x01, 0x02, 0x05, 0x03, 0x01, 0x02, 0x03, 0x01, 0x01, 0x02, 0x01, 0x03, 0x01, 0x04, 0x01, 0x0e, 0x01, 0x0d,
    0x02, 0x06, 0x03, 0x00, 0x01, 0x05, 0x03, 0x04, 0x0f, 0x00, 0x10, 0x00, 0x03, 0x0e, 0x01, 0x0d, 0x01, 0x0e, 0x01, 0x0d,
    0x01, 0x0e, 0x01, 0x0b, 0x01, 0x05, 0x01, 0x0c, 0x01, 0x06, 0x01, 0x0a, 0x01, 0x04, 0x01, 0x02, 0x05, 0x01, 0x01, 0x02,
    0x04, 0x01, 0x01, 0x03, 0x02, 0x04, 0x01, 0x06, 0x01, 0x0d, 0x01, 0x0e, 0x01, 0x0a, 0x01, 0x08, 0x01, 0x0a, 0x01, 0x0d,
    0x03, 0x00, 0x01, 0x06, 0x01, 0x05, 0x01, 0x06, 0x10, 0x00, 0x0f, 0x00, 0x02, 0x0e, 0x01, 0x0f, 0x02, 0x0e, 0x02, 0x0d,
    0x01, 0x0f, 0x01, 0x09, 0x01, 0x04, 0x01, 0x0c, 0x02, 0x08, 0x01, 0x0e, 0x01, 0x06, 0x01, 0x04, 0x02, 0x03, 0x01, 0x04,
    0x01, 0x03, 0x01, 0x02, 0x04, 0x04, 0x01, 0x0a, 0x01, 0x0e, 0x01, 0x0f, 0x01, 0x0e, 0x01, 0x09, 0x01, 0x06, 0x01, 0x07,
    0x01, 0x0c, 0x01, 0x0e, 0x03, 0x00, 0x02, 0x09, 0x01, 0x0a, 0x01, 0x06, 0x10, 0x00, 0x0f, 0x00, 0x01, 0x05, 0x01, 0x0b,
    0x01, 0x0f, 0x04, 0x0e, 0x01, 0x0f, 0x01, 0x05, 0x01, 0x04, 0x02, 0x0c, 0x01, 0x06, 0x01, 0x0c, 0x02, 0x0f, 0x01, 0x0e,
    0x02, 0x0f, 0x05, 0x0d, 0x02, 0x0e, 0x01, 0x0d, 0x01, 0x09, 0x01, 0x05, 0x01, 0x07, 0x01, 0x08, 0x03, 0x0c, 0x04, 0x00,
    0x01, 0x05, 0x12, 0x00, 0x0f, 0x00, 0x01, 0x05, 0x01, 0x06, 0x05, 0x0f, 0x01, 0x09, 0x01, 0x04, 0x01, 0x06, 0x02, 0x0c,
    0x01, 0x0a, 0x01, 0x0c, 0x01, 0x0e, 0x01, 0x05, 0x01, 0x03, 0x01, 0x05, 0x01, 0x0a, 0x01, 0x0e, 0x02, 0x0b, 0x01, 0x0d,
    0x01, 0x0e, 0x01, 0x0d, 0x01, 0x05, 0x01, 0x04, 0x02, 0x06, 0x03, 0x0c, 0x02, 0x07, 0x01, 0x08, 0x01, 0x0c, 0x02, 0x00,
    0x02, 0x04, 0x11, 0x00, 0x10, 0x00, 0x01, 0x05, 0x01, 0x06, 0x01, 0x0b, 0x01, 0x0d, 0x01, 0x0b, 0x01, 0x05, 0x02, 0x04,
    0x01, 0x0c, 0x03, 0x08, 0x02, 0x09, 0x01, 0x04, 0x01, 0x01, 0x01, 0x02, 0x01, 0x03, 0x01, 0x05, 0x01, 0x0e, 0x01, 0x0a,
    0x01, 0x06, 0x01, 0x04, 0x02, 0x03, 0x01, 0x05, 0x01, 0x0a, 0x01, 0x09, 0x02, 0x0c, 0x05, 0x07, 0x02, 0x08, 0x01, 0x05,
    0x01, 0x04, 0x11, 0x00, 0x10, 0x00, 0x01, 0x06, 0x04, 0x05, 0x01, 0x04, 0x01, 0x05, 0x01, 0x0a, 0x02, 0x0c, 0x01, 0x07,
    0x01, 0x08, 0x01, 0x0a, 0x01, 0x06, 0x01, 0x03, 0x01, 0x01, 0x01, 0x02, 0x01, 0x01, 0x01, 0x02, 0x02, 0x03, 0x01, 0x02,
    0x01, 0x01, 0x01, 0x02, 0x01, 0x04, 0x01, 0x06, 0x01, 0x09, 0x01, 0x08, 0x01, 0x0c, 0x08, 0x07, 0x01, 0x05, 0x12, 0x00,
    0x11, 0x00, 0x02, 0x09, 0x02, 0x06, 0x01, 0x09, 0x04, 0x0c, 0x01, 0x07, 0x01, 0x0a, 0x01, 0x06, 0x01, 0x05, 0x01, 0x03,
    0x01, 0x01, 0x03, 0x02, 0x01, 0x01, 0x01, 0x02, 0x01, 0x01, 0x01, 0x02, 0x01, 0x04, 0x03, 0x06, 0x01, 0x08, 0x09, 0x07,
    0x13, 0x00, 0x12, 0x00, 0x01, 0x0e, 0x05, 0x0c, 0x01, 0x0d, 0x01, 0x0c, 0x01, 0x07, 0x01, 0x09, 0x01, 0x05, 0x01, 0x06,
    0x01, 0x03, 0x01, 0x01, 0x04, 0x02, 0x01, 0x01, 0x01, 0x02, 0x01, 0x04, 0x01, 0x06, 0x01, 0x05, 0x01, 0x06, 0x01, 0x08,
    0x04, 0x07, 0x01, 0x08, 0x05, 0x07, 0x01, 0x0c, 0x12, 0x00, 0x14, 0x00, 0x02, 0x0c, 0x02, 0x0d, 0x01, 0x0e, 0x01, 0x0c,
    0x01, 0x07, 0x01, 0x06, 0x01, 0x05, 0x01, 0x06, 0x01, 0x04, 0x01, 0x01, 0x03, 0x02, 0x01, 0x01, 0x01, 0x03, 0x01, 0x04,
    0x03, 0x05, 0x01, 0x06, 0x03, 0x07, 0x01, 0x08, 0x01, 0x0c, 0x01, 0x08, 0x05, 0x07, 0x01, 0x0c, 0x12, 0x00, 0x18, 0x00,
    0x01, 0x0e, 0x01, 0x07, 0x01, 0x08, 0x01, 0x06, 0x03, 0x05, 0x04, 0x02, 0x01, 0x03, 0x01, 0x05, 0x01, 0x06, 0x03, 0x05,
    0x01, 0x06, 0x01, 0x07, 0x01, 0x08, 0x02, 0x07, 0x02, 0x0c, 0x06, 0x07, 0x01, 0x08, 0x11, 0x00, 0x18, 0x00, 0x01, 0x0c,
    0x01, 0x07, 0x01, 0x06, 0x04, 0x05, 0x01, 0x03, 0x02, 0x02, 0x01, 0x03, 0x06, 0x05, 0x01, 0x06, 0x03, 0x07, 0x01, 0x08,
    0x01, 0x0d, 0x01, 0x0c, 0x06, 0x07, 0x01, 0x0c, 0x11, 0x00, 0x18, 0x00, 0x01, 0x0c, 0x01, 0x07, 0x01, 0x09, 0x05, 0x05,
    0x01, 0x03, 0x01, 0x04, 0x03, 0x05, 0x01, 0x06, 0x03, 0x05, 0x01, 0x06, 0x03, 0x07, 0x01, 0x08, 0x01, 0x0e, 0x01, 0x0c,
    0x01, 0x08, 0x04, 0x0c, 0x02, 0x07, 0x01, 0x0c, 0x10, 0x00, 0x18, 0x00, 0x01, 0x0c, 0x01, 0x07, 0x01, 0x09, 0x01, 0x06,
    0x0c, 0x05, 0x01, 0x06, 0x01, 0x09, 0x01, 0x06, 0x03, 0x07, 0x01, 0x0e, 0x02, 0x0c, 0x01, 0x0a, 0x02, 0x06, 0x01, 0x07,
    0x01, 0x0c, 0x01, 0x07, 0x01, 0x0c, 0x10, 0x00, 0x17, 0x00, 0x01, 0x08, 0x01, 0x07, 0x01, 0x08, 0x01, 0x0a, 0x03, 0x05,
    0x02, 0x06, 0x09, 0x05, 0x01, 0x09, 0x01, 0x06, 0x02, 0x07, 0x01, 0x08, 0x01, 0x0e, 0x01, 0x0a, 0x01, 0x05, 0x04, 0x04,
    0x01, 0x05, 0x01, 0x08, 0x01, 0x0c, 0x10, 0x00, 0x17, 0x00, 0x02, 0x07, 0x01, 0x09, 0x01, 0x0a, 0x01, 0x06, 0x01, 0x05,
    0x02, 0x06, 0x02, 0x05, 0x02, 0x06, 0x05, 0x05, 0x01, 0x06, 0x01, 0x0a, 0x01, 0x06, 0x02, 0x07, 0x02, 0x0c, 0x01, 0x05,
    0x01, 0x04, 0x02, 0x05, 0x04, 0x04, 0x01, 0x08, 0x10, 0x00, 0x17, 0x00, 0x01, 0x0c, 0x01, 0x07, 0x01, 0x09, 0x01, 0x0a,
    0x01, 0x05, 0x02, 0x06, 0x02, 0x05, 0x02, 0x06, 0x07, 0x05, 0x01, 0x08, 0x01, 0x06, 0x02, 0x07, 0x01, 0x0c, 0x01, 0x0a,
    0x01, 0x09, 0x01, 0x0e, 0x01, 0x0d, 0x01, 0x0e, 0x01, 0x0d, 0x01, 0x09, 0x02, 0x04, 0x01, 0x05, 0x10, 0x00, 0x17, 0x00,
    0x01, 0x08, 0x01, 0x07, 0x01, 0x0a, 0x02, 0x09, 0x01, 0x0a, 0x01, 0x09, 0x0a, 0x06, 0x01, 0x09, 0x01, 0x0e, 0x01, 0x06,
    0x01, 0x07, 0x01, 0x08, 0x01, 0x0c, 0x01, 0x0f, 0x01, 0x0e, 0x04, 0x0b, 0x01, 0x0e, 0x01, 0x0a, 0x02, 0x04, 0x01, 0x06,
    0x0f, 0x00, 0x17, 0x00, 0x01, 0x05, 0x01, 0x04, 0x02, 0x0b, 0x01, 0x09, 0x05, 0x06, 0x08, 0x09, 0x01, 0x0e, 0x01, 0x09,
    0x01, 0x07, 0x02, 0x0c, 0x01, 0x0e, 0x06, 0x0b, 0x01, 0x0f, 0x01, 0x05, 0x01, 0x04, 0x01, 0x06, 0x0f, 0x00, 0x18, 0x00,
    0x01, 0x09, 0x01, 0x0e, 0x01, 0x09, 0x02, 0x06, 0x05, 0x05, 0x01, 0x06, 0x01, 0x09, 0x01, 0x05, 0x01, 0x06, 0x02, 0x09,
    0x01, 0x06, 0x02, 0x09, 0x01, 0x05, 0x01, 0x06, 0x01, 0x0a, 0x01, 0x0d, 0x06, 0x0b, 0x01, 0x0f, 0x01, 0x09, 0x01, 0x05,
    0x10, 0x00, 0x18, 0x00, 0x03, 0x0c, 0x01, 0x0a, 0x01, 0x09, 0x02, 0x06, 0x02, 0x05, 0x01, 0x06, 0x01, 0x0b, 0x01, 0x09,
    0x01, 0x06, 0x01, 0x09, 0x01, 0x0b, 0x02, 0x09, 0x02, 0x0d, 0x01, 0x09, 0x01, 0x0d, 0x01, 0x0e, 0x05, 0x0b, 0x01, 0x0d,
    0x02, 0x0e, 0x01, 0x06, 0x01, 0x05, 0x10, 0x00, 0x18, 0x00, 0x01, 0x08, 0x01, 0x0c, 0x03, 0x08, 0x01, 0x0c, 0x02, 0x0b,
    0x02, 0x0a, 0x01, 0x0b, 0x01, 0x0d, 0x01, 0x0e, 0x01, 0x09, 0x01, 0x06, 0x01, 0x0d, 0x03, 0x0c, 0x01, 0x0b, 0x01, 0x09,
    0x01, 0x0d, 0x04, 0x0b, 0x01, 0x0d, 0x01, 0x0e, 0x01, 0x0f, 0x01, 0x0b, 0x01, 0x05, 0x11, 0x00, 0x17, 0x00, 0x02, 0x07,
    0x0b, 0x08, 0x01, 0x0b, 0x01, 0x06, 0x01, 0x05, 0x01, 0x06, 0x04, 0x08, 0x01, 0x05, 0x01, 0x09, 0x01, 0x0d, 0x03, 0x0b,
    0x01, 0x0e, 0x02, 0x0f, 0x13, 0x00, 0x17, 0x00, 0x02, 0x07, 0x0b, 0x08, 0x01, 0x06, 0x01, 0x05, 0x01, 0x06, 0x01, 0x05,
    0x01, 0x09, 0x03, 0x08, 0x01, 0x06, 0x01, 0x05, 0x01, 0x0d, 0x01, 0x0b, 0x01, 0x0d, 0x01, 0x0e, 0x02, 0x0f, 0x14, 0x00,
    0x17, 0x00, 0x0d, 0x08, 0x01, 0x06, 0x03, 0x05, 0x01, 0x06, 0x01, 0x0a, 0x03, 0x08, 0x01, 0x05, 0x01, 0x06, 0x01, 0x0f,
    0x01, 0x0e, 0x01, 0x0f, 0x16, 0x00, 0x17, 0x00, 0x01, 0x0c, 0x04, 0x08, 0x01, 0x0c, 0x07, 0x08, 0x04, 0x05, 0x01, 0x06,
    0x04, 0x08, 0x01, 0x0a, 0x01, 0x06, 0x01, 0x0a, 0x02, 0x0f, 0x16, 0x00, 0x17, 0x00, 0x02, 0x0c, 0x03, 0x08, 0x06, 0x0c,
    0x01, 0x08, 0x01, 0x0c, 0x03, 0x09, 0x01, 0x06, 0x01, 0x0b, 0x04, 0x08, 0x01, 0x0c, 0x01, 0x0d, 0x01, 0x0a, 0x01, 0x0e,
    0x01, 0x0c, 0x16, 0x00, 0x17, 0x00, 0x01, 0x0c, 0x06, 0x08, 0x01, 0x0c, 0x01, 0x0e, 0x02, 0x0f, 0x01, 0x0d, 0x01, 0x08,
    0x02, 0x0c, 0x01, 0x0a, 0x01, 0x0b, 0x04, 0x08, 0x03, 0x0c, 0x01, 0x0d, 0x02, 0x0c, 0x16, 0x00, 0x17, 0x00, 0x01, 0x0c,
    0x07, 0x08, 0x01, 0x0c, 0x01, 0x0d, 0x02, 0x0f, 0x01, 0x0c, 0x02, 0x08, 0x01, 0x07, 0x07, 0x08, 0x04, 0x0c, 0x16, 0x00,
    0x17, 0x00, 0x01, 0x0b, 0x01, 0x0c, 0x06, 0x08, 0x02, 0x0c, 0x01, 0x0e, 0x01, 0x0f, 0x01, 0x0d, 0x0a, 0x08, 0x02, 0x0c,
    0x01, 0x0d, 0x01, 0x0b, 0x16, 0x00, 0x17, 0x00, 0x03, 0x06, 0x01, 0x08, 0x01, 0x0a, 0x01, 0x0c, 0x01, 0x08, 0x02, 0x0c,
    0x02, 0x0d, 0x02, 0x0e, 0x01, 0x0c, 0x09, 0x08, 0x01, 0x0a, 0x01, 0x0b, 0x02, 0x09, 0x16, 0x00, 0x17, 0x00, 0x01, 0x09,
    0x01, 0x06, 0x04, 0x05, 0x02, 0x06, 0x03, 0x09, 0x01, 0x0b, 0x01, 0x09, 0x08, 0x06, 0x02, 0x05, 0x01, 0x06, 0x01, 0x09,
    0x01, 0x0d, 0x17, 0x00, 0x17, 0x00, 0x01, 0x0f, 0x01, 0x0e, 0x01, 0x0d, 0x01, 0x0a, 0x04, 0x09, 0x01, 0x0a, 0x01, 0x0d,
    0x01, 0x0e, 0x01, 0x0f, 0x01, 0x00, 0x03, 0x06, 0x01, 0x05, 0x04, 0x06, 0x01, 0x09, 0x01, 0x0a, 0x02, 0x0e, 0x01, 0x0f,
    0x17, 0x00, 0x18, 0x00, 0x01, 0x0e, 0x02, 0x0b, 0x02, 0x0d, 0x01, 0x0e, 0x01, 0x0f, 0x01, 0x0e, 0x02, 0x0f, 0x01, 0x0e,
    0x02, 0x00, 0x01, 0x0f, 0x01, 0x0d, 0x02, 0x0e, 0x01, 0x0d, 0x04, 0x0b, 0x01, 0x0f, 0x01, 0x0e, 0x01, 0x0f, 0x17, 0x00,
    0x18, 0x00, 0x01, 0x0f, 0x01, 0x0d, 0x02, 0x0b, 0x01, 0x0d, 0x01, 0x0e, 0x01, 0x0d, 0x01, 0x0b, 0x01, 0x0e, 0x01, 0x0f,
    0x01, 0x0e, 0x03, 0x00, 0x02, 0x0e, 0x05, 0x0b, 0x01, 0x0e, 0x02, 0x0d, 0x02, 0x0e, 0x16, 0x00, 0x18, 0x00, 0x02, 0x0f,
    0x03, 0x0e, 0x02, 0x0b, 0x02, 0x0d, 0x01, 0x0e, 0x01, 0x0f, 0x03, 0x00, 0x03, 0x0f, 0x03, 0x0b, 0x02, 0x0e, 0x01, 0x0b,
    0x01, 0x0d, 0x01, 0x0e, 0x01, 0x0f, 0x16, 0x00, 0x18, 0x00, 0x01, 0x0f, 0x01, 0x0d, 0x02, 0x0e, 0x05, 0x0b, 0x03, 0x0e,
    0x02, 0x00, 0x02, 0x0e, 0x02, 0x0f, 0x01, 0x0e, 0x01, 0x0f, 0x01, 0x0e, 0x01, 0x0b, 0x03, 0x0d, 0x01, 0x0f, 0x16, 0x00,
    0x18, 0x00, 0x01, 0x0f, 0x01, 0x0d, 0x06, 0x0b, 0x01, 0x0d, 0x02, 0x0e, 0x03, 0x00, 0x01, 0x0f, 0x02, 0x0e, 0x01, 0x0d,
    0x02, 0x0e, 0x03, 0x0b, 0x01, 0x0d, 0x01, 0x0e, 0x01, 0x0f, 0x16, 0x00, 0x19, 0x00, 0x01, 0x0e, 0x06, 0x0b, 0x02, 0x0e,
    0x01, 0x0f, 0x04, 0x00, 0x02, 0x0e, 0x05, 0x0b, 0x02, 0x0d, 0x02, 0x0e, 0x16, 0x00, 0x19, 0x00, 0x01, 0x0f, 0x01, 0x0d,
    0x03, 0x0b, 0x02, 0x0d, 0x02, 0x0e, 0x05, 0x00, 0x02, 0x0e, 0x01, 0x0d, 0x04, 0x0b, 0x02, 0x0d, 0x01, 0x0f, 0x17, 0x00,
    0x19, 0x00, 0x01, 0x0f, 0x02, 0x0d, 0x03, 0x0b, 0x01, 0x0d, 0x02, 0x0e, 0x06, 0x00, 0x01, 0x0f, 0x01, 0x0d, 0x03, 0x0b,
    0x02, 0x0d, 0x02, 0x0e, 0x17, 0x00, 0x19, 0x00, 0x01, 0x0e, 0x02, 0x0d, 0x03, 0x0b, 0x01, 0x0d, 0x02, 0x0f, 0x07, 0x00,
    0x01, 0x0e, 0x01, 0x0d, 0x01, 0x0b, 0x01, 0x0d, 0x01, 0x0b, 0x01, 0x0d, 0x02, 0x0e, 0x17, 0x00, 0x17, 0x00, 0x01, 0x0e,
    0x01, 0x0d, 0x01, 0x0b, 0x01, 0x0d, 0x04, 0x0b, 0x01, 0x0d, 0x01, 0x0f, 0x01, 0x0e, 0x07, 0x00, 0x01, 0x0e, 0x02, 0x0b,
    0x03, 0x0d, 0x01, 0x0e, 0x01, 0x0f, 0x17, 0x00, 0x16, 0x00, 0x03, 0x0d, 0x01, 0x0e, 0x01, 0x0d, 0x03, 0x0b, 0x01, 0x0d,
    0x01, 0x0e, 0x01, 0x0f, 0x02, 0x0e, 0x06, 0x00, 0x01, 0x0d, 0x01, 0x0b, 0x02, 0x0d, 0x01, 0x0b, 0x02, 0x0d, 0x01, 0x0e,
    0x17, 0x00, 0x15, 0x00, 0x02, 0x0d, 0x01, 0x0b, 0x01, 0x0d, 0x04, 0x0b, 0x01, 0x0d, 0x03, 0x0e, 0x01, 0x0f, 0x06, 0x00,
    0x03, 0x0d, 0x01, 0x0b, 0x03, 0x0d, 0x01, 0x0e, 0x01, 0x0b, 0x01, 0x0e, 0x16, 0x00, 0x15, 0x00, 0x01, 0x0e, 0x01, 0x0d,
    0x01, 0x0e, 0x02, 0x0d, 0x01, 0x0b, 0x02, 0x0d, 0x01, 0x0e, 0x02, 0x0f, 0x01, 0x0e, 0x01, 0x0f, 0x06, 0x00, 0x02, 0x0b,
    0x01, 0x0d, 0x02, 0x0b, 0x01, 0x0d, 0x01, 0x0a, 0x01, 0x0d, 0x01, 0x0b, 0x01, 0x0e, 0x16, 0x00, 0x16, 0x00, 0x01, 0x0b,
    0x01, 0x09, 0x01, 0x0d, 0x01, 0x09, 0x01, 0x0d, 0x01, 0x0e, 0x02, 0x0f, 0x0a, 0x00, 0x03, 0x0d, 0x02, 0x0b, 0x01, 0x0d,
    0x01, 0x0b, 0x01, 0x0e, 0x01, 0x0d, 0x01, 0x0f, 0x16, 0x00, 0x19, 0x00, 0x01, 0x06, 0x01, 0x09, 0x0d, 0x00, 0x01, 0x0e,
    0x02, 0x0d, 0x01, 0x09, 0x01, 0x0b, 0x01, 0x0e, 0x01, 0x0a, 0x01, 0x0e, 0x01, 0x0d, 0x17, 0x00, 0x2b, 0x00, 0x02, 0x09,
    0x01, 0x00, 0x01, 0x09, 0x19, 0x00, 0x48, 0x00, 0x48, 0x00
};
const uint8_t kWaving2[] PROGMEM = {
    0x48, 0x00, 0x48, 0x00, 0x48, 0x00, 0x48, 0x00, 0x24, 0x00, 0x01, 0x01, 0x01, 0x03, 0x22, 0x00, 0x22, 0x00, 0x01, 0x03,
    0x01, 0x01, 0x01, 0x02, 0x01, 0x03, 0x22, 0x00, 0x21, 0x00, 0x03, 0x01, 0x01, 0x02, 0x23, 0x00, 0x21, 0x00, 0x02, 0x01,
    0x02, 0x02, 0x01, 0x03, 0x02, 0x02, 0x20, 0x00, 0x21, 0x00, 0x01, 0x03, 0x02, 0x01, 0x01, 0x02, 0x03, 0x01, 0x02, 0x02,
    0x03, 0x00, 0x01, 0x0b, 0x02, 0x0d, 0x01, 0x0b, 0x17, 0x00, 0x1c, 0x00, 0x01, 0x0e, 0x03, 0x0d, 0x01, 0x06, 0x01, 0x03,
    0x01, 0x04, 0x01, 0x03, 0x06, 0x02, 0x01, 0x03, 0x01, 0x04, 0x01, 0x0f, 0x01, 0x0b, 0x04, 0x0d, 0x16, 0x00, 0x13, 0x00,
    0x01, 0x09, 0x08, 0x00, 0x03, 0x0d, 0x01, 0x0f, 0x01, 0x05, 0x01, 0x02, 0x01, 0x03, 0x05, 0x02, 0x03, 0x01, 0x01, 0x03,
    0x01, 0x06, 0x02, 0x0f, 0x01, 0x0e, 0x03, 0x0d, 0x15, 0x00, 0x11, 0x00, 0x01, 0x0b, 0x01, 0x0e, 0x02, 0x09, 0x06, 0x00,
    0x01, 0x0d, 0x01, 0x0b, 0x02, 0x0f, 0x01, 0x04, 0x04, 0x01, 0x01, 0x02, 0x01, 0x01, 0x01, 0x02, 0x03, 0x01, 0x01, 0x02,
    0x01, 0x01, 0x01, 0x02, 0x01, 0x05, 0x02, 0x0f, 0x01, 0x0d, 0x01, 0x0b, 0x01, 0x0d, 0x15, 0x00, 0x0f, 0x00, 0x01, 0x06,
    0x01, 0x0b, 0x01, 0x09, 0x01, 0x06, 0x01, 0x09, 0x01, 0x06, 0x01, 0x0e, 0x02, 0x09, 0x03, 0x00, 0x02, 0x0d, 0x01, 0x0f,
    0x01, 0x06, 0x01, 0x02, 0x03, 0x01, 0x01, 0x02, 0x01, 0x01, 0x01, 0x02, 0x01, 0x01, 0x02, 0x02, 0x01, 0x01, 0x02, 0x02,
    0x01, 0x01, 0x01, 0x02, 0x01, 0x06, 0x01, 0x0f, 0x01, 0x0b, 0x01, 0x0d, 0x01, 0x0e, 0x03, 0x00, 0x01, 0x05, 0x01, 0x04,
    0x10, 0x00, 0x0f, 0x00, 0x01, 0x0d, 0x03, 0x09, 0x02, 0x0d, 0x01, 0x0f, 0x02, 0x09, 0x03, 0x00, 0x01, 0x0d, 0x01, 0x0e,
    0x01, 0x0b, 0x01, 0x02, 0x01, 0x01, 0x05, 0x02, 0x01, 0x01, 0x01, 0x02, 0x02, 0x03, 0x02, 0x02, 0x01, 0x01, 0x01, 0x02,
    0x01, 0x01, 0x01, 0x03, 0x01, 0x0b, 0x02, 0x0e, 0x04, 0x00, 0x02, 0x04, 0x01, 0x06, 0x0f, 0x00, 0x0f, 0x00, 0x01, 0x0b,
    0x01, 0x09, 0x01, 0x0a, 0x01, 0x0f, 0x02, 0x0d, 0x01, 0x0f, 0x02, 0x09, 0x03, 0x00, 0x01, 0x0d, 0x01, 0x0f, 0x01, 0x03,
    0x01, 0x01, 0x01, 0x02, 0x02, 0x03, 0x05, 0x02, 0x01, 0x01, 0x01, 0x02, 0x02, 0x04, 0x02, 0x01, 0x01, 0x02, 0x01, 0x01,
    0x01, 0x03, 0x01, 0x0f, 0x04, 0x00, 0x01, 0x05, 0x01, 0x04, 0x01, 0x05, 0x01, 0x09, 0x0f, 0x00, 0x0f, 0x00, 0x02, 0x09,
    0x01, 0x0f, 0x01, 0x0a, 0x01, 0x06, 0x01, 0x05, 0x01, 0x0b, 0x01, 0x0e, 0x01, 0x0a, 0x02, 0x04, 0x02, 0x00, 0x01, 0x03,
    0x02, 0x01, 0x01, 0x03, 0x02, 0x02, 0x01, 0x03, 0x01, 0x01, 0x01, 0x02, 0x01, 0x01, 0x01, 0x02, 0x01, 0x05, 0x01, 0x06,
    0x02, 0x0e, 0x01, 0x05, 0x02, 0x01, 0x01, 0x02, 0x01, 0x01, 0x01, 0x02, 0x03, 0x00, 0x01, 0x06, 0x02, 0x04, 0x01, 0x09,
    0x10, 0x00, 0x0f, 0x00, 0x01, 0x0e, 0x02, 0x0d, 0x01, 0x06, 0x01, 0x05, 0x01, 0x06, 0x02, 0x0d, 0x01, 0x09, 0x03, 0x04,
    0x01, 0x00, 0x01, 0x03, 0x01, 0x01, 0x01, 0x02, 0x02, 0x09, 0x01, 0x0a, 0x01, 0x04, 0x01, 0x01, 0x01, 0x02, 0x01, 0x01,
    0x01, 0x03, 0x01, 0x0e, 0x02, 0x0f, 0x01, 0x0e, 0x01, 0x0f, 0x01, 0x04, 0x01, 0x01, 0x01, 0x02, 0x01, 0x01, 0x01, 0x03,
    0x03, 0x00, 0x02, 0x05, 0x01, 0x06, 0x11, 0x00, 0x10, 0x00, 0x01, 0x0e, 0x01, 0x0d, 0x02, 0x09, 0x04, 0x0e, 0x01, 0x0f,
    0x01, 0x00, 0x01, 0x04, 0x01, 0x00, 0x01, 0x02, 0x01, 0x01, 0x01, 0x05, 0x03, 0x0f, 0x01, 0x05, 0x01, 0x01, 0x01, 0x02,
    0x01, 0x01, 0x01, 0x03, 0x01, 0x09, 0x01, 0x06, 0x01, 0x0a, 0x01, 0x0f, 0x01, 0x0e, 0x01, 0x0b, 0x01, 0x02, 0x01, 0x01,
    0x02, 0x02, 0x01, 0x03, 0x01, 0x00, 0x01, 0x09, 0x02, 0x05, 0x01, 0x09, 0x11, 0x00, 0x11, 0x00, 0x06, 0x0e, 0x02, 0x0d,
    0x01, 0x09, 0x01, 0x04, 0x01, 0x02, 0x01, 0x01, 0x01, 0x03, 0x01, 0x0d, 0x01, 0x09, 0x01, 0x0a, 0x01, 0x0f, 0x01, 0x06,
    0x01, 0x01, 0x03, 0x02, 0x01, 0x03, 0x01, 0x04, 0x01, 0x0f, 0x01, 0x09, 0x01, 0x04, 0x01, 0x0f, 0x01, 0x03, 0x01, 0x01,
    0x02, 0x02, 0x01, 0x03, 0x02, 0x05, 0x01, 0x06, 0x01, 0x09, 0x01, 0x06, 0x11, 0x00, 0x11, 0x00, 0x01, 0x0f, 0x04, 0x0e,
    0x03, 0x0d, 0x01, 0x09, 0x01, 0x05, 0x01, 0x03, 0x01, 0x01, 0x01, 0x03, 0x01, 0x0a, 0x01, 0x03, 0x01, 0x0b, 0x01, 0x0f,
    0x02, 0x03, 0x01, 0x0f, 0x01, 0x04, 0x02, 0x01, 0x01, 0x03, 0x03, 0x0d, 0x01, 0x06, 0x01, 0x02, 0x01, 0x01, 0x01, 0x02,
    0x01, 0x01, 0x01, 0x03, 0x01, 0x05, 0x01, 0x04, 0x01, 0x09, 0x01, 0x0d, 0x01, 0x09, 0x11, 0x00, 0x12, 0x00, 0x01, 0x0e,
    0x01, 0x0f, 0x01, 0x0e, 0x04, 0x0d, 0x01, 0x0e, 0x01, 0x05, 0x01, 0x04, 0x01, 0x01, 0x01, 0x02, 0x01, 0x0b, 0x01, 0x06,
    0x01, 0x0a, 0x01, 0x05, 0x01, 0x01, 0x01, 0x02, 0x01, 0x03, 0x01, 0x02, 0x02, 0x01, 0x01, 0x02, 0x01, 0x03, 0x01, 0x04,
    0x01, 0x03, 0x01, 0x02, 0x01, 0x01, 0x01, 0x02, 0x01, 0x01, 0x01, 0x02, 0x01, 0x04, 0x02, 0x05, 0x02, 0x09, 0x01, 0x06,
    0x11, 0x00, 0x12, 0x00, 0x03, 0x0e, 0x04, 0x0d, 0x01, 0x0e, 0x02, 0x04, 0x01, 0x03, 0x01, 0x01, 0x01, 0x03, 0x01, 0x05,
    0x01, 0x04, 0x02, 0x02, 0x02, 0x01, 0x01, 0x02, 0x01, 0x01, 0x02, 0x03, 0x03, 0x01, 0x04, 0x02, 0x01, 0x04, 0x01, 0x06,
    0x01, 0x05, 0x01, 0x09, 0x01, 0x00, 0x01, 0x09, 0x01, 0x05, 0x01, 0x04, 0x10, 0x00, 0x12, 0x00, 0x01, 0x0b, 0x04, 0x0e,
    0x01, 0x0d, 0x01, 0x0f, 0x01, 0x09, 0x01, 0x04, 0x01, 0x09, 0x01, 0x05, 0x01, 0x02, 0x03, 0x01, 0x01, 0x02, 0x06, 0x03,
    0x03, 0x02, 0x02, 0x01, 0x01, 0x02, 0x01, 0x03, 0x01, 0x05, 0x01, 0x09, 0x01, 0x05, 0x01, 0x09, 0x02, 0x00, 0x01, 0x09,
    0x01, 0x04, 0x01, 0x05, 0x10, 0x00, 0x12, 0x00, 0x01, 0x05, 0x01, 0x09, 0x04, 0x0f, 0x01, 0x0a, 0x02, 0x04, 0x01, 0x0b,
    0x01, 0x0a, 0x01, 0x05, 0x01, 0x02, 0x04, 0x01, 0x02, 0x02, 0x03, 0x01, 0x03, 0x02, 0x02, 0x03, 0x01, 0x05, 0x01, 0x0d,
    0x01, 0x0f, 0x02, 0x06, 0x01, 0x09, 0x02, 0x00, 0x01, 0x09, 0x02, 0x04, 0x01, 0x05, 0x0f, 0x00, 0x13, 0x00, 0x01, 0x05,
    0x01, 0x09, 0x01, 0x0a, 0x01, 0x0b, 0x01, 0x09, 0x02, 0x04, 0x01, 0x06, 0x01, 0x0d, 0x01, 0x0a, 0x01, 0x0c, 0x01, 0x0a,
    0x01, 0x05, 0x02, 0x04, 0x01, 0x03, 0x01, 0x02, 0x04, 0x03, 0x01, 0x05, 0x02, 0x09, 0x01, 0x0d, 0x01, 0x0e, 0x01, 0x0d,
    0x01, 0x09, 0x01, 0x08, 0x01, 0x09, 0x01, 0x0a, 0x03, 0x00, 0x01, 0x09, 0x02, 0x05, 0x01, 0x06, 0x0f, 0x00, 0x13, 0x00,
    0x01, 0x06, 0x02, 0x05, 0x03, 0x04, 0x01, 0x05, 0x02, 0x0c, 0x01, 0x0a, 0x01, 0x08, 0x01, 0x0f, 0x01, 0x0d, 0x01, 0x0e,
    0x01, 0x0f, 0x01, 0x0b, 0x01, 0x0a, 0x01, 0x0d, 0x01, 0x0e, 0x01, 0x0d, 0x02, 0x0e, 0x01, 0x0f, 0x01, 0x0e, 0x01, 0x09,
    0x02, 0x06, 0x01, 0x07, 0x01, 0x0c, 0x01, 0x0d, 0x03, 0x00, 0x01, 0x09, 0x01, 0x0a, 0x02, 0x06, 0x10, 0x00, 0x14, 0x00,
    0x04, 0x09, 0x01, 0x0a, 0x03, 0x0c, 0x01, 0x0a, 0x01, 0x0b, 0x01, 0x0d, 0x01, 0x04, 0x01, 0x03, 0x01, 0x09, 0x01, 0x0e,
    0x01, 0x0d, 0x01, 0x0b, 0x01, 0x0d, 0x02, 0x0e, 0x01, 0x09, 0x03, 0x06, 0x01, 0x07, 0x04, 0x0c, 0x04, 0x00, 0x01, 0x06,
    0x12, 0x00, 0x15, 0x00, 0x02, 0x0c, 0x01, 0x0d, 0x01, 0x0c, 0x01, 0x08, 0x01, 0x0c, 0x02, 0x08, 0x01, 0x0a, 0x01, 0x05,
    0x02, 0x02, 0x01, 0x03, 0x01, 0x04, 0x01, 0x0e, 0x01, 0x0b, 0x01, 0x09, 0x01, 0x05, 0x01, 0x04, 0x01, 0x03, 0x01, 0x04,
    0x01, 0x09, 0x01, 0x08, 0x02, 0x0c, 0x01, 0x08, 0x02, 0x07, 0x01, 0x08, 0x01, 0x0c, 0x02, 0x00, 0x01, 0x04, 0x12, 0x00,
    0x16, 0x00, 0x05, 0x0c, 0x01, 0x07, 0x01, 0x0a, 0x01, 0x06, 0x01, 0x04, 0x02, 0x02, 0x01, 0x01, 0x01, 0x02, 0x02, 0x03,
    0x01, 0x02, 0x01, 0x01, 0x01, 0x02, 0x01, 0x04, 0x01, 0x08, 0x01, 0x0a, 0x01, 0x08, 0x01, 0x0c, 0x04, 0x07, 0x01, 0x08,
    0x01, 0x07, 0x01, 0x0c, 0x01, 0x07, 0x02, 0x04, 0x11, 0x00, 0x17, 0x00, 0x02, 0x0c, 0x01, 0x0e, 0x02, 0x08, 0x01, 0x09,
    0x01, 0x05, 0x01, 0x04, 0x04, 0x02, 0x01, 0x01, 0x01, 0x02, 0x01, 0x01, 0x01, 0x02, 0x01, 0x04, 0x03, 0x06, 0x01, 0x08,
    0x09, 0x07, 0x01, 0x04, 0x12, 0x00, 0x18, 0x00, 0x01, 0x0c, 0x01, 0x0e, 0x01, 0x08, 0x03, 0x06, 0x01, 0x04, 0x01, 0x02,
    0x01, 0x01, 0x03, 0x02, 0x01, 0x01, 0x01, 0x02, 0x01, 0x04, 0x01, 0x06, 0x01, 0x05, 0x01, 0x06, 0x01, 0x07, 0x01, 0x08,
    0x08, 0x07, 0x01, 0x0c, 0x13, 0x00, 0x19, 0x00, 0x01, 0x0c, 0x01, 0x07, 0x01, 0x06, 0x02, 0x05, 0x01, 0x04, 0x05, 0x02,
    0x01, 0x03, 0x04, 0x05, 0x01, 0x06, 0x04, 0x07, 0x02, 0x08, 0x04, 0x07, 0x01, 0x08, 0x13, 0x00, 0x19, 0x00, 0x02, 0x08,
    0x01, 0x06, 0x03, 0x05, 0x01, 0x03, 0x03, 0x02, 0x01, 0x03, 0x01, 0x06, 0x03, 0x05, 0x02, 0x06, 0x03, 0x07, 0x03, 0x08,
    0x05, 0x07, 0x01, 0x0c, 0x12, 0x00, 0x18, 0x00, 0x01, 0x0c, 0x01, 0x07, 0x01, 0x09, 0x01, 0x06, 0x02, 0x05, 0x01, 0x06,
    0x01, 0x03, 0x01, 0x02, 0x01, 0x03, 0x01, 0x04, 0x01, 0x06, 0x04, 0x05, 0x02, 0x06, 0x01, 0x08, 0x02, 0x07, 0x03, 0x0c,
    0x02, 0x08, 0x03, 0x07, 0x01, 0x08, 0x12, 0x00, 0x18, 0x00, 0x01, 0x0c, 0x01, 0x07, 0x01, 0x09, 0x01, 0x06, 0x04, 0x05,
    0x01, 0x04, 0x07, 0x05, 0x02, 0x06, 0x03, 0x07, 0x01, 0x0d, 0x01, 0x0c, 0x07, 0x07, 0x01, 0x0c, 0x11, 0x00, 0x18, 0x00,
    0x02, 0x07, 0x01, 0x0a, 0x01, 0x06, 0x03, 0x05, 0x02, 0x06, 0x07, 0x05, 0x01, 0x09, 0x01, 0x06, 0x03, 0x07, 0x01, 0x0c,
    0x01, 0x0d, 0x05, 0x0c, 0x02, 0x07, 0x01, 0x0c, 0x11, 0x00, 0x17, 0x00, 0x02, 0x07, 0x01, 0x08, 0x01, 0x09, 0x02, 0x05,
    0x02, 0x06, 0x02, 0x05, 0x01, 0x06, 0x06, 0x05, 0x02, 0x06, 0x03, 0x07, 0x01, 0x0c, 0x01, 0x0e, 0x01, 0x0c, 0x01, 0x09,
    0x03, 0x06, 0x01, 0x0c, 0x01, 0x08, 0x01, 0x0c, 0x11, 0x00, 0x17, 0x00, 0x01, 0x0c, 0x01, 0x07, 0x01, 0x09, 0x01, 0x08,
    0x03, 0x06, 0x02, 0x05, 0x01, 0x06, 0x06, 0x05, 0x01, 0x06, 0x01, 0x0a, 0x01, 0x06, 0x02, 0x07, 0x01, 0x08, 0x01, 0x0d,
    0x01, 0x09, 0x06, 0x04, 0x01, 0x06, 0x01, 0x0c, 0x11, 0x00, 0x17, 0x00, 0x01, 0x06, 0x01, 0x07, 0x01, 0x0b, 0x01, 0x09,
    0x02, 0x0a, 0x04, 0x06, 0x07, 0x05, 0x02, 0x06, 0x02, 0x07, 0x01, 0x0c, 0x01, 0x0d, 0x01, 0x05, 0x03, 0x06, 0x01, 0x05,
    0x03, 0x04, 0x01, 0x06, 0x01, 0x0c, 0x10, 0x00, 0x17, 0x00, 0x01, 0x04, 0x01, 0x05, 0x01, 0x0e, 0x01, 0x09, 0x02, 0x06,
    0x02, 0x09, 0x02, 0x06, 0x02, 0x09, 0x05, 0x06, 0x01, 0x0d, 0x01, 0x06, 0x01, 0x07, 0x01, 0x08, 0x01, 0x0c, 0x01, 0x0b,
    0x01, 0x0d, 0x04, 0x0e, 0x01, 0x0a, 0x02, 0x04, 0x01, 0x05, 0x01, 0x09, 0x10, 0x00, 0x18, 0x00, 0x01, 0x0b, 0x01, 0x0e,
    0x01, 0x09, 0x02, 0x06, 0x03, 0x05, 0x02, 0x06, 0x06, 0x09, 0x01, 0x0e, 0x01, 0x09, 0x01, 0x07, 0x02, 0x0c, 0x01, 0x0f,
    0x01, 0x0d, 0x01, 0x0a, 0x03, 0x0b, 0x02, 0x0d, 0x02, 0x04, 0x01, 0x06, 0x10, 0x00, 0x17, 0x00, 0x01, 0x06, 0x02, 0x0c,
    0x01, 0x0b, 0x01, 0x09, 0x01, 0x06, 0x04, 0x05, 0x01, 0x09, 0x01, 0x06, 0x01, 0x05, 0x04, 0x06, 0x01, 0x0d, 0x01, 0x09,
    0x01, 0x05, 0x01, 0x07, 0x01, 0x0b, 0x01, 0x0e, 0x06, 0x0b, 0x01, 0x0f, 0x01, 0x09, 0x01, 0x04, 0x01, 0x05, 0x10, 0x00,
    0x17, 0x00, 0x02, 0x08, 0x01, 0x0c, 0x01, 0x08, 0x01, 0x0c, 0x02, 0x0a, 0x03, 0x09, 0x01, 0x0d, 0x03, 0x09, 0x02, 0x0d,
    0x01, 0x09, 0x01, 0x0d, 0x01, 0x0a, 0x01, 0x06, 0x01, 0x09, 0x01, 0x0e, 0x01, 0x0d, 0x05, 0x0b, 0x01, 0x0d, 0x01, 0x0f,
    0x01, 0x09, 0x01, 0x05, 0x11, 0x00, 0x16, 0x00, 0x01, 0x07, 0x07, 0x08, 0x02, 0x0c, 0x01, 0x08, 0x01, 0x0c, 0x01, 0x0d,
    0x01, 0x0e, 0x01, 0x09, 0x01, 0x06, 0x01, 0x0c, 0x01, 0x08, 0x01, 0x0c, 0x02, 0x0d, 0x01, 0x0e, 0x01, 0x0d, 0x05, 0x0b,
    0x01, 0x0d, 0x01, 0x0e, 0x01, 0x0f, 0x02, 0x06, 0x11, 0x00, 0x16, 0x00, 0x0d, 0x08, 0x01, 0x09, 0x01, 0x06, 0x01, 0x05,
    0x01, 0x09, 0x01, 0x08, 0x02, 0x0c, 0x02, 0x06, 0x01, 0x0d, 0x04, 0x0b, 0x01, 0x0d, 0x01, 0x0e, 0x01, 0x0f, 0x01, 0x0d,
    0x01, 0x05, 0x12, 0x00, 0x16, 0x00, 0x01, 0x0c, 0x0c, 0x08, 0x01, 0x06, 0x03, 0x05, 0x01, 0x09, 0x03, 0x08, 0x01, 0x04,
    0x01, 0x0a, 0x01, 0x0d, 0x01, 0x0b, 0x01, 0x0d, 0x01, 0x0e, 0x03, 0x0f, 0x14, 0x00, 0x16, 0x00, 0x01, 0x0c, 0x04, 0x08,
    0x01, 0x0c, 0x06, 0x08, 0x01, 0x09, 0x04, 0x05, 0x01, 0x09, 0x03, 0x08, 0x01, 0x06, 0x01, 0x05, 0x01, 0x0e, 0x01, 0x0d,
    0x01, 0x0e, 0x02, 0x0f, 0x16, 0x00, 0x16, 0x00, 0x01, 0x0c, 0x04, 0x08, 0x01, 0x0c, 0x01, 0x0d, 0x02, 0x0c, 0x02, 0x08,
    0x01, 0x0c, 0x01, 0x09, 0x04, 0x05, 0x01, 0x09, 0x04, 0x08, 0x01, 0x06, 0x01, 0x09, 0x02, 0x0f, 0x18, 0x00, 0x15, 0x00,
    0x02, 0x0c, 0x06, 0x08, 0x03, 0x0e, 0x01, 0x0d, 0x01, 0x0c, 0x01, 0x0a, 0x01, 0x0b, 0x01, 0x0d, 0x02, 0x09, 0x01, 0x0c,
    0x04, 0x08, 0x01, 0x0c, 0x01, 0x09, 0x02, 0x0e, 0x18, 0x00, 0x15, 0x00, 0x01, 0x0a, 0x08, 0x08, 0x01, 0x0c, 0x02, 0x0f,
    0x01, 0x0d, 0x04, 0x0c, 0x05, 0x08, 0x02, 0x0c, 0x01, 0x0d, 0x02, 0x0c, 0x18, 0x00, 0x15, 0x00, 0x02, 0x06, 0x07, 0x08,
    0x01, 0x0c, 0x01, 0x0d, 0x01, 0x0f, 0x01, 0x0e, 0x0a, 0x08, 0x01, 0x0c, 0x01, 0x0d, 0x02, 0x0c, 0x18, 0x00, 0x15, 0x00,
    0x01, 0x0a, 0x01, 0x06, 0x01, 0x05, 0x01, 0x06, 0x04, 0x08, 0x02, 0x0c, 0x01, 0x0d, 0x02, 0x0e, 0x01, 0x0c, 0x09, 0x08,
    0x04, 0x0c, 0x18, 0x00, 0x15, 0x00, 0x01, 0x0f, 0x01, 0x0e, 0x01, 0x0a, 0x01, 0x06, 0x02, 0x05, 0x02, 0x06, 0x01, 0x0a,
    0x02, 0x0b, 0x02, 0x0d, 0x01, 0x0a, 0x02, 0x0c, 0x06, 0x08, 0x02, 0x0c, 0x01, 0x0d, 0x01, 0x0b, 0x01, 0x0a, 0x18, 0x00,
    0x15, 0x00, 0x01, 0x0e, 0x01, 0x0d, 0x01, 0x0b, 0x02, 0x0d, 0x01, 0x0a, 0x02, 0x09, 0x01, 0x0a, 0x01, 0x09, 0x01, 0x0a,
    0x01, 0x0d, 0x05, 0x06, 0x04, 0x08, 0x03, 0x06, 0x02, 0x09, 0x19, 0x00, 0x15, 0x00, 0x02, 0x0f, 0x01, 0x0d, 0x02, 0x0b,
    0x01, 0x0d, 0x01, 0x0e, 0x05, 0x0f, 0x01, 0x00, 0x01, 0x0b, 0x01, 0x09, 0x02, 0x06, 0x02, 0x05, 0x04, 0x06, 0x01, 0x0a,
    0x01, 0x0d, 0x01, 0x0e, 0x19, 0x00, 0x16, 0x00, 0x01, 0x0e, 0x01, 0x0f, 0x01, 0x0d, 0x02, 0x0e, 0x01, 0x0d, 0x01, 0x0b,
    0x01, 0x0d, 0x03, 0x0f, 0x02, 0x00, 0x02, 0x0f, 0x01, 0x0e, 0x01, 0x0d, 0x02, 0x0b, 0x02, 0x0d, 0x01, 0x0e, 0x01, 0x0f,
    0x02, 0x0e, 0x19, 0x00, 0x16, 0x00, 0x01, 0x0e, 0x01, 0x0d, 0x01, 0x0f, 0x01, 0x0e, 0x01, 0x0d, 0x01, 0x0b, 0x02, 0x0d,
    0x02, 0x0e, 0x01, 0x0f, 0x02, 0x00, 0x02, 0x0f, 0x01, 0x0e, 0x04, 0x0b, 0x01, 0x0d, 0x02, 0x0e, 0x01, 0x0f, 0x01, 0x0e,
    0x19, 0x00, 0x16, 0x00, 0x01, 0x0e, 0x07, 0x0b, 0x01, 0x0d, 0x02, 0x0e, 0x02, 0x00, 0x01, 0x0f, 0x01, 0x0e, 0x01, 0x0f,
    0x01, 0x0e, 0x02, 0x0b, 0x01, 0x0e, 0x01, 0x0f, 0x02, 0x0d, 0x01, 0x0e, 0x01, 0x0f, 0x19, 0x00, 0x17, 0x00, 0x01, 0x0e,
    0x04, 0x0b, 0x01, 0x0d, 0x01, 0x0b, 0x02, 0x0e, 0x01, 0x0f, 0x02, 0x00, 0x01, 0x0d, 0x02, 0x0e, 0x04, 0x0f, 0x04, 0x0d,
    0x01, 0x0e, 0x19, 0x00, 0x17, 0x00, 0x01, 0x0e, 0x03, 0x0b, 0x02, 0x0d, 0x02, 0x0e, 0x01, 0x0f, 0x04, 0x00, 0x02, 0x0e,
    0x03, 0x0d, 0x02, 0x0b, 0x02, 0x0d, 0x02, 0x0e, 0x19, 0x00, 0x16, 0x00, 0x04, 0x0d, 0x02, 0x0b, 0x01, 0x0d, 0x02, 0x0f,
    0x05, 0x00, 0x02, 0x0e, 0x01, 0x0d, 0x03, 0x0b, 0x02, 0x0d, 0x03, 0x0e, 0x19, 0x00, 0x15, 0x00, 0x01, 0x0d, 0x05, 0x0b,
    0x02, 0x0d, 0x01, 0x0f, 0x01, 0x0e, 0x06, 0x00, 0x01, 0x0f, 0x01, 0x0d, 0x02, 0x0b, 0x03, 0x0d, 0x01, 0x0e, 0x01, 0x0f,
    0x1a, 0x00, 0x14, 0x00, 0x02, 0x0b, 0x01, 0x0d, 0x05, 0x0b, 0x01, 0x0d, 0x02, 0x0e, 0x06, 0x00, 0x01, 0x0f, 0x01, 0x0e,
    0x05, 0x0d, 0x02, 0x0e, 0x1a, 0x00, 0x14, 0x00, 0x02, 0x0d, 0x01, 0x0b, 0x01, 0x0d, 0x03, 0x0b, 0x01, 0x0d, 0x03, 0x0e,
    0x06, 0x00, 0x01, 0x0f, 0x01, 0x0e, 0x02, 0x0b, 0x01, 0x0d, 0x01, 0x0b, 0x02, 0x0e, 0x01, 0x0f, 0x1a, 0x00, 0x14, 0x00,
    0x01, 0x0e, 0x01, 0x0b, 0x01, 0x0d, 0x03, 0x0b, 0x01, 0x0d, 0x01, 0x0e, 0x01, 0x0f, 0x01, 0x0e, 0x07, 0x00, 0x01, 0x0d,
    0x04, 0x0b, 0x03, 0x0d, 0x01, 0x0f, 0x1a, 0x00, 0x14, 0x00, 0x01, 0x0e, 0x01, 0x0b, 0x01, 0x0d, 0x02, 0x0b, 0x01, 0x0d,
    0x02, 0x0f, 0x09, 0x00, 0x02, 0x0b, 0x01, 0x0d, 0x01, 0x0b, 0x05, 0x0d, 0x1a, 0x00, 0x15, 0x00, 0x01, 0x09, 0x01, 0x0d,
    0x02, 0x0b, 0x01, 0x0f, 0x0b, 0x00, 0x02, 0x0b, 0x01, 0x0d, 0x01, 0x0a, 0x03, 0x0b, 0x02, 0x0d, 0x1a, 0x00, 0x25, 0x00,
    0x03, 0x0d, 0x01, 0x0b, 0x03, 0x0d, 0x02, 0x0e, 0x1a, 0x00, 0x25, 0x00, 0x02, 0x0b, 0x01, 0x0d, 0x01, 0x09, 0x01, 0x0e,
    0x02, 0x0b, 0x01, 0x0d, 0x1b, 0x00, 0x28, 0x00, 0x01, 0x09, 0x1f, 0x00, 0x48, 0x00, 0x48, 0x00
};
const uint8_t kWaving3[] PROGMEM = {
    0x48, 0x00, 0x48, 0x00, 0x1f, 0x00, 0x01, 0x03, 0x01, 0x04, 0x27, 0x00, 0x1e, 0x00, 0x01, 0x01, 0x01, 0x03, 0x28, 0x00,
    0x1d, 0x00, 0x01, 0x02, 0x01, 0x01, 0x01, 0x03, 0x28, 0x00, 0x1c, 0x00, 0x02, 0x01, 0x02, 0x02, 0x01, 0x03, 0x02, 0x02,
    0x01, 0x01, 0x05, 0x00, 0x03, 0x0d, 0x1c, 0x00, 0x1c, 0x00, 0x01, 0x02, 0x06, 0x01, 0x01, 0x02, 0x02, 0x03, 0x01, 0x02,
    0x01, 0x0d, 0x05, 0x0b, 0x01, 0x0d, 0x1a, 0x00, 0x19, 0x00, 0x02, 0x0d, 0x01, 0x00, 0x09, 0x02, 0x01, 0x01, 0x01, 0x03,
    0x01, 0x09, 0x03, 0x0e, 0x01, 0x0d, 0x01, 0x0b, 0x01, 0x0d, 0x1a, 0x00, 0x17, 0x00, 0x01, 0x0e, 0x03, 0x0d, 0x01, 0x0e,
    0x03, 0x03, 0x02, 0x02, 0x01, 0x01, 0x06, 0x02, 0x01, 0x04, 0x01, 0x0e, 0x01, 0x0f, 0x01, 0x0e, 0x02, 0x0d, 0x1a, 0x00,
    0x17, 0x00, 0x01, 0x0d, 0x02, 0x0e, 0x01, 0x0f, 0x01, 0x06, 0x01, 0x02, 0x01, 0x01, 0x03, 0x02, 0x01, 0x01, 0x01, 0x02,
    0x03, 0x01, 0x01, 0x02, 0x02, 0x01, 0x01, 0x03, 0x01, 0x0a, 0x01, 0x0f, 0x01, 0x0b, 0x01, 0x0e, 0x07, 0x00, 0x01, 0x04,
    0x12, 0x00, 0x16, 0x00, 0x01, 0x0e, 0x01, 0x0b, 0x01, 0x0e, 0x01, 0x0f, 0x01, 0x0a, 0x01, 0x02, 0x01, 0x01, 0x01, 0x02,
    0x03, 0x01, 0x01, 0x02, 0x01, 0x01, 0x02, 0x02, 0x01, 0x01, 0x03, 0x02, 0x01, 0x01, 0x01, 0x03, 0x01, 0x0d, 0x02, 0x0e,
    0x06, 0x00, 0x01, 0x05, 0x01, 0x04, 0x01, 0x05, 0x11, 0x00, 0x16, 0x00, 0x02, 0x0d, 0x02, 0x0f, 0x01, 0x03, 0x01, 0x01,
    0x01, 0x02, 0x02, 0x01, 0x02, 0x02, 0x01, 0x01, 0x01, 0x02, 0x03, 0x03, 0x01, 0x02, 0x01, 0x01, 0x02, 0x02, 0x01, 0x01,
    0x01, 0x03, 0x01, 0x0b, 0x07, 0x00, 0x01, 0x05, 0x01, 0x04, 0x01, 0x05, 0x01, 0x09, 0x10, 0x00, 0x16, 0x00, 0x01, 0x0d,
    0x01, 0x0b, 0x01, 0x0f, 0x01, 0x05, 0x01, 0x01, 0x01, 0x02, 0x01, 0x01, 0x02, 0x02, 0x03, 0x01, 0x02, 0x02, 0x01, 0x01,
    0x01, 0x03, 0x01, 0x04, 0x01, 0x03, 0x02, 0x01, 0x01, 0x02, 0x02, 0x01, 0x01, 0x03, 0x05, 0x00, 0x01, 0x05, 0x01, 0x04,
    0x01, 0x05, 0x01, 0x09, 0x11, 0x00, 0x17, 0x00, 0x01, 0x0e, 0x01, 0x0f, 0x01, 0x03, 0x01, 0x01, 0x01, 0x02, 0x01, 0x03,
    0x01, 0x02, 0x01, 0x03, 0x01, 0x02, 0x01, 0x01, 0x01, 0x02, 0x01, 0x01, 0x01, 0x03, 0x01, 0x04, 0x01, 0x0a, 0x01, 0x0d,
    0x01, 0x0b, 0x01, 0x04, 0x01, 0x01, 0x02, 0x02, 0x01, 0x01, 0x01, 0x03, 0x05, 0x00, 0x01, 0x05, 0x01, 0x04, 0x01, 0x06,
    0x12, 0x00, 0x18, 0x00, 0x01, 0x04, 0x01, 0x01, 0x01, 0x02, 0x02, 0x03, 0x01, 0x02, 0x01, 0x03, 0x03, 0x02, 0x01, 0x01,
    0x01, 0x04, 0x01, 0x0f, 0x02, 0x0e, 0x01, 0x0d, 0x01, 0x0e, 0x01, 0x03, 0x01, 0x01, 0x01, 0x02, 0x01, 0x01, 0x01, 0x02,
    0x01, 0x03, 0x03, 0x00, 0x01, 0x06, 0x01, 0x04, 0x01, 0x06, 0x01, 0x0d, 0x12, 0x00, 0x18, 0x00, 0x01, 0x02, 0x02, 0x01,
    0x01, 0x04, 0x02, 0x0a, 0x01, 0x09, 0x01, 0x02, 0x01, 0x01, 0x01, 0x02, 0x01, 0x01, 0x01, 0x04, 0x01, 0x0e, 0x01, 0x09,
    0x01, 0x0d, 0x01, 0x0f, 0x01, 0x0b, 0x01, 0x06, 0x04, 0x02, 0x01, 0x03, 0x02, 0x00, 0x01, 0x09, 0x02, 0x05, 0x01, 0x09,
    0x13, 0x00, 0x18, 0x00, 0x01, 0x03, 0x01, 0x01, 0x01, 0x03, 0x02, 0x0e, 0x02, 0x0f, 0x01, 0x03, 0x03, 0x01, 0x01, 0x03,
    0x01, 0x04, 0x01, 0x05, 0x01, 0x0f, 0x01, 0x09, 0x01, 0x05, 0x01, 0x0d, 0x01, 0x02, 0x01, 0x01, 0x01, 0x02, 0x02, 0x03,
    0x02, 0x00, 0x02, 0x05, 0x01, 0x0b, 0x01, 0x09, 0x01, 0x06, 0x12, 0x00, 0x18, 0x00, 0x01, 0x02, 0x01, 0x01, 0x01, 0x04,
    0x01, 0x0f, 0x01, 0x0a, 0x01, 0x0b, 0x01, 0x0f, 0x02, 0x03, 0x01, 0x04, 0x01, 0x03, 0x01, 0x01, 0x01, 0x02, 0x01, 0x04,
    0x01, 0x0e, 0x02, 0x0d, 0x01, 0x04, 0x01, 0x01, 0x02, 0x02, 0x01, 0x01, 0x01, 0x03, 0x01, 0x00, 0x01, 0x05, 0x01, 0x04,
    0x01, 0x05, 0x02, 0x0b, 0x01, 0x08, 0x12, 0x00, 0x17, 0x00, 0x03, 0x01, 0x01, 0x06, 0x02, 0x04, 0x01, 0x0f, 0x01, 0x0d,
    0x01, 0x02, 0x01, 0x04, 0x01, 0x0e, 0x01, 0x03, 0x03, 0x01, 0x01, 0x03, 0x01, 0x04, 0x01, 0x03, 0x01, 0x01, 0x02, 0x02,
    0x01, 0x01, 0x01, 0x03, 0x01, 0x04, 0x01, 0x09, 0x02, 0x05, 0x01, 0x09, 0x01, 0x00, 0x01, 0x06, 0x01, 0x05, 0x12, 0x00,
    0x17, 0x00, 0x01, 0x03, 0x01, 0x02, 0x01, 0x01, 0x01, 0x04, 0x01, 0x0d, 0x01, 0x04, 0x01, 0x0e, 0x01, 0x04, 0x05, 0x01,
    0x01, 0x02, 0x01, 0x03, 0x03, 0x01, 0x02, 0x02, 0x01, 0x01, 0x02, 0x03, 0x01, 0x00, 0x02, 0x05, 0x01, 0x09, 0x02, 0x00,
    0x01, 0x09, 0x02, 0x04, 0x11, 0x00, 0x17, 0x00, 0x01, 0x03, 0x03, 0x02, 0x01, 0x04, 0x01, 0x06, 0x01, 0x04, 0x01, 0x01,
    0x01, 0x02, 0x01, 0x01, 0x01, 0x02, 0x01, 0x03, 0x01, 0x02, 0x01, 0x03, 0x01, 0x02, 0x01, 0x01, 0x01, 0x02, 0x02, 0x01,
    0x01, 0x02, 0x01, 0x03, 0x01, 0x09, 0x01, 0x0f, 0x01, 0x09, 0x01, 0x05, 0x01, 0x06, 0x01, 0x0b, 0x01, 0x00, 0x01, 0x09,
    0x01, 0x06, 0x02, 0x04, 0x11, 0x00, 0x17, 0x00, 0x02, 0x03, 0x01, 0x02, 0x04, 0x01, 0x01, 0x02, 0x02, 0x03, 0x03, 0x02,
    0x02, 0x01, 0x02, 0x02, 0x01, 0x03, 0x01, 0x04, 0x01, 0x06, 0x01, 0x0f, 0x01, 0x0e, 0x02, 0x09, 0x01, 0x06, 0x01, 0x09,
    0x02, 0x00, 0x01, 0x0e, 0x01, 0x06, 0x01, 0x04, 0x01, 0x05, 0x01, 0x06, 0x10, 0x00, 0x18, 0x00, 0x01, 0x06, 0x01, 0x04,
    0x01, 0x02, 0x07, 0x01, 0x01, 0x03, 0x02, 0x02, 0x01, 0x04, 0x01, 0x09, 0x01, 0x06, 0x01, 0x0b, 0x01, 0x0e, 0x01, 0x0b,
    0x02, 0x06, 0x01, 0x08, 0x01, 0x0a, 0x01, 0x09, 0x03, 0x00, 0x01, 0x0e, 0x01, 0x09, 0x01, 0x04, 0x01, 0x06, 0x11, 0x00,
    0x17, 0x00, 0x01, 0x04, 0x01, 0x06, 0x01, 0x0c, 0x01, 0x0a, 0x02, 0x04, 0x01, 0x03, 0x03, 0x04, 0x01, 0x05, 0x01, 0x0a,
    0x01, 0x09, 0x01, 0x0a, 0x01, 0x0d, 0x01, 0x0e, 0x01, 0x0f, 0x01, 0x0b, 0x02, 0x06, 0x01, 0x07, 0x02, 0x0c, 0x02, 0x09,
    0x03, 0x00, 0x02, 0x09, 0x13, 0x00, 0x17, 0x00, 0x01, 0x04, 0x01, 0x06, 0x02, 0x0c, 0x02, 0x0f, 0x01, 0x0e, 0x01, 0x0f,
    0x01, 0x0d, 0x01, 0x0e, 0x01, 0x0d, 0x01, 0x0b, 0x02, 0x0d, 0x01, 0x0e, 0x01, 0x09, 0x02, 0x06, 0x02, 0x07, 0x04, 0x0c,
    0x01, 0x08, 0x01, 0x07, 0x02, 0x00, 0x02, 0x04, 0x13, 0x00, 0x18, 0x00, 0x02, 0x06, 0x01, 0x0c, 0x01, 0x0f, 0x01, 0x05,
    0x01, 0x04, 0x01, 0x05, 0x02, 0x0d, 0x01, 0x0b, 0x02, 0x0e, 0x01, 0x09, 0x01, 0x04, 0x01, 0x03, 0x01, 0x04, 0x01, 0x09,
    0x01, 0x07, 0x02, 0x0c, 0x05, 0x07, 0x01, 0x0c, 0x01, 0x06, 0x01, 0x00, 0x01, 0x04, 0x13, 0x00, 0x16, 0x00, 0x01, 0x07,
    0x02, 0x0c, 0x01, 0x06, 0x01, 0x0d, 0x01, 0x0a, 0x01, 0x03, 0x01, 0x02, 0x02, 0x03, 0x01, 0x06, 0x01, 0x0a, 0x01, 0x04,
    0x02, 0x03, 0x01, 0x02, 0x01, 0x04, 0x01, 0x08, 0x01, 0x09, 0x01, 0x08, 0x01, 0x0c, 0x08, 0x07, 0x02, 0x05, 0x13, 0x00,
    0x16, 0x00, 0x02, 0x07, 0x01, 0x08, 0x01, 0x09, 0x01, 0x0a, 0x01, 0x06, 0x01, 0x03, 0x01, 0x01, 0x01, 0x02, 0x01, 0x01,
    0x01, 0x02, 0x01, 0x03, 0x03, 0x01, 0x01, 0x04, 0x03, 0x06, 0x01, 0x08, 0x0a, 0x07, 0x14, 0x00, 0x15, 0x00, 0x02, 0x07,
    0x01, 0x0c, 0x01, 0x07, 0x01, 0x0b, 0x01, 0x06, 0x01, 0x05, 0x01, 0x03, 0x07, 0x02, 0x01, 0x04, 0x01, 0x06, 0x01, 0x05,
    0x01, 0x06, 0x01, 0x07, 0x01, 0x08, 0x09, 0x07, 0x01, 0x0c, 0x14, 0x00, 0x15, 0x00, 0x01, 0x07, 0x02, 0x0c, 0x01, 0x08,
    0x01, 0x0a, 0x02, 0x05, 0x01, 0x03, 0x01, 0x01, 0x04, 0x02, 0x01, 0x01, 0x01, 0x04, 0x01, 0x06, 0x02, 0x05, 0x01, 0x06,
    0x04, 0x07, 0x01, 0x08, 0x06, 0x07, 0x01, 0x08, 0x01, 0x0c, 0x13, 0x00, 0x14, 0x00, 0x01, 0x0c, 0x01, 0x07, 0x01, 0x0c,
    0x01, 0x08, 0x01, 0x09, 0x01, 0x06, 0x01, 0x05, 0x01, 0x06, 0x01, 0x03, 0x01, 0x01, 0x04, 0x02, 0x01, 0x04, 0x01, 0x06,
    0x03, 0x05, 0x01, 0x06, 0x03, 0x07, 0x03, 0x08, 0x06, 0x07, 0x01, 0x0c, 0x13, 0x00, 0x13, 0x00, 0x01, 0x0c, 0x02, 0x08,
    0x01, 0x0c, 0x01, 0x08, 0x01, 0x09, 0x02, 0x05, 0x01, 0x06, 0x01, 0x04, 0x01, 0x01, 0x03, 0x02, 0x01, 0x04, 0x01, 0x06,
    0x04, 0x05, 0x01, 0x06, 0x01, 0x08, 0x03, 0x07, 0x02, 0x0c, 0x01, 0x07, 0x01, 0x08, 0x04, 0x07, 0x01, 0x08, 0x13, 0x00,
    0x13, 0x00, 0x04, 0x0c, 0x01, 0x08, 0x01, 0x06, 0x04, 0x05, 0x01, 0x03, 0x02, 0x02, 0x01, 0x04, 0x01, 0x06, 0x01, 0x05,
    0x01, 0x06, 0x02, 0x05, 0x02, 0x06, 0x03, 0x07, 0x01, 0x0c, 0x01, 0x0e, 0x06, 0x08, 0x02, 0x07, 0x01, 0x08, 0x12, 0x00,
    0x12, 0x00, 0x01, 0x0c, 0x02, 0x08, 0x02, 0x0c, 0x01, 0x08, 0x01, 0x09, 0x03, 0x05, 0x01, 0x06, 0x01, 0x04, 0x01, 0x03,
    0x01, 0x04, 0x06, 0x05, 0x01, 0x06, 0x01, 0x09, 0x04, 0x07, 0x01, 0x0e, 0x04, 0x0c, 0x01, 0x08, 0x02, 0x0c, 0x01, 0x07,
    0x01, 0x0c, 0x12, 0x00, 0x11, 0x00, 0x02, 0x05, 0x02, 0x04, 0x01, 0x05, 0x01, 0x0b, 0x01, 0x08, 0x01, 0x0a, 0x04, 0x05,
    0x01, 0x06, 0x01, 0x05, 0x01, 0x06, 0x06, 0x05, 0x01, 0x06, 0x01, 0x09, 0x04, 0x07, 0x01, 0x0e, 0x01, 0x0c, 0x01, 0x08,
    0x01, 0x06, 0x03, 0x05, 0x02, 0x08, 0x01, 0x0c, 0x12, 0x00, 0x10, 0x00, 0x01, 0x05, 0x02, 0x04, 0x02, 0x05, 0x01, 0x06,
    0x02, 0x08, 0x01, 0x0a, 0x02, 0x05, 0x02, 0x06, 0x03, 0x05, 0x01, 0x06, 0x05, 0x05, 0x01, 0x06, 0x01, 0x09, 0x01, 0x06,
    0x02, 0x07, 0x01, 0x0c, 0x01, 0x0e, 0x01, 0x06, 0x06, 0x04, 0x01, 0x05, 0x02, 0x0c, 0x11, 0x00, 0x10, 0x00, 0x01, 0x05,
    0x01, 0x04, 0x01, 0x0b, 0x02, 0x0d, 0x01, 0x0e, 0x01, 0x0c, 0x02, 0x0a, 0x01, 0x06, 0x01, 0x05, 0x02, 0x06, 0x02, 0x05,
    0x01, 0x06, 0x05, 0x05, 0x02, 0x06, 0x01, 0x09, 0x01, 0x06, 0x02, 0x07, 0x01, 0x0c, 0x01, 0x0d, 0x02, 0x05, 0x03, 0x06,
    0x03, 0x04, 0x01, 0x05, 0x01, 0x0c, 0x11, 0x00, 0x10, 0x00, 0x01, 0x05, 0x01, 0x0a, 0x01, 0x0e, 0x02, 0x0b, 0x01, 0x0e,
    0x01, 0x08, 0x01, 0x0b, 0x01, 0x0a, 0x03, 0x06, 0x01, 0x05, 0x03, 0x06, 0x05, 0x05, 0x02, 0x06, 0x01, 0x0a, 0x01, 0x06,
    0x02, 0x08, 0x01, 0x0c, 0x02, 0x0b, 0x01, 0x0e, 0x04, 0x0d, 0x01, 0x05, 0x02, 0x04, 0x01, 0x05, 0x11, 0x00, 0x10, 0x00,
    0x01, 0x05, 0x01, 0x0e, 0x03, 0x0b, 0x01, 0x0d, 0x01, 0x07, 0x01, 0x0d, 0x02, 0x09, 0x01, 0x0a, 0x02, 0x09, 0x03, 0x06,
    0x03, 0x09, 0x01, 0x06, 0x02, 0x09, 0x01, 0x0d, 0x01, 0x0e, 0x01, 0x06, 0x01, 0x07, 0x01, 0x08, 0x01, 0x0c, 0x01, 0x0f,
    0x01, 0x0d, 0x01, 0x0a, 0x04, 0x0b, 0x01, 0x0f, 0x01, 0x05, 0x01, 0x04, 0x01, 0x06, 0x11, 0x00, 0x10, 0x00, 0x01, 0x09,
    0x01, 0x0d, 0x03, 0x0b, 0x01, 0x0d, 0x01, 0x06, 0x01, 0x0d, 0x01, 0x09, 0x03, 0x06, 0x01, 0x05, 0x03, 0x06, 0x07, 0x09,
    0x01, 0x0b, 0x01, 0x06, 0x01, 0x07, 0x01, 0x08, 0x01, 0x0b, 0x01, 0x0d, 0x06, 0x0b, 0x01, 0x0f, 0x01, 0x0a, 0x01, 0x04,
    0x01, 0x06, 0x11, 0x00, 0x11, 0x00, 0x01, 0x0e, 0x01, 0x0d, 0x02, 0x0b, 0x01, 0x0d, 0x01, 0x0e, 0x01, 0x0f, 0x01, 0x0b,
    0x02, 0x06, 0x04, 0x05, 0x01, 0x06, 0x01, 0x09, 0x01, 0x06, 0x01, 0x05, 0x01, 0x06, 0x02, 0x09, 0x01, 0x06, 0x01, 0x0e,
    0x01, 0x09, 0x01, 0x05, 0x01, 0x06, 0x02, 0x0d, 0x01, 0x0a, 0x04, 0x0b, 0x01, 0x0d, 0x01, 0x0f, 0x01, 0x0b, 0x01, 0x05,
    0x12, 0x00, 0x11, 0x00, 0x01, 0x0f, 0x01, 0x0d, 0x01, 0x0b, 0x01, 0x0d, 0x02, 0x0a, 0x01, 0x0d, 0x01, 0x0c, 0x02, 0x0a,
    0x04, 0x06, 0x01, 0x09, 0x01, 0x0d, 0x02, 0x09, 0x02, 0x0b, 0x04, 0x0d, 0x01, 0x0b, 0x02, 0x0e, 0x05, 0x0b, 0x01, 0x0d,
    0x01, 0x0e, 0x01, 0x0f, 0x01, 0x06, 0x01, 0x05, 0x12, 0x00, 0x12, 0x00, 0x01, 0x0e, 0x02, 0x0b, 0x01, 0x05, 0x01, 0x08,
    0x01, 0x0c, 0x04, 0x08, 0x01, 0x0c, 0x01, 0x0b, 0x01, 0x0a, 0x02, 0x0c, 0x01, 0x0d, 0x01, 0x0e, 0x01, 0x09, 0x01, 0x06,
    0x01, 0x0c, 0x01, 0x08, 0x02, 0x0c, 0x01, 0x0b, 0x01, 0x06, 0x05, 0x0b, 0x01, 0x0d, 0x01, 0x0e, 0x01, 0x0f, 0x01, 0x0e,
    0x01, 0x06, 0x13, 0x00, 0x13, 0x00, 0x01, 0x0e, 0x01, 0x06, 0x01, 0x07, 0x0b, 0x08, 0x01, 0x0c, 0x01, 0x09, 0x02, 0x05,
    0x01, 0x06, 0x01, 0x0c, 0x03, 0x08, 0x01, 0x05, 0x01, 0x06, 0x01, 0x0d, 0x02, 0x0b, 0x01, 0x0d, 0x03, 0x0f, 0x15, 0x00,
    0x13, 0x00, 0x01, 0x0d, 0x01, 0x09, 0x0d, 0x08, 0x01, 0x06, 0x01, 0x05, 0x01, 0x06, 0x01, 0x05, 0x01, 0x06, 0x03, 0x08,
    0x01, 0x06, 0x01, 0x04, 0x01, 0x0a, 0x01, 0x0d, 0x02, 0x0e, 0x01, 0x0f, 0x17, 0x00, 0x14, 0x00, 0x01, 0x0b, 0x0d, 0x08,
    0x01, 0x06, 0x03, 0x05, 0x01, 0x06, 0x01, 0x0a, 0x03, 0x08, 0x02, 0x06, 0x03, 0x0f, 0x18, 0x00, 0x14, 0x00, 0x01, 0x0d,
    0x05, 0x08, 0x01, 0x0c, 0x06, 0x08, 0x01, 0x0a, 0x02, 0x05, 0x01, 0x06, 0x01, 0x05, 0x01, 0x09, 0x04, 0x08, 0x01, 0x0c,
    0x02, 0x09, 0x01, 0x0f, 0x01, 0x0c, 0x18, 0x00, 0x14, 0x00, 0x02, 0x0c, 0x04, 0x08, 0x01, 0x0c, 0x02, 0x0d, 0x04, 0x0c,
    0x01, 0x0a, 0x01, 0x09, 0x01, 0x0b, 0x02, 0x09, 0x01, 0x0c, 0x04, 0x08, 0x01, 0x0c, 0x01, 0x0d, 0x01, 0x0b, 0x02, 0x0c,
    0x18, 0x00, 0x14, 0x00, 0x02, 0x0c, 0x06, 0x08, 0x01, 0x0d, 0x01, 0x0e, 0x02, 0x0f, 0x01, 0x0d, 0x05, 0x0c, 0x04, 0x08,
    0x03, 0x0c, 0x01, 0x0d, 0x02, 0x0c, 0x18, 0x00, 0x14, 0x00, 0x02, 0x0c, 0x07, 0x08, 0x01, 0x0c, 0x01, 0x0d, 0x01, 0x0e,
    0x01, 0x0f, 0x01, 0x0c, 0x0a, 0x08, 0x04, 0x0c, 0x18, 0x00, 0x14, 0x00, 0x01, 0x0a, 0x01, 0x0b, 0x01, 0x0c, 0x06, 0x08,
    0x02, 0x0c, 0x01, 0x0e, 0x01, 0x0f, 0x01, 0x0c, 0x09, 0x08, 0x02, 0x0c, 0x02, 0x0d, 0x01, 0x0a, 0x18, 0x00, 0x14, 0x00,
    0x04, 0x06, 0x01, 0x08, 0x01, 0x0a, 0x02, 0x08, 0x02, 0x0c, 0x01, 0x0d, 0x01, 0x0b, 0x01, 0x0d, 0x01, 0x0e, 0x06, 0x0c,
    0x05, 0x08, 0x03, 0x09, 0x18, 0x00, 0x15, 0x00, 0x01, 0x09, 0x01, 0x06, 0x05, 0x05, 0x02, 0x06, 0x02, 0x09, 0x01, 0x0e,
    0x01, 0x09, 0x07, 0x06, 0x03, 0x05, 0x01, 0x06, 0x01, 0x09, 0x01, 0x0d, 0x01, 0x0e, 0x18, 0x00, 0x15, 0x00, 0x01, 0x0f,
    0x01, 0x0e, 0x01, 0x0b, 0x03, 0x0a, 0x01, 0x09, 0x01, 0x0a, 0x01, 0x0d, 0x02, 0x0e, 0x01, 0x0f, 0x01, 0x00, 0x07, 0x06,
    0x02, 0x09, 0x01, 0x0b, 0x01, 0x0e, 0x03, 0x0f, 0x18, 0x00, 0x15, 0x00, 0x01, 0x0e, 0x01, 0x0d, 0x02, 0x0b, 0x03, 0x0d,
    0x03, 0x0e, 0x02, 0x0f, 0x02, 0x00, 0x02, 0x0f, 0x02, 0x0e, 0x01, 0x0d, 0x04, 0x0b, 0x01, 0x0d, 0x01, 0x0e, 0x02, 0x0f,
    0x18, 0x00, 0x16, 0x00, 0x01, 0x0f, 0x01, 0x0d, 0x02, 0x0b, 0x01, 0x0d, 0x01, 0x0e, 0x01, 0x0d, 0x01, 0x0b, 0x01, 0x0e,
    0x02, 0x0f, 0x03, 0x00, 0x01, 0x0d, 0x01, 0x0e, 0x01, 0x0d, 0x01, 0x0a, 0x03, 0x0b, 0x01, 0x0d, 0x01, 0x0e, 0x01, 0x0d,
    0x02, 0x0e, 0x01, 0x0f, 0x17, 0x00, 0x16, 0x00, 0x02, 0x0f, 0x03, 0x0e, 0x02, 0x0b, 0x02, 0x0d, 0x03, 0x0e, 0x02, 0x00,
    0x03, 0x0f, 0x01, 0x0e, 0x02, 0x0b, 0x01, 0x0d, 0x01, 0x0f, 0x01, 0x0d, 0x01, 0x0b, 0x01, 0x0d, 0x01, 0x0e, 0x01, 0x0f,
    0x17, 0x00, 0x16, 0x00, 0x01, 0x0f, 0x01, 0x0d, 0x01, 0x0e, 0x01, 0x0d, 0x05, 0x0b, 0x02, 0x0e, 0x01, 0x0d, 0x02, 0x00,
    0x03, 0x0e, 0x01, 0x0f, 0x02, 0x0e, 0x01, 0x0f, 0x01, 0x0d, 0x01, 0x0b, 0x03, 0x0d, 0x01, 0x0f, 0x17, 0x00, 0x16, 0x00,
    0x01, 0x0f, 0x01, 0x0d, 0x06, 0x0b, 0x01, 0x0d, 0x02, 0x0e, 0x04, 0x00, 0x02, 0x0e, 0x02, 0x0d, 0x01, 0x0e, 0x01, 0x0d,
    0x03, 0x0b, 0x01, 0x0d, 0x01, 0x0e, 0x01, 0x0f, 0x17, 0x00, 0x17, 0x00, 0x01, 0x0e, 0x05, 0x0b, 0x01, 0x0d, 0x02, 0x0e,
    0x01, 0x0f, 0x04, 0x00, 0x02, 0x0e, 0x01, 0x0d, 0x04, 0x0b, 0x02, 0x0d, 0x02, 0x0e, 0x01, 0x0f, 0x17, 0x00, 0x17, 0x00,
    0x01, 0x0f, 0x01, 0x0d, 0x03, 0x0b, 0x02, 0x0d, 0x01, 0x0e, 0x01, 0x0f, 0x01, 0x0e, 0x05, 0x00, 0x01, 0x0f, 0x01, 0x0d,
    0x04, 0x0b, 0x02, 0x0d, 0x01, 0x0e, 0x01, 0x0f, 0x18, 0x00, 0x17, 0x00, 0x01, 0x0f, 0x03, 0x0d, 0x02, 0x0b, 0x01, 0x0d,
    0x02, 0x0f, 0x07, 0x00, 0x01, 0x0e, 0x01, 0x0d, 0x03, 0x0b, 0x02, 0x0d, 0x01, 0x0e, 0x01, 0x0f, 0x18, 0x00, 0x17, 0x00,
    0x03, 0x0d, 0x03, 0x0b, 0x01, 0x0d, 0x01, 0x0f, 0x01, 0x0e, 0x07, 0x00, 0x01, 0x0f, 0x01, 0x0d, 0x01, 0x0b, 0x02, 0x0d,
    0x01, 0x0b, 0x01, 0x0d, 0x01, 0x0e, 0x01, 0x0f, 0x18, 0x00, 0x15, 0x00, 0x01, 0x0e, 0x03, 0x0d, 0x03, 0x0b, 0x02, 0x0d,
    0x01, 0x0f, 0x01, 0x0e, 0x01, 0x0d, 0x06, 0x00, 0x01, 0x0f, 0x01, 0x0d, 0x02, 0x0b, 0x01, 0x0d, 0x01, 0x0b, 0x01, 0x0d,
    0x01, 0x0e, 0x01, 0x0f, 0x18, 0x00, 0x14, 0x00, 0x01, 0x0b, 0x02, 0x0d, 0x01, 0x0e, 0x02, 0x0d, 0x02, 0x0b, 0x01, 0x0d,
    0x01, 0x0e, 0x01, 0x0f, 0x02, 0x0e, 0x06, 0x00, 0x01, 0x0d, 0x04, 0x0b, 0x01, 0x0d, 0x01, 0x0b, 0x01, 0x0d, 0x01, 0x0f,
    0x18, 0x00, 0x13, 0x00, 0x02, 0x0d, 0x01, 0x0b, 0x01, 0x0d, 0x04, 0x0b, 0x01, 0x0d, 0x01, 0x0e, 0x02, 0x0f, 0x01, 0x0e,
    0x01, 0x0f, 0x06, 0x00, 0x01, 0x0d, 0x01, 0x0b, 0x01, 0x0d, 0x01, 0x0b, 0x01, 0x0d, 0x01, 0x0b, 0x03, 0x0d, 0x18, 0x00,
    0x13, 0x00, 0x01, 0x0f, 0x02, 0x0d, 0x01, 0x0e, 0x04, 0x0d, 0x01, 0x0e, 0x04, 0x0f, 0x06, 0x00, 0x01, 0x0d, 0x02, 0x0b,
    0x01, 0x0d, 0x01, 0x0b, 0x01, 0x0d, 0x02, 0x0b, 0x02, 0x0d, 0x01, 0x0f, 0x17, 0x00, 0x14, 0x00, 0x01, 0x0b, 0x01, 0x09,
    0x01, 0x0d, 0x01, 0x09, 0x01, 0x0e, 0x03, 0x0f, 0x0a, 0x00, 0x01, 0x0e, 0x01, 0x0b, 0x02, 0x0d, 0x01, 0x0b, 0x02, 0x0d,
    0x01, 0x0b, 0x01, 0x0e, 0x01, 0x0d, 0x01, 0x0f, 0x17, 0x00, 0x16, 0x00, 0x01, 0x09, 0x01, 0x05, 0x01, 0x0b, 0x0e, 0x00,
    0x02, 0x0e, 0x01, 0x0d, 0x01, 0x0a, 0x01, 0x0d, 0x01, 0x0a, 0x01, 0x0b, 0x01, 0x0f, 0x01, 0x0d, 0x18, 0x00, 0x29, 0x00,
    0x01, 0x06, 0x01, 0x09, 0x01, 0x0a, 0x02, 0x09, 0x1a, 0x00, 0x48, 0x00, 0x48, 0x00
};
const Frame kWavingFrames[] PROGMEM = {
    {kWaving0, 2626, 130},
    {kWaving1, 2670, 130},
    {kWaving2, 2476, 130},
    {kWaving3, 2594, 260},
};

const uint8_t kJumping0[] PROGMEM = {
    0x48, 0x00, 0x48, 0x00, 0x48, 0x00, 0x48, 0x00, 0x48, 0x00, 0x48, 0x00, 0x48, 0x00, 0x48, 0x00, 0x48, 0x00, 0x48, 0x00,
    0x48, 0x00, 0x48, 0x00, 0x48, 0x00, 0x48, 0x00, 0x48, 0x00, 0x48, 0x00, 0x48, 0x00, 0x48, 0x00, 0x48, 0x00, 0x48, 0x00,
    0x48, 0x00, 0x48, 0x00, 0x48, 0x00, 0x31, 0x00, 0x01, 0x05, 0x02, 0x04, 0x14, 0x00, 0x31, 0x00, 0x02, 0x04, 0x01, 0x05,
    0x01, 0x09, 0x13, 0x00, 0x19, 0x00, 0x01, 0x01, 0x01, 0x03, 0x15, 0x00, 0x01, 0x05, 0x02, 0x04, 0x01, 0x06, 0x01, 0x0d,
    0x13, 0x00, 0x18, 0x00, 0x01, 0x03, 0x01, 0x01, 0x01, 0x02, 0x0a, 0x00, 0x02, 0x0a, 0x09, 0x00, 0x02, 0x04, 0x01, 0x05,
    0x01, 0x09, 0x14, 0x00, 0x17, 0x00, 0x01, 0x02, 0x02, 0x01, 0x01, 0x03, 0x01, 0x00, 0x01, 0x03, 0x01, 0x02, 0x06, 0x00,
    0x03, 0x09, 0x02, 0x0a, 0x07, 0x00, 0x02, 0x04, 0x01, 0x09, 0x15, 0x00, 0x17, 0x00, 0x02, 0x01, 0x01, 0x02, 0x01, 0x01,
    0x01, 0x02, 0x02, 0x01, 0x04, 0x03, 0x01, 0x00, 0x02, 0x09, 0x05, 0x0a, 0x05, 0x00, 0x01, 0x05, 0x01, 0x04, 0x01, 0x05,
    0x01, 0x0d, 0x15, 0x00, 0x15, 0x00, 0x01, 0x09, 0x01, 0x0e, 0x01, 0x02, 0x02, 0x01, 0x01, 0x02, 0x01, 0x01, 0x01, 0x02,
    0x01, 0x01, 0x02, 0x02, 0x01, 0x01, 0x01, 0x02, 0x01, 0x04, 0x01, 0x0e, 0x01, 0x0b, 0x02, 0x0e, 0x01, 0x0a, 0x01, 0x09,
    0x01, 0x0a, 0x04, 0x00, 0x01, 0x09, 0x02, 0x04, 0x02, 0x09, 0x15, 0x00, 0x13, 0x00, 0x02, 0x0a, 0x01, 0x09, 0x01, 0x0d,
    0x01, 0x04, 0x01, 0x03, 0x01, 0x02, 0x01, 0x01, 0x01, 0x02, 0x01, 0x01, 0x02, 0x02, 0x03, 0x01, 0x01, 0x02, 0x01, 0x03,
    0x01, 0x06, 0x02, 0x0f, 0x01, 0x0b, 0x01, 0x09, 0x01, 0x0b, 0x04, 0x00, 0x02, 0x05, 0x02, 0x06, 0x01, 0x04, 0x15, 0x00,
    0x13, 0x00, 0x03, 0x0a, 0x01, 0x0d, 0x01, 0x06, 0x01, 0x03, 0x01, 0x04, 0x01, 0x02, 0x06, 0x01, 0x02, 0x02, 0x01, 0x01,
    0x01, 0x02, 0x01, 0x04, 0x01, 0x0f, 0x02, 0x0a, 0x01, 0x0e, 0x04, 0x00, 0x02, 0x04, 0x01, 0x09, 0x01, 0x0d, 0x01, 0x09,
    0x15, 0x00, 0x12, 0x00, 0x01, 0x0b, 0x01, 0x0a, 0x02, 0x0f, 0x01, 0x09, 0x01, 0x03, 0x03, 0x01, 0x01, 0x02, 0x0a, 0x01,
    0x01, 0x04, 0x01, 0x0e, 0x01, 0x0d, 0x01, 0x0f, 0x03, 0x00, 0x01, 0x05, 0x01, 0x04, 0x01, 0x05, 0x01, 0x0a, 0x01, 0x0d,
    0x01, 0x05, 0x01, 0x04, 0x14, 0x00, 0x12, 0x00, 0x01, 0x0a, 0x01, 0x09, 0x02, 0x0f, 0x01, 0x03, 0x0b, 0x01, 0x01, 0x02,
    0x01, 0x01, 0x02, 0x02, 0x01, 0x01, 0x01, 0x05, 0x01, 0x0f, 0x03, 0x00, 0x01, 0x06, 0x02, 0x04, 0x01, 0x06, 0x01, 0x00,
    0x01, 0x09, 0x02, 0x04, 0x14, 0x00, 0x12, 0x00, 0x01, 0x0b, 0x01, 0x09, 0x01, 0x0f, 0x01, 0x05, 0x01, 0x01, 0x01, 0x02,
    0x06, 0x01, 0x01, 0x02, 0x02, 0x03, 0x01, 0x02, 0x05, 0x01, 0x01, 0x02, 0x01, 0x03, 0x03, 0x00, 0x01, 0x05, 0x01, 0x04,
    0x01, 0x05, 0x01, 0x09, 0x01, 0x00, 0x01, 0x09, 0x01, 0x05, 0x02, 0x04, 0x13, 0x00, 0x12, 0x00, 0x02, 0x0d, 0x01, 0x0e,
    0x01, 0x03, 0x07, 0x01, 0x04, 0x02, 0x01, 0x04, 0x01, 0x02, 0x05, 0x01, 0x01, 0x02, 0x01, 0x04, 0x02, 0x00, 0x02, 0x04,
    0x01, 0x09, 0x02, 0x00, 0x01, 0x09, 0x04, 0x04, 0x12, 0x00, 0x13, 0x00, 0x01, 0x0f, 0x01, 0x05, 0x02, 0x01, 0x01, 0x02,
    0x02, 0x03, 0x03, 0x01, 0x02, 0x02, 0x01, 0x03, 0x01, 0x05, 0x01, 0x0d, 0x01, 0x0a, 0x01, 0x04, 0x04, 0x01, 0x01, 0x02,
    0x01, 0x03, 0x01, 0x00, 0x01, 0x05, 0x01, 0x04, 0x01, 0x05, 0x01, 0x09, 0x02, 0x00, 0x01, 0x09, 0x01, 0x06, 0x02, 0x04,
    0x01, 0x06, 0x12, 0x00, 0x14, 0x00, 0x01, 0x03, 0x01, 0x01, 0x01, 0x02, 0x01, 0x03, 0x03, 0x02, 0x01, 0x01, 0x01, 0x02,
    0x01, 0x01, 0x01, 0x03, 0x02, 0x0b, 0x02, 0x0a, 0x01, 0x0d, 0x01, 0x04, 0x01, 0x01, 0x01, 0x02, 0x01, 0x01, 0x01, 0x02,
    0x01, 0x01, 0x01, 0x04, 0x01, 0x06, 0x01, 0x05, 0x01, 0x09, 0x03, 0x00, 0x02, 0x09, 0x02, 0x05, 0x13, 0x00, 0x13, 0x00,
    0x01, 0x03, 0x01, 0x02, 0x01, 0x01, 0x03, 0x03, 0x01, 0x04, 0x01, 0x02, 0x01, 0x01, 0x01, 0x02, 0x01, 0x01, 0x01, 0x03,
    0x01, 0x0e, 0x01, 0x0d, 0x01, 0x0e, 0x01, 0x0f, 0x01, 0x0e, 0x01, 0x0a, 0x01, 0x03, 0x01, 0x01, 0x01, 0x02, 0x01, 0x01,
    0x01, 0x04, 0x01, 0x0e, 0x02, 0x06, 0x01, 0x0d, 0x03, 0x00, 0x02, 0x06, 0x15, 0x00, 0x13, 0x00, 0x01, 0x04, 0x01, 0x02,
    0x01, 0x01, 0x01, 0x03, 0x01, 0x0d, 0x01, 0x0b, 0x01, 0x0e, 0x01, 0x03, 0x01, 0x01, 0x01, 0x02, 0x01, 0x01, 0x01, 0x03,
    0x01, 0x0a, 0x01, 0x06, 0x01, 0x0b, 0x01, 0x0f, 0x01, 0x05, 0x01, 0x0d, 0x01, 0x03, 0x01, 0x01, 0x01, 0x02, 0x01, 0x01,
    0x01, 0x02, 0x01, 0x05, 0x01, 0x0c, 0x02, 0x08, 0x04, 0x00, 0x02, 0x03, 0x14, 0x00, 0x14, 0x00, 0x01, 0x02, 0x01, 0x01,
    0x01, 0x04, 0x02, 0x0e, 0x01, 0x0f, 0x01, 0x04, 0x03, 0x01, 0x01, 0x02, 0x01, 0x03, 0x01, 0x04, 0x01, 0x0f, 0x01, 0x09,
    0x01, 0x05, 0x01, 0x0d, 0x01, 0x03, 0x01, 0x01, 0x01, 0x02, 0x01, 0x01, 0x01, 0x02, 0x01, 0x04, 0x01, 0x0c, 0x02, 0x07,
    0x01, 0x08, 0x02, 0x00, 0x01, 0x04, 0x01, 0x00, 0x01, 0x03, 0x14, 0x00, 0x14, 0x00, 0x01, 0x01, 0x01, 0x02, 0x01, 0x09,
    0x01, 0x0e, 0x01, 0x08, 0x01, 0x0f, 0x01, 0x05, 0x01, 0x01, 0x02, 0x03, 0x02, 0x01, 0x01, 0x03, 0x01, 0x06, 0x01, 0x0b,
    0x01, 0x0a, 0x01, 0x03, 0x01, 0x01, 0x01, 0x02, 0x02, 0x01, 0x01, 0x04, 0x01, 0x0d, 0x01, 0x0c, 0x04, 0x07, 0x01, 0x00,
    0x02, 0x04, 0x01, 0x05, 0x14, 0x00, 0x13, 0x00, 0x01, 0x02, 0x01, 0x01, 0x01, 0x02, 0x01, 0x0a, 0x01, 0x04, 0x01, 0x09,
    0x01, 0x0f, 0x01, 0x03, 0x01, 0x04, 0x01, 0x0f, 0x01, 0x04, 0x01, 0x01, 0x01, 0x02, 0x01, 0x01, 0x01, 0x02, 0x01, 0x03,
    0x01, 0x02, 0x01, 0x01, 0x01, 0x02, 0x02, 0x01, 0x01, 0x03, 0x01, 0x06, 0x01, 0x0c, 0x06, 0x07, 0x01, 0x00, 0x01, 0x05,
    0x15, 0x00, 0x13, 0x00, 0x01, 0x03, 0x01, 0x02, 0x01, 0x01, 0x03, 0x06, 0x01, 0x09, 0x02, 0x02, 0x01, 0x03, 0x03, 0x01,
    0x01, 0x03, 0x02, 0x01, 0x04, 0x02, 0x01, 0x03, 0x01, 0x06, 0x01, 0x08, 0x01, 0x0c, 0x06, 0x07, 0x01, 0x0c, 0x16, 0x00,
    0x13, 0x00, 0x01, 0x03, 0x02, 0x01, 0x01, 0x03, 0x02, 0x09, 0x01, 0x03, 0x03, 0x01, 0x02, 0x02, 0x02, 0x03, 0x01, 0x01,
    0x01, 0x02, 0x02, 0x01, 0x01, 0x02, 0x01, 0x04, 0x02, 0x06, 0x01, 0x0c, 0x01, 0x08, 0x07, 0x07, 0x01, 0x0c, 0x15, 0x00,
    0x13, 0x00, 0x02, 0x03, 0x01, 0x02, 0x01, 0x01, 0x02, 0x02, 0x01, 0x01, 0x01, 0x02, 0x04, 0x03, 0x01, 0x02, 0x03, 0x01,
    0x01, 0x03, 0x01, 0x04, 0x01, 0x0d, 0x01, 0x09, 0x01, 0x05, 0x01, 0x07, 0x01, 0x0c, 0x08, 0x07, 0x01, 0x08, 0x15, 0x00,
    0x15, 0x00, 0x01, 0x03, 0x01, 0x02, 0x04, 0x01, 0x02, 0x02, 0x04, 0x01, 0x01, 0x04, 0x01, 0x06, 0x01, 0x0a, 0x01, 0x0f,
    0x01, 0x09, 0x02, 0x06, 0x02, 0x0c, 0x01, 0x08, 0x08, 0x07, 0x01, 0x08, 0x14, 0x00, 0x15, 0x00, 0x02, 0x06, 0x05, 0x03,
    0x01, 0x02, 0x03, 0x04, 0x01, 0x06, 0x01, 0x0b, 0x01, 0x0d, 0x01, 0x0e, 0x01, 0x06, 0x01, 0x04, 0x01, 0x09, 0x01, 0x06,
    0x01, 0x0c, 0x01, 0x07, 0x01, 0x0c, 0x01, 0x07, 0x01, 0x08, 0x02, 0x0c, 0x04, 0x07, 0x01, 0x08, 0x14, 0x00, 0x15, 0x00,
    0x01, 0x05, 0x01, 0x0a, 0x03, 0x0d, 0x01, 0x0e, 0x02, 0x0d, 0x03, 0x0e, 0x01, 0x0d, 0x01, 0x0e, 0x01, 0x0d, 0x01, 0x04,
    0x01, 0x02, 0x01, 0x04, 0x01, 0x06, 0x01, 0x09, 0x02, 0x07, 0x02, 0x0c, 0x01, 0x05, 0x02, 0x04, 0x01, 0x05, 0x04, 0x07,
    0x14, 0x00, 0x15, 0x00, 0x01, 0x05, 0x01, 0x08, 0x01, 0x0b, 0x02, 0x0d, 0x02, 0x0f, 0x01, 0x09, 0x01, 0x0b, 0x02, 0x0e,
    0x01, 0x0f, 0x01, 0x09, 0x01, 0x03, 0x01, 0x01, 0x01, 0x03, 0x03, 0x05, 0x01, 0x07, 0x01, 0x08, 0x01, 0x0d, 0x01, 0x05,
    0x02, 0x04, 0x02, 0x03, 0x01, 0x04, 0x01, 0x06, 0x02, 0x07, 0x01, 0x0c, 0x13, 0x00, 0x14, 0x00, 0x01, 0x05, 0x01, 0x04,
    0x01, 0x05, 0x01, 0x06, 0x01, 0x0a, 0x03, 0x0d, 0x01, 0x04, 0x02, 0x03, 0x02, 0x04, 0x01, 0x03, 0x01, 0x01, 0x01, 0x02,
    0x01, 0x04, 0x02, 0x05, 0x01, 0x06, 0x01, 0x0b, 0x01, 0x0a, 0x04, 0x09, 0x01, 0x06, 0x01, 0x04, 0x01, 0x03, 0x01, 0x04,
    0x01, 0x06, 0x01, 0x08, 0x01, 0x0c, 0x13, 0x00, 0x14, 0x00, 0x01, 0x09, 0x01, 0x0b, 0x01, 0x0e, 0x01, 0x0d, 0x01, 0x09,
    0x02, 0x0b, 0x01, 0x0d, 0x01, 0x06, 0x01, 0x03, 0x01, 0x01, 0x01, 0x02, 0x01, 0x03, 0x01, 0x02, 0x01, 0x01, 0x01, 0x03,
    0x03, 0x05, 0x02, 0x09, 0x02, 0x06, 0x02, 0x09, 0x01, 0x06, 0x01, 0x09, 0x01, 0x0a, 0x03, 0x04, 0x02, 0x0c, 0x01, 0x06,
    0x12, 0x00, 0x13, 0x00, 0x03, 0x09, 0x01, 0x0d, 0x01, 0x0a, 0x01, 0x0d, 0x01, 0x0a, 0x01, 0x0b, 0x01, 0x0d, 0x01, 0x06,
    0x01, 0x05, 0x01, 0x03, 0x02, 0x02, 0x01, 0x01, 0x01, 0x03, 0x03, 0x05, 0x01, 0x06, 0x01, 0x0b, 0x01, 0x09, 0x03, 0x06,
    0x02, 0x09, 0x01, 0x06, 0x02, 0x09, 0x02, 0x04, 0x01, 0x0d, 0x01, 0x0a, 0x01, 0x05, 0x12, 0x00, 0x12, 0x00, 0x02, 0x09,
    0x02, 0x0a, 0x01, 0x0d, 0x01, 0x09, 0x02, 0x0e, 0x01, 0x0a, 0x01, 0x0f, 0x01, 0x0e, 0x01, 0x06, 0x01, 0x05, 0x03, 0x03,
    0x01, 0x04, 0x02, 0x06, 0x01, 0x05, 0x01, 0x09, 0x01, 0x0d, 0x02, 0x09, 0x02, 0x06, 0x04, 0x09, 0x01, 0x0b, 0x01, 0x05,
    0x01, 0x04, 0x02, 0x09, 0x01, 0x0a, 0x12, 0x00, 0x12, 0x00, 0x02, 0x09, 0x02, 0x0b, 0x01, 0x0e, 0x01, 0x0d, 0x02, 0x0f,
    0x01, 0x0b, 0x02, 0x0f, 0x01, 0x0d, 0x02, 0x06, 0x02, 0x04, 0x02, 0x06, 0x01, 0x05, 0x01, 0x04, 0x01, 0x06, 0x01, 0x0a,
    0x08, 0x09, 0x01, 0x0d, 0x01, 0x06, 0x01, 0x05, 0x01, 0x0b, 0x01, 0x0d, 0x01, 0x0e, 0x12, 0x00, 0x12, 0x00, 0x01, 0x0a,
    0x03, 0x09, 0x01, 0x0b, 0x02, 0x0f, 0x01, 0x0e, 0x01, 0x0d, 0x01, 0x0e, 0x01, 0x0d, 0x01, 0x0e, 0x02, 0x0d, 0x01, 0x09,
    0x01, 0x06, 0x01, 0x09, 0x02, 0x06, 0x02, 0x09, 0x01, 0x0d, 0x01, 0x0a, 0x04, 0x09, 0x02, 0x0a, 0x01, 0x0d, 0x01, 0x0e,
    0x01, 0x05, 0x01, 0x06, 0x01, 0x0f, 0x02, 0x0c, 0x12, 0x00, 0x12, 0x00, 0x01, 0x0a, 0x01, 0x09, 0x01, 0x0a, 0x01, 0x0b,
    0x01, 0x0d, 0x01, 0x0f, 0x01, 0x0e, 0x01, 0x0b, 0x01, 0x06, 0x02, 0x05, 0x01, 0x06, 0x01, 0x08, 0x01, 0x0d, 0x01, 0x0b,
    0x06, 0x09, 0x01, 0x0e, 0x01, 0x0b, 0x01, 0x0a, 0x02, 0x09, 0x01, 0x0a, 0x01, 0x0d, 0x02, 0x0e, 0x01, 0x09, 0x01, 0x06,
    0x01, 0x0d, 0x03, 0x0c, 0x12, 0x00, 0x13, 0x00, 0x02, 0x0a, 0x02, 0x0b, 0x01, 0x0f, 0x01, 0x0b, 0x03, 0x09, 0x01, 0x06,
    0x01, 0x05, 0x01, 0x04, 0x01, 0x07, 0x01, 0x0c, 0x01, 0x0b, 0x03, 0x09, 0x01, 0x0e, 0x01, 0x0d, 0x01, 0x09, 0x02, 0x0e,
    0x01, 0x0b, 0x01, 0x0d, 0x01, 0x0e, 0x01, 0x0f, 0x01, 0x0e, 0x02, 0x09, 0x01, 0x0b, 0x01, 0x08, 0x01, 0x07, 0x01, 0x08,
    0x01, 0x0c, 0x12, 0x00, 0x13, 0x00, 0x01, 0x0e, 0x01, 0x0b, 0x01, 0x0d, 0x01, 0x0e, 0x01, 0x0a, 0x01, 0x06, 0x03, 0x08,
    0x02, 0x09, 0x01, 0x05, 0x01, 0x04, 0x01, 0x07, 0x04, 0x0c, 0x01, 0x09, 0x01, 0x06, 0x02, 0x0a, 0x04, 0x0e, 0x01, 0x0f,
    0x01, 0x0e, 0x01, 0x0b, 0x01, 0x06, 0x01, 0x04, 0x01, 0x05, 0x02, 0x08, 0x01, 0x0c, 0x12, 0x00, 0x15, 0x00, 0x01, 0x0e,
    0x01, 0x0b, 0x04, 0x08, 0x01, 0x09, 0x02, 0x08, 0x01, 0x0a, 0x01, 0x06, 0x01, 0x05, 0x01, 0x08, 0x01, 0x0c, 0x02, 0x08,
    0x01, 0x05, 0x01, 0x09, 0x01, 0x0d, 0x01, 0x0a, 0x04, 0x09, 0x01, 0x0a, 0x02, 0x09, 0x02, 0x0a, 0x01, 0x05, 0x01, 0x08,
    0x02, 0x0c, 0x12, 0x00, 0x16, 0x00, 0x01, 0x0b, 0x02, 0x09, 0x01, 0x0a, 0x02, 0x09, 0x02, 0x0a, 0x01, 0x09, 0x01, 0x0d,
    0x02, 0x09, 0x01, 0x0c, 0x01, 0x0d, 0x01, 0x0c, 0x01, 0x0a, 0x01, 0x0e, 0x01, 0x0b, 0x02, 0x09, 0x02, 0x06, 0x05, 0x09,
    0x02, 0x0a, 0x01, 0x09, 0x01, 0x0c, 0x13, 0x00, 0x16, 0x00, 0x01, 0x0b, 0x01, 0x09, 0x01, 0x0a, 0x01, 0x09, 0x01, 0x0a,
    0x01, 0x0b, 0x01, 0x0a, 0x01, 0x0b, 0x01, 0x0d, 0x01, 0x0e, 0x01, 0x0f, 0x01, 0x0a, 0x01, 0x0b, 0x01, 0x0c, 0x03, 0x0d,
    0x01, 0x0b, 0x05, 0x09, 0x01, 0x0a, 0x01, 0x09, 0x01, 0x0a, 0x01, 0x09, 0x01, 0x0a, 0x01, 0x0e, 0x02, 0x0b, 0x13, 0x00,
    0x16, 0x00, 0x02, 0x0b, 0x01, 0x0d, 0x01, 0x0b, 0x02, 0x0d, 0x01, 0x0b, 0x01, 0x0a, 0x02, 0x0d, 0x02, 0x0e, 0x01, 0x0b,
    0x01, 0x0c, 0x01, 0x0d, 0x02, 0x00, 0x01, 0x0d, 0x01, 0x0a, 0x01, 0x0b, 0x01, 0x0a, 0x01, 0x09, 0x01, 0x0a, 0x02, 0x0b,
    0x01, 0x0a, 0x01, 0x09, 0x01, 0x0a, 0x01, 0x0b, 0x01, 0x0e, 0x14, 0x00, 0x17, 0x00, 0x01, 0x0e, 0x03, 0x0d, 0x05, 0x0b,
    0x01, 0x0d, 0x02, 0x0e, 0x04, 0x00, 0x01, 0x0e, 0x03, 0x0d, 0x01, 0x0b, 0x01, 0x0d, 0x01, 0x0e, 0x01, 0x0d, 0x01, 0x09,
    0x01, 0x0a, 0x02, 0x0b, 0x01, 0x0d, 0x14, 0x00, 0x18, 0x00, 0x02, 0x0d, 0x03, 0x0e, 0x04, 0x0d, 0x02, 0x0e, 0x05, 0x00,
    0x01, 0x0f, 0x05, 0x0d, 0x02, 0x0b, 0x01, 0x0d, 0x03, 0x0e, 0x14, 0x00, 0x19, 0x00, 0x01, 0x0b, 0x01, 0x0a, 0x02, 0x0b,
    0x01, 0x0a, 0x01, 0x0b, 0x03, 0x0d, 0x01, 0x0b, 0x01, 0x0d, 0x06, 0x00, 0x06, 0x0e, 0x01, 0x0d, 0x01, 0x0a, 0x01, 0x0b,
    0x01, 0x0d, 0x14, 0x00, 0x18, 0x00, 0x01, 0x0a, 0x02, 0x09, 0x01, 0x0b, 0x02, 0x0a, 0x01, 0x0b, 0x03, 0x0d, 0x01, 0x0e,
    0x07, 0x00, 0x02, 0x0b, 0x01, 0x0a, 0x01, 0x0b, 0x01, 0x09, 0x01, 0x0a, 0x01, 0x0b, 0x01, 0x09, 0x01, 0x0a, 0x01, 0x0d,
    0x14, 0x00, 0x18, 0x00, 0x03, 0x09, 0x01, 0x0b, 0x01, 0x06, 0x01, 0x0d, 0x04, 0x0e, 0x07, 0x00, 0x01, 0x0b, 0x01, 0x09,
    0x02, 0x0a, 0x01, 0x0d, 0x01, 0x09, 0x01, 0x0b, 0x01, 0x09, 0x01, 0x0a, 0x01, 0x0d, 0x01, 0x0e, 0x14, 0x00, 0x2a, 0x00,
    0x01, 0x09, 0x01, 0x0b, 0x01, 0x09, 0x01, 0x0d, 0x01, 0x09, 0x01, 0x0f, 0x01, 0x0d, 0x02, 0x0e, 0x15, 0x00, 0x48, 0x00,
    0x48, 0x00, 0x48, 0x00
};
const uint8_t kJumping1[] PROGMEM = {
    0x48, 0x00, 0x48, 0x00, 0x48, 0x00, 0x48, 0x00, 0x48, 0x00, 0x48, 0x00, 0x48, 0x00, 0x48, 0x00, 0x48, 0x00, 0x48, 0x00,
    0x48, 0x00, 0x1c, 0x00, 0x01, 0x01, 0x01, 0x02, 0x01, 0x03, 0x29, 0x00, 0x1b, 0x00, 0x01, 0x03, 0x01, 0x01, 0x01, 0x03,
    0x2a, 0x00, 0x1a, 0x00, 0x01, 0x02, 0x02, 0x01, 0x01, 0x02, 0x01, 0x01, 0x01, 0x03, 0x01, 0x02, 0x01, 0x01, 0x05, 0x00,
    0x01, 0x0a, 0x01, 0x0b, 0x01, 0x0a, 0x01, 0x0b, 0x1d, 0x00, 0x1a, 0x00, 0x01, 0x02, 0x01, 0x01, 0x01, 0x02, 0x05, 0x01,
    0x01, 0x02, 0x02, 0x03, 0x01, 0x00, 0x01, 0x0d, 0x01, 0x0a, 0x01, 0x0b, 0x03, 0x0a, 0x07, 0x00, 0x01, 0x05, 0x01, 0x04,
    0x13, 0x00, 0x17, 0x00, 0x02, 0x0a, 0x01, 0x0b, 0x01, 0x03, 0x01, 0x02, 0x02, 0x01, 0x02, 0x02, 0x01, 0x01, 0x03, 0x02,
    0x01, 0x01, 0x01, 0x04, 0x02, 0x0d, 0x01, 0x0f, 0x01, 0x0e, 0x01, 0x0b, 0x01, 0x0a, 0x01, 0x0b, 0x06, 0x00, 0x02, 0x04,
    0x02, 0x05, 0x11, 0x00, 0x16, 0x00, 0x01, 0x0b, 0x01, 0x0a, 0x01, 0x09, 0x01, 0x0b, 0x01, 0x04, 0x02, 0x03, 0x03, 0x02,
    0x01, 0x01, 0x01, 0x02, 0x03, 0x01, 0x01, 0x02, 0x01, 0x03, 0x01, 0x05, 0x02, 0x0f, 0x01, 0x0d, 0x01, 0x0a, 0x01, 0x0b,
    0x06, 0x00, 0x02, 0x04, 0x01, 0x06, 0x01, 0x0a, 0x11, 0x00, 0x15, 0x00, 0x02, 0x0a, 0x02, 0x0b, 0x01, 0x0d, 0x01, 0x04,
    0x01, 0x02, 0x01, 0x03, 0x02, 0x02, 0x01, 0x01, 0x01, 0x02, 0x02, 0x01, 0x03, 0x02, 0x01, 0x01, 0x01, 0x02, 0x01, 0x04,
    0x01, 0x0e, 0x01, 0x0d, 0x01, 0x0a, 0x01, 0x0e, 0x05, 0x00, 0x01, 0x05, 0x02, 0x04, 0x01, 0x09, 0x12, 0x00, 0x15, 0x00,
    0x02, 0x0b, 0x02, 0x0f, 0x01, 0x04, 0x04, 0x01, 0x01, 0x02, 0x03, 0x01, 0x01, 0x02, 0x03, 0x01, 0x01, 0x02, 0x02, 0x01,
    0x01, 0x04, 0x03, 0x0e, 0x05, 0x00, 0x01, 0x05, 0x01, 0x04, 0x01, 0x06, 0x01, 0x09, 0x12, 0x00, 0x15, 0x00, 0x01, 0x0a,
    0x01, 0x0b, 0x01, 0x0f, 0x01, 0x0a, 0x01, 0x02, 0x05, 0x01, 0x01, 0x02, 0x01, 0x01, 0x01, 0x02, 0x02, 0x03, 0x01, 0x02,
    0x01, 0x01, 0x03, 0x02, 0x01, 0x01, 0x01, 0x04, 0x01, 0x0d, 0x05, 0x00, 0x01, 0x05, 0x01, 0x04, 0x01, 0x05, 0x01, 0x09,
    0x13, 0x00, 0x15, 0x00, 0x02, 0x0b, 0x01, 0x0f, 0x01, 0x03, 0x01, 0x01, 0x01, 0x02, 0x02, 0x01, 0x02, 0x02, 0x01, 0x01,
    0x01, 0x02, 0x01, 0x03, 0x02, 0x02, 0x02, 0x03, 0x03, 0x01, 0x01, 0x02, 0x01, 0x01, 0x01, 0x02, 0x01, 0x03, 0x04, 0x00,
    0x01, 0x05, 0x01, 0x04, 0x01, 0x06, 0x01, 0x0e, 0x13, 0x00, 0x15, 0x00, 0x01, 0x0d, 0x01, 0x0f, 0x01, 0x06, 0x01, 0x01,
    0x01, 0x02, 0x01, 0x01, 0x02, 0x03, 0x01, 0x02, 0x03, 0x01, 0x02, 0x02, 0x01, 0x03, 0x02, 0x0a, 0x01, 0x04, 0x05, 0x01,
    0x01, 0x03, 0x03, 0x00, 0x01, 0x09, 0x02, 0x05, 0x01, 0x06, 0x01, 0x05, 0x13, 0x00, 0x16, 0x00, 0x01, 0x0f, 0x01, 0x03,
    0x01, 0x01, 0x01, 0x02, 0x01, 0x03, 0x02, 0x02, 0x01, 0x03, 0x01, 0x01, 0x01, 0x02, 0x01, 0x01, 0x01, 0x02, 0x01, 0x09,
    0x01, 0x0e, 0x01, 0x0d, 0x01, 0x0b, 0x01, 0x0e, 0x01, 0x05, 0x04, 0x01, 0x01, 0x03, 0x01, 0x01, 0x02, 0x00, 0x01, 0x05,
    0x01, 0x04, 0x01, 0x09, 0x01, 0x0d, 0x01, 0x09, 0x13, 0x00, 0x16, 0x00, 0x01, 0x03, 0x01, 0x02, 0x01, 0x01, 0x01, 0x02,
    0x02, 0x03, 0x01, 0x04, 0x01, 0x03, 0x01, 0x01, 0x01, 0x02, 0x01, 0x01, 0x01, 0x02, 0x01, 0x0a, 0x01, 0x0f, 0x01, 0x0d,
    0x01, 0x0f, 0x02, 0x0e, 0x01, 0x04, 0x01, 0x01, 0x03, 0x02, 0x01, 0x03, 0x01, 0x00, 0x01, 0x05, 0x01, 0x04, 0x01, 0x05,
    0x02, 0x09, 0x01, 0x05, 0x01, 0x04, 0x12, 0x00, 0x16, 0x00, 0x01, 0x03, 0x02, 0x01, 0x01, 0x03, 0x01, 0x0e, 0x01, 0x0d,
    0x01, 0x0f, 0x01, 0x04, 0x01, 0x01, 0x02, 0x02, 0x01, 0x01, 0x01, 0x06, 0x01, 0x09, 0x01, 0x06, 0x01, 0x0f, 0x01, 0x09,
    0x01, 0x08, 0x01, 0x06, 0x01, 0x01, 0x01, 0x02, 0x01, 0x01, 0x01, 0x02, 0x01, 0x03, 0x01, 0x00, 0x01, 0x05, 0x01, 0x04,
    0x01, 0x06, 0x01, 0x00, 0x01, 0x09, 0x01, 0x06, 0x02, 0x04, 0x11, 0x00, 0x16, 0x00, 0x01, 0x03, 0x02, 0x01, 0x01, 0x06,
    0x02, 0x0e, 0x01, 0x0f, 0x01, 0x06, 0x04, 0x01, 0x02, 0x03, 0x01, 0x09, 0x01, 0x0e, 0x01, 0x05, 0x01, 0x0a, 0x01, 0x05,
    0x01, 0x01, 0x02, 0x02, 0x01, 0x01, 0x01, 0x02, 0x03, 0x05, 0x01, 0x09, 0x01, 0x00, 0x01, 0x09, 0x01, 0x05, 0x02, 0x04,
    0x11, 0x00, 0x16, 0x00, 0x01, 0x03, 0x01, 0x01, 0x01, 0x03, 0x01, 0x0b, 0x01, 0x0e, 0x01, 0x08, 0x01, 0x0f, 0x01, 0x06,
    0x01, 0x02, 0x01, 0x04, 0x01, 0x06, 0x01, 0x02, 0x01, 0x01, 0x01, 0x02, 0x01, 0x04, 0x01, 0x09, 0x01, 0x0b, 0x01, 0x06,
    0x01, 0x03, 0x01, 0x01, 0x01, 0x02, 0x01, 0x01, 0x01, 0x02, 0x01, 0x04, 0x01, 0x05, 0x01, 0x04, 0x01, 0x06, 0x01, 0x09,
    0x02, 0x00, 0x01, 0x05, 0x03, 0x04, 0x10, 0x00, 0x16, 0x00, 0x02, 0x01, 0x01, 0x03, 0x01, 0x0b, 0x01, 0x03, 0x01, 0x09,
    0x01, 0x0f, 0x01, 0x04, 0x01, 0x03, 0x01, 0x0d, 0x01, 0x04, 0x04, 0x01, 0x01, 0x03, 0x01, 0x02, 0x02, 0x01, 0x01, 0x02,
    0x01, 0x01, 0x01, 0x02, 0x01, 0x04, 0x01, 0x0a, 0x02, 0x05, 0x01, 0x09, 0x03, 0x00, 0x01, 0x09, 0x02, 0x04, 0x01, 0x06,
    0x10, 0x00, 0x15, 0x00, 0x02, 0x03, 0x01, 0x01, 0x01, 0x03, 0x01, 0x0d, 0x01, 0x04, 0x02, 0x06, 0x01, 0x02, 0x05, 0x01,
    0x02, 0x03, 0x01, 0x01, 0x04, 0x02, 0x01, 0x01, 0x01, 0x04, 0x01, 0x0d, 0x01, 0x0a, 0x01, 0x06, 0x01, 0x09, 0x04, 0x00,
    0x02, 0x09, 0x01, 0x05, 0x01, 0x09, 0x10, 0x00, 0x16, 0x00, 0x01, 0x03, 0x02, 0x01, 0x01, 0x04, 0x01, 0x0a, 0x01, 0x06,
    0x01, 0x03, 0x03, 0x01, 0x04, 0x03, 0x02, 0x02, 0x03, 0x01, 0x01, 0x03, 0x01, 0x04, 0x01, 0x06, 0x01, 0x0c, 0x01, 0x0e,
    0x02, 0x09, 0x04, 0x00, 0x01, 0x09, 0x01, 0x06, 0x12, 0x00, 0x16, 0x00, 0x01, 0x03, 0x01, 0x02, 0x02, 0x01, 0x01, 0x02,
    0x02, 0x01, 0x01, 0x02, 0x03, 0x03, 0x02, 0x02, 0x02, 0x01, 0x02, 0x02, 0x01, 0x03, 0x01, 0x04, 0x02, 0x06, 0x01, 0x08,
    0x02, 0x0c, 0x01, 0x08, 0x02, 0x07, 0x04, 0x00, 0x01, 0x04, 0x01, 0x03, 0x11, 0x00, 0x17, 0x00, 0x01, 0x04, 0x04, 0x02,
    0x02, 0x01, 0x01, 0x02, 0x05, 0x01, 0x01, 0x03, 0x02, 0x06, 0x01, 0x0d, 0x02, 0x06, 0x01, 0x07, 0x01, 0x0c, 0x07, 0x07,
    0x03, 0x00, 0x02, 0x04, 0x10, 0x00, 0x16, 0x00, 0x01, 0x04, 0x01, 0x08, 0x01, 0x09, 0x01, 0x03, 0x03, 0x02, 0x03, 0x03,
    0x03, 0x04, 0x01, 0x06, 0x01, 0x0b, 0x02, 0x0d, 0x01, 0x09, 0x01, 0x05, 0x01, 0x07, 0x01, 0x0c, 0x01, 0x08, 0x08, 0x07,
    0x01, 0x00, 0x01, 0x05, 0x01, 0x04, 0x01, 0x05, 0x10, 0x00, 0x16, 0x00, 0x01, 0x04, 0x01, 0x05, 0x01, 0x0c, 0x01, 0x0d,
    0x01, 0x0b, 0x02, 0x0a, 0x01, 0x0b, 0x01, 0x09, 0x01, 0x0b, 0x02, 0x0d, 0x01, 0x0b, 0x01, 0x0a, 0x01, 0x0d, 0x01, 0x0a,
    0x02, 0x05, 0x01, 0x06, 0x02, 0x08, 0x05, 0x07, 0x02, 0x08, 0x03, 0x07, 0x13, 0x00, 0x17, 0x00, 0x01, 0x06, 0x01, 0x05,
    0x01, 0x0c, 0x02, 0x0f, 0x01, 0x0a, 0x01, 0x0b, 0x01, 0x0e, 0x01, 0x0d, 0x02, 0x0a, 0x01, 0x0d, 0x01, 0x0e, 0x01, 0x09,
    0x01, 0x03, 0x01, 0x04, 0x01, 0x09, 0x01, 0x06, 0x01, 0x0c, 0x04, 0x07, 0x02, 0x08, 0x03, 0x06, 0x02, 0x07, 0x01, 0x0c,
    0x12, 0x00, 0x16, 0x00, 0x01, 0x07, 0x01, 0x08, 0x01, 0x0b, 0x01, 0x08, 0x01, 0x0e, 0x01, 0x0d, 0x02, 0x04, 0x01, 0x06,
    0x01, 0x0d, 0x02, 0x0e, 0x01, 0x09, 0x01, 0x04, 0x01, 0x02, 0x01, 0x03, 0x01, 0x05, 0x02, 0x06, 0x01, 0x08, 0x01, 0x07,
    0x01, 0x0c, 0x02, 0x08, 0x01, 0x06, 0x05, 0x04, 0x01, 0x05, 0x01, 0x08, 0x12, 0x00, 0x15, 0x00, 0x01, 0x08, 0x01, 0x07,
    0x01, 0x08, 0x01, 0x0e, 0x01, 0x0a, 0x01, 0x0d, 0x01, 0x0a, 0x01, 0x03, 0x01, 0x01, 0x02, 0x03, 0x01, 0x05, 0x01, 0x04,
    0x01, 0x02, 0x02, 0x01, 0x01, 0x04, 0x02, 0x05, 0x03, 0x07, 0x02, 0x0c, 0x01, 0x0a, 0x01, 0x06, 0x02, 0x0a, 0x01, 0x09,
    0x01, 0x06, 0x02, 0x04, 0x01, 0x05, 0x01, 0x0c, 0x11, 0x00, 0x13, 0x00, 0x03, 0x04, 0x01, 0x06, 0x02, 0x0c, 0x01, 0x08,
    0x01, 0x0a, 0x01, 0x06, 0x01, 0x03, 0x01, 0x01, 0x03, 0x02, 0x01, 0x01, 0x01, 0x02, 0x01, 0x01, 0x01, 0x03, 0x03, 0x05,
    0x02, 0x07, 0x01, 0x08, 0x01, 0x0b, 0x01, 0x0a, 0x01, 0x09, 0x02, 0x0b, 0x03, 0x0a, 0x01, 0x06, 0x02, 0x04, 0x01, 0x06,
    0x11, 0x00, 0x12, 0x00, 0x03, 0x06, 0x02, 0x04, 0x01, 0x06, 0x01, 0x0e, 0x01, 0x08, 0x01, 0x0b, 0x01, 0x05, 0x01, 0x04,
    0x05, 0x02, 0x01, 0x01, 0x01, 0x03, 0x01, 0x05, 0x01, 0x04, 0x02, 0x05, 0x02, 0x07, 0x02, 0x0b, 0x01, 0x0a, 0x01, 0x09,
    0x03, 0x0a, 0x02, 0x09, 0x01, 0x0b, 0x01, 0x05, 0x01, 0x04, 0x01, 0x05, 0x11, 0x00, 0x11, 0x00, 0x02, 0x09, 0x01, 0x0b,
    0x01, 0x0d, 0x01, 0x0e, 0x01, 0x06, 0x01, 0x04, 0x01, 0x0a, 0x01, 0x08, 0x01, 0x09, 0x01, 0x05, 0x01, 0x04, 0x01, 0x03,
    0x03, 0x02, 0x01, 0x01, 0x01, 0x03, 0x01, 0x05, 0x01, 0x04, 0x03, 0x05, 0x01, 0x06, 0x01, 0x0c, 0x01, 0x0d, 0x01, 0x0b,
    0x01, 0x09, 0x01, 0x0a, 0x01, 0x09, 0x02, 0x0a, 0x02, 0x09, 0x01, 0x0a, 0x01, 0x09, 0x01, 0x04, 0x01, 0x05, 0x11, 0x00,
    0x10, 0x00, 0x04, 0x09, 0x01, 0x0b, 0x01, 0x0a, 0x01, 0x0d, 0x01, 0x05, 0x01, 0x06, 0x01, 0x08, 0x01, 0x09, 0x01, 0x04,
    0x01, 0x05, 0x01, 0x03, 0x02, 0x02, 0x01, 0x01, 0x01, 0x02, 0x01, 0x04, 0x04, 0x05, 0x01, 0x06, 0x01, 0x05, 0x01, 0x08,
    0x01, 0x0e, 0x01, 0x09, 0x02, 0x0a, 0x02, 0x09, 0x03, 0x0a, 0x01, 0x0d, 0x01, 0x0b, 0x02, 0x05, 0x11, 0x00, 0x10, 0x00,
    0x02, 0x0a, 0x02, 0x0b, 0x01, 0x0e, 0x01, 0x0a, 0x01, 0x0d, 0x01, 0x0b, 0x01, 0x06, 0x01, 0x08, 0x01, 0x0d, 0x03, 0x05,
    0x03, 0x03, 0x01, 0x04, 0x02, 0x05, 0x01, 0x06, 0x02, 0x05, 0x01, 0x06, 0x01, 0x09, 0x01, 0x07, 0x01, 0x0d, 0x01, 0x0a,
    0x01, 0x0d, 0x03, 0x09, 0x01, 0x0a, 0x01, 0x0b, 0x01, 0x0d, 0x01, 0x0e, 0x01, 0x0b, 0x01, 0x04, 0x01, 0x06, 0x11, 0x00,
    0x0f, 0x00, 0x01, 0x0a, 0x03, 0x09, 0x01, 0x0b, 0x01, 0x0e, 0x01, 0x0b, 0x01, 0x0f, 0x01, 0x0e, 0x02, 0x08, 0x01, 0x0f,
    0x01, 0x09, 0x02, 0x05, 0x01, 0x04, 0x01, 0x03, 0x01, 0x04, 0x07, 0x05, 0x01, 0x09, 0x01, 0x06, 0x01, 0x08, 0x01, 0x0e,
    0x01, 0x0a, 0x01, 0x09, 0x02, 0x0a, 0x01, 0x0b, 0x03, 0x0e, 0x01, 0x06, 0x01, 0x05, 0x12, 0x00, 0x0f, 0x00, 0x01, 0x0d,
    0x01, 0x0a, 0x02, 0x09, 0x01, 0x0a, 0x01, 0x0e, 0x02, 0x0f, 0x01, 0x0e, 0x01, 0x08, 0x01, 0x0b, 0x01, 0x0f, 0x01, 0x06,
    0x01, 0x04, 0x01, 0x05, 0x01, 0x06, 0x01, 0x05, 0x01, 0x04, 0x02, 0x05, 0x03, 0x04, 0x01, 0x05, 0x01, 0x06, 0x01, 0x09,
    0x01, 0x0d, 0x01, 0x09, 0x01, 0x0d, 0x01, 0x0b, 0x01, 0x0d, 0x01, 0x0a, 0x01, 0x0b, 0x02, 0x0f, 0x01, 0x0d, 0x01, 0x06,
    0x02, 0x05, 0x12, 0x00, 0x10, 0x00, 0x02, 0x0a, 0x01, 0x0b, 0x01, 0x0d, 0x03, 0x0f, 0x01, 0x0d, 0x01, 0x07, 0x01, 0x0e,
    0x01, 0x0f, 0x01, 0x0b, 0x01, 0x06, 0x01, 0x08, 0x01, 0x06, 0x01, 0x04, 0x01, 0x05, 0x01, 0x06, 0x01, 0x05, 0x03, 0x06,
    0x03, 0x09, 0x01, 0x0e, 0x01, 0x0f, 0x01, 0x0b, 0x01, 0x0f, 0x02, 0x0e, 0x02, 0x0f, 0x01, 0x0d, 0x01, 0x06, 0x01, 0x05,
    0x14, 0x00, 0x10, 0x00, 0x01, 0x0b, 0x01, 0x0a, 0x02, 0x0b, 0x02, 0x0f, 0x01, 0x0a, 0x01, 0x08, 0x01, 0x0a, 0x01, 0x0d,
    0x01, 0x0b, 0x01, 0x0e, 0x02, 0x09, 0x01, 0x06, 0x02, 0x09, 0x01, 0x06, 0x05, 0x09, 0x01, 0x0d, 0x01, 0x09, 0x01, 0x0d,
    0x01, 0x0f, 0x01, 0x0e, 0x01, 0x0a, 0x03, 0x0c, 0x01, 0x0a, 0x01, 0x09, 0x01, 0x0a, 0x15, 0x00, 0x11, 0x00, 0x02, 0x0e,
    0x01, 0x0d, 0x02, 0x0e, 0x03, 0x06, 0x01, 0x09, 0x01, 0x0a, 0x01, 0x0e, 0x01, 0x09, 0x05, 0x05, 0x03, 0x09, 0x01, 0x06,
    0x01, 0x09, 0x01, 0x0a, 0x02, 0x07, 0x01, 0x08, 0x01, 0x0c, 0x03, 0x06, 0x02, 0x09, 0x01, 0x06, 0x16, 0x00, 0x17, 0x00,
    0x01, 0x06, 0x01, 0x05, 0x01, 0x00, 0x01, 0x0d, 0x01, 0x0c, 0x01, 0x0b, 0x01, 0x0a, 0x03, 0x06, 0x01, 0x09, 0x01, 0x0d,
    0x01, 0x09, 0x01, 0x06, 0x01, 0x0b, 0x01, 0x08, 0x04, 0x07, 0x01, 0x08, 0x01, 0x0c, 0x01, 0x0a, 0x01, 0x0b, 0x01, 0x0d,
    0x01, 0x0e, 0x17, 0x00, 0x1a, 0x00, 0x01, 0x08, 0x02, 0x07, 0x01, 0x08, 0x04, 0x0c, 0x01, 0x09, 0x01, 0x0a, 0x01, 0x08,
    0x04, 0x05, 0x01, 0x06, 0x03, 0x07, 0x01, 0x0c, 0x03, 0x0d, 0x17, 0x00, 0x19, 0x00, 0x07, 0x07, 0x02, 0x08, 0x01, 0x0d,
    0x01, 0x0a, 0x02, 0x05, 0x01, 0x06, 0x02, 0x05, 0x01, 0x04, 0x01, 0x05, 0x01, 0x06, 0x01, 0x07, 0x01, 0x08, 0x03, 0x0c,
    0x17, 0x00, 0x18, 0x00, 0x01, 0x08, 0x05, 0x07, 0x04, 0x08, 0x01, 0x0b, 0x01, 0x09, 0x05, 0x0a, 0x01, 0x09, 0x01, 0x06,
    0x01, 0x04, 0x01, 0x06, 0x01, 0x08, 0x03, 0x0c, 0x17, 0x00, 0x18, 0x00, 0x01, 0x05, 0x01, 0x04, 0x01, 0x05, 0x01, 0x06,
    0x02, 0x07, 0x01, 0x08, 0x01, 0x0b, 0x02, 0x0c, 0x01, 0x0d, 0x01, 0x0a, 0x01, 0x08, 0x02, 0x09, 0x01, 0x0a, 0x02, 0x09,
    0x02, 0x0a, 0x01, 0x06, 0x01, 0x08, 0x02, 0x0c, 0x18, 0x00, 0x17, 0x00, 0x02, 0x09, 0x01, 0x06, 0x01, 0x05, 0x02, 0x04,
    0x01, 0x05, 0x01, 0x07, 0x01, 0x08, 0x01, 0x0c, 0x01, 0x0f, 0x01, 0x0e, 0x03, 0x09, 0x06, 0x0a, 0x01, 0x0b, 0x01, 0x09,
    0x02, 0x0c, 0x18, 0x00, 0x17, 0x00, 0x04, 0x0a, 0x01, 0x09, 0x01, 0x06, 0x02, 0x04, 0x01, 0x06, 0x01, 0x0c, 0x01, 0x0d,
    0x01, 0x0e, 0x02, 0x0a, 0x01, 0x09, 0x03, 0x0a, 0x02, 0x0b, 0x01, 0x0a, 0x01, 0x0e, 0x01, 0x0a, 0x01, 0x0b, 0x19, 0x00,
    0x17, 0x00, 0x01, 0x0a, 0x02, 0x09, 0x02, 0x0a, 0x02, 0x0b, 0x01, 0x09, 0x01, 0x06, 0x01, 0x09, 0x02, 0x0d, 0x02, 0x0b,
    0x03, 0x0a, 0x01, 0x0b, 0x01, 0x0d, 0x01, 0x0b, 0x01, 0x0d, 0x01, 0x0f, 0x01, 0x0d, 0x1a, 0x00, 0x17, 0x00, 0x01, 0x0a,
    0x01, 0x09, 0x05, 0x0a, 0x01, 0x0d, 0x01, 0x0e, 0x01, 0x0b, 0x01, 0x09, 0x01, 0x0d, 0x01, 0x0f, 0x06, 0x0d, 0x01, 0x0b,
    0x02, 0x0d, 0x01, 0x0f, 0x1a, 0x00, 0x17, 0x00, 0x01, 0x0b, 0x04, 0x0a, 0x02, 0x0b, 0x01, 0x0d, 0x01, 0x0e, 0x01, 0x0f,
    0x01, 0x0e, 0x01, 0x00, 0x03, 0x0d, 0x02, 0x0e, 0x03, 0x0d, 0x03, 0x0e, 0x1a, 0x00, 0x18, 0x00, 0x01, 0x0d, 0x02, 0x0b,
    0x02, 0x0d, 0x01, 0x0b, 0x01, 0x0d, 0x01, 0x0e, 0x01, 0x0d, 0x01, 0x0e, 0x02, 0x00, 0x01, 0x0e, 0x01, 0x0d, 0x02, 0x0e,
    0x02, 0x0d, 0x02, 0x0e, 0x01, 0x0d, 0x01, 0x0e, 0x1a, 0x00, 0x18, 0x00, 0x01, 0x0d, 0x01, 0x0b, 0x01, 0x0d, 0x01, 0x0e,
    0x02, 0x0b, 0x03, 0x0d, 0x02, 0x0e, 0x02, 0x00, 0x01, 0x0f, 0x07, 0x0e, 0x1b, 0x00, 0x19, 0x00, 0x01, 0x0d, 0x01, 0x0b,
    0x05, 0x0d, 0x01, 0x0e, 0x02, 0x0d, 0x02, 0x00, 0x01, 0x0b, 0x01, 0x0d, 0x02, 0x0e, 0x02, 0x0d, 0x01, 0x0b, 0x01, 0x0e,
    0x1b, 0x00, 0x1a, 0x00, 0x08, 0x0d, 0x01, 0x0e, 0x02, 0x00, 0x02, 0x0a, 0x03, 0x0b, 0x02, 0x0a, 0x01, 0x0e, 0x1b, 0x00,
    0x1b, 0x00, 0x01, 0x0e, 0x03, 0x0d, 0x02, 0x0b, 0x02, 0x0d, 0x02, 0x00, 0x01, 0x0d, 0x03, 0x0a, 0x02, 0x0b, 0x01, 0x0d,
    0x1c, 0x00, 0x1c, 0x00, 0x02, 0x0d, 0x01, 0x0b, 0x02, 0x0a, 0x01, 0x0e, 0x04, 0x00, 0x01, 0x0f, 0x03, 0x0d, 0x01, 0x0b,
    0x1d, 0x00, 0x1c, 0x00, 0x01, 0x0b, 0x01, 0x0a, 0x01, 0x0b, 0x02, 0x0a, 0x01, 0x0e, 0x26, 0x00, 0x1c, 0x00, 0x01, 0x0b,
    0x01, 0x09, 0x01, 0x0b, 0x01, 0x0a, 0x01, 0x0d, 0x27, 0x00, 0x1c, 0x00, 0x01, 0x0f, 0x02, 0x0e, 0x01, 0x09, 0x28, 0x00,
    0x48, 0x00, 0x48, 0x00, 0x48, 0x00, 0x48, 0x00, 0x48, 0x00, 0x48, 0x00
};
const uint8_t kJumping2[] PROGMEM = {
    0x48, 0x00, 0x48, 0x00, 0x1f, 0x00, 0x01, 0x02, 0x01, 0x03, 0x27, 0x00, 0x1d, 0x00, 0x01, 0x03, 0x01, 0x01, 0x01, 0x02,
    0x28, 0x00, 0x1d, 0x00, 0x01, 0x02, 0x01, 0x01, 0x01, 0x03, 0x01, 0x00, 0x01, 0x03, 0x01, 0x02, 0x07, 0x00, 0x01, 0x09,
    0x02, 0x0a, 0x1b, 0x00, 0x1c, 0x00, 0x02, 0x01, 0x01, 0x02, 0x01, 0x01, 0x02, 0x02, 0x03, 0x01, 0x01, 0x03, 0x03, 0x00,
    0x01, 0x0a, 0x02, 0x09, 0x02, 0x0a, 0x07, 0x00, 0x01, 0x04, 0x12, 0x00, 0x19, 0x00, 0x02, 0x09, 0x01, 0x00, 0x07, 0x01,
    0x01, 0x02, 0x03, 0x03, 0x01, 0x04, 0x01, 0x0f, 0x02, 0x0a, 0x01, 0x0b, 0x03, 0x0a, 0x05, 0x00, 0x02, 0x04, 0x01, 0x05,
    0x01, 0x06, 0x10, 0x00, 0x18, 0x00, 0x01, 0x0a, 0x02, 0x09, 0x01, 0x0d, 0x01, 0x04, 0x02, 0x03, 0x03, 0x02, 0x01, 0x01,
    0x02, 0x02, 0x02, 0x01, 0x01, 0x03, 0x01, 0x04, 0x01, 0x0a, 0x02, 0x0f, 0x01, 0x0e, 0x02, 0x0a, 0x01, 0x0b, 0x04, 0x00,
    0x01, 0x05, 0x01, 0x04, 0x01, 0x06, 0x01, 0x09, 0x10, 0x00, 0x17, 0x00, 0x02, 0x0a, 0x02, 0x0b, 0x01, 0x0e, 0x01, 0x04,
    0x02, 0x03, 0x01, 0x02, 0x09, 0x01, 0x01, 0x03, 0x01, 0x09, 0x01, 0x0f, 0x01, 0x0e, 0x02, 0x0a, 0x01, 0x0b, 0x03, 0x00,
    0x01, 0x05, 0x02, 0x04, 0x01, 0x06, 0x11, 0x00, 0x16, 0x00, 0x01, 0x0b, 0x01, 0x0a, 0x01, 0x0d, 0x01, 0x0f, 0x01, 0x0e,
    0x01, 0x04, 0x01, 0x02, 0x03, 0x01, 0x01, 0x02, 0x06, 0x01, 0x01, 0x02, 0x02, 0x01, 0x01, 0x02, 0x01, 0x06, 0x01, 0x0f,
    0x01, 0x09, 0x01, 0x0d, 0x01, 0x0f, 0x03, 0x00, 0x01, 0x05, 0x01, 0x04, 0x01, 0x05, 0x01, 0x0a, 0x11, 0x00, 0x16, 0x00,
    0x01, 0x0a, 0x01, 0x09, 0x01, 0x0b, 0x01, 0x0f, 0x01, 0x06, 0x01, 0x02, 0x07, 0x01, 0x02, 0x02, 0x02, 0x01, 0x01, 0x02,
    0x03, 0x01, 0x01, 0x02, 0x01, 0x09, 0x01, 0x0f, 0x01, 0x0e, 0x03, 0x00, 0x01, 0x09, 0x02, 0x05, 0x01, 0x09, 0x12, 0x00,
    0x16, 0x00, 0x01, 0x0d, 0x01, 0x0a, 0x01, 0x0e, 0x01, 0x0b, 0x01, 0x02, 0x01, 0x01, 0x01, 0x02, 0x05, 0x01, 0x01, 0x02,
    0x04, 0x03, 0x02, 0x01, 0x01, 0x02, 0x02, 0x01, 0x01, 0x03, 0x01, 0x06, 0x04, 0x00, 0x01, 0x05, 0x01, 0x04, 0x01, 0x05,
    0x01, 0x0f, 0x12, 0x00, 0x17, 0x00, 0x01, 0x0b, 0x01, 0x0e, 0x01, 0x04, 0x03, 0x01, 0x02, 0x02, 0x03, 0x01, 0x02, 0x02,
    0x01, 0x01, 0x01, 0x02, 0x02, 0x04, 0x06, 0x01, 0x01, 0x03, 0x02, 0x00, 0x01, 0x09, 0x02, 0x05, 0x01, 0x06, 0x01, 0x05,
    0x12, 0x00, 0x18, 0x00, 0x01, 0x06, 0x01, 0x02, 0x01, 0x01, 0x01, 0x02, 0x01, 0x03, 0x01, 0x02, 0x01, 0x03, 0x01, 0x02,
    0x01, 0x01, 0x01, 0x02, 0x01, 0x01, 0x01, 0x03, 0x01, 0x04, 0x01, 0x06, 0x02, 0x0d, 0x01, 0x06, 0x01, 0x02, 0x01, 0x01,
    0x01, 0x02, 0x01, 0x01, 0x01, 0x02, 0x01, 0x04, 0x02, 0x00, 0x01, 0x05, 0x01, 0x04, 0x01, 0x06, 0x01, 0x0d, 0x01, 0x06,
    0x12, 0x00, 0x18, 0x00, 0x01, 0x03, 0x01, 0x01, 0x01, 0x02, 0x01, 0x03, 0x01, 0x02, 0x01, 0x01, 0x01, 0x03, 0x03, 0x02,
    0x01, 0x01, 0x01, 0x03, 0x01, 0x0f, 0x01, 0x0d, 0x01, 0x0e, 0x01, 0x0b, 0x01, 0x0e, 0x01, 0x06, 0x01, 0x02, 0x03, 0x01,
    0x02, 0x02, 0x01, 0x00, 0x01, 0x05, 0x01, 0x04, 0x01, 0x09, 0x01, 0x0e, 0x01, 0x09, 0x01, 0x04, 0x11, 0x00, 0x17, 0x00,
    0x01, 0x03, 0x02, 0x02, 0x01, 0x01, 0x01, 0x04, 0x03, 0x06, 0x01, 0x02, 0x01, 0x01, 0x01, 0x02, 0x01, 0x01, 0x01, 0x03,
    0x01, 0x0e, 0x01, 0x0d, 0x01, 0x0a, 0x01, 0x0f, 0x01, 0x0e, 0x01, 0x0d, 0x01, 0x04, 0x01, 0x01, 0x01, 0x02, 0x01, 0x01,
    0x01, 0x02, 0x01, 0x03, 0x01, 0x06, 0x01, 0x04, 0x01, 0x05, 0x01, 0x09, 0x01, 0x00, 0x01, 0x06, 0x02, 0x04, 0x10, 0x00,
    0x18, 0x00, 0x01, 0x03, 0x01, 0x01, 0x01, 0x03, 0x01, 0x0b, 0x01, 0x0e, 0x01, 0x0f, 0x01, 0x0d, 0x01, 0x03, 0x03, 0x01,
    0x01, 0x03, 0x01, 0x06, 0x01, 0x05, 0x01, 0x0b, 0x01, 0x0f, 0x01, 0x04, 0x01, 0x0b, 0x01, 0x04, 0x01, 0x01, 0x01, 0x02,
    0x01, 0x01, 0x01, 0x02, 0x01, 0x04, 0x01, 0x05, 0x01, 0x04, 0x01, 0x06, 0x02, 0x00, 0x01, 0x06, 0x03, 0x04, 0x0f, 0x00,
    0x18, 0x00, 0x01, 0x02, 0x01, 0x01, 0x01, 0x04, 0x01, 0x0f, 0x01, 0x0b, 0x01, 0x0e, 0x01, 0x0f, 0x01, 0x03, 0x01, 0x01,
    0x02, 0x02, 0x01, 0x01, 0x02, 0x03, 0x01, 0x0e, 0x01, 0x09, 0x01, 0x08, 0x01, 0x0e, 0x01, 0x03, 0x04, 0x01, 0x01, 0x03,
    0x01, 0x05, 0x01, 0x06, 0x01, 0x0b, 0x02, 0x00, 0x01, 0x09, 0x03, 0x04, 0x0f, 0x00, 0x17, 0x00, 0x01, 0x02, 0x02, 0x01,
    0x01, 0x09, 0x02, 0x06, 0x02, 0x0f, 0x01, 0x02, 0x01, 0x05, 0x01, 0x0f, 0x01, 0x04, 0x02, 0x01, 0x01, 0x02, 0x01, 0x04,
    0x01, 0x06, 0x01, 0x05, 0x01, 0x03, 0x01, 0x01, 0x01, 0x02, 0x02, 0x01, 0x01, 0x03, 0x01, 0x06, 0x01, 0x05, 0x01, 0x06,
    0x03, 0x00, 0x01, 0x09, 0x02, 0x04, 0x01, 0x06, 0x01, 0x08, 0x0e, 0x00, 0x17, 0x00, 0x01, 0x03, 0x01, 0x02, 0x01, 0x01,
    0x01, 0x06, 0x02, 0x04, 0x01, 0x0f, 0x01, 0x04, 0x01, 0x01, 0x01, 0x03, 0x01, 0x04, 0x03, 0x01, 0x01, 0x02, 0x04, 0x01,
    0x02, 0x02, 0x01, 0x01, 0x01, 0x02, 0x01, 0x05, 0x01, 0x09, 0x01, 0x05, 0x01, 0x09, 0x03, 0x00, 0x02, 0x09, 0x02, 0x06,
    0x0f, 0x00, 0x17, 0x00, 0x01, 0x03, 0x01, 0x02, 0x01, 0x01, 0x01, 0x04, 0x01, 0x0f, 0x01, 0x0a, 0x01, 0x06, 0x01, 0x02,
    0x03, 0x01, 0x01, 0x02, 0x01, 0x01, 0x01, 0x02, 0x01, 0x04, 0x01, 0x01, 0x04, 0x02, 0x01, 0x01, 0x01, 0x03, 0x01, 0x06,
    0x01, 0x0d, 0x02, 0x09, 0x04, 0x00, 0x02, 0x06, 0x11, 0x00, 0x17, 0x00, 0x01, 0x03, 0x01, 0x02, 0x01, 0x01, 0x01, 0x02,
    0x02, 0x03, 0x04, 0x02, 0x04, 0x03, 0x01, 0x02, 0x04, 0x01, 0x01, 0x02, 0x01, 0x04, 0x01, 0x09, 0x01, 0x06, 0x01, 0x0c,
    0x02, 0x09, 0x05, 0x00, 0x02, 0x04, 0x10, 0x00, 0x18, 0x00, 0x01, 0x04, 0x01, 0x02, 0x04, 0x01, 0x01, 0x02, 0x02, 0x03,
    0x01, 0x02, 0x04, 0x01, 0x03, 0x03, 0x01, 0x04, 0x01, 0x09, 0x02, 0x06, 0x01, 0x0c, 0x01, 0x0e, 0x01, 0x0b, 0x01, 0x08,
    0x06, 0x00, 0x02, 0x04, 0x0f, 0x00, 0x17, 0x00, 0x01, 0x04, 0x01, 0x06, 0x01, 0x04, 0x01, 0x03, 0x01, 0x02, 0x06, 0x01,
    0x01, 0x03, 0x01, 0x02, 0x02, 0x03, 0x01, 0x09, 0x01, 0x0a, 0x01, 0x0d, 0x02, 0x06, 0x01, 0x07, 0x02, 0x0c, 0x06, 0x07,
    0x02, 0x00, 0x03, 0x04, 0x0f, 0x00, 0x17, 0x00, 0x01, 0x04, 0x01, 0x05, 0x01, 0x0f, 0x01, 0x0a, 0x01, 0x05, 0x05, 0x04,
    0x01, 0x05, 0x01, 0x0b, 0x01, 0x09, 0x01, 0x0a, 0x02, 0x0b, 0x01, 0x0e, 0x01, 0x0b, 0x01, 0x05, 0x02, 0x07, 0x01, 0x0c,
    0x08, 0x07, 0x02, 0x00, 0x01, 0x04, 0x10, 0x00, 0x18, 0x00, 0x01, 0x05, 0x01, 0x06, 0x01, 0x0c, 0x04, 0x0f, 0x01, 0x0d,
    0x01, 0x0e, 0x01, 0x0d, 0x01, 0x0a, 0x02, 0x0b, 0x01, 0x0e, 0x01, 0x09, 0x01, 0x04, 0x01, 0x05, 0x01, 0x06, 0x01, 0x08,
    0x01, 0x0c, 0x06, 0x07, 0x02, 0x08, 0x03, 0x07, 0x11, 0x00, 0x17, 0x00, 0x01, 0x07, 0x01, 0x0c, 0x01, 0x08, 0x01, 0x0c,
    0x01, 0x0f, 0x01, 0x0a, 0x01, 0x04, 0x01, 0x06, 0x02, 0x0d, 0x01, 0x0a, 0x01, 0x0b, 0x02, 0x0e, 0x01, 0x05, 0x01, 0x03,
    0x01, 0x04, 0x01, 0x09, 0x01, 0x06, 0x01, 0x0c, 0x05, 0x07, 0x01, 0x0c, 0x01, 0x05, 0x04, 0x04, 0x01, 0x07, 0x01, 0x0c,
    0x10, 0x00, 0x15, 0x00, 0x01, 0x08, 0x02, 0x07, 0x02, 0x0c, 0x01, 0x0a, 0x01, 0x0e, 0x01, 0x05, 0x02, 0x03, 0x01, 0x04,
    0x01, 0x09, 0x01, 0x0e, 0x01, 0x09, 0x01, 0x04, 0x01, 0x03, 0x01, 0x02, 0x01, 0x03, 0x03, 0x06, 0x01, 0x08, 0x04, 0x07,
    0x01, 0x08, 0x01, 0x04, 0x01, 0x03, 0x03, 0x04, 0x01, 0x03, 0x01, 0x04, 0x01, 0x06, 0x01, 0x0c, 0x0f, 0x00, 0x12, 0x00,
    0x01, 0x06, 0x03, 0x04, 0x01, 0x06, 0x01, 0x08, 0x01, 0x0c, 0x01, 0x07, 0x01, 0x09, 0x01, 0x0a, 0x01, 0x04, 0x01, 0x01,
    0x01, 0x02, 0x01, 0x01, 0x01, 0x02, 0x02, 0x03, 0x02, 0x01, 0x01, 0x02, 0x03, 0x05, 0x01, 0x06, 0x01, 0x08, 0x01, 0x07,
    0x01, 0x08, 0x01, 0x07, 0x01, 0x08, 0x01, 0x05, 0x01, 0x04, 0x01, 0x09, 0x01, 0x0a, 0x02, 0x09, 0x01, 0x04, 0x01, 0x03,
    0x01, 0x04, 0x01, 0x05, 0x0f, 0x00, 0x10, 0x00, 0x03, 0x09, 0x01, 0x0a, 0x01, 0x09, 0x02, 0x04, 0x01, 0x08, 0x01, 0x0d,
    0x01, 0x07, 0x01, 0x0d, 0x01, 0x06, 0x01, 0x04, 0x04, 0x02, 0x01, 0x01, 0x01, 0x02, 0x01, 0x01, 0x01, 0x02, 0x01, 0x04,
    0x01, 0x05, 0x02, 0x06, 0x03, 0x07, 0x01, 0x08, 0x01, 0x0e, 0x01, 0x0b, 0x01, 0x09, 0x01, 0x0b, 0x01, 0x0a, 0x03, 0x09,
    0x01, 0x0b, 0x01, 0x05, 0x03, 0x04, 0x0e, 0x00, 0x0f, 0x00, 0x05, 0x09, 0x02, 0x0d, 0x01, 0x04, 0x01, 0x05, 0x01, 0x0e,
    0x01, 0x08, 0x01, 0x09, 0x01, 0x05, 0x01, 0x04, 0x05, 0x02, 0x01, 0x01, 0x01, 0x02, 0x01, 0x04, 0x01, 0x05, 0x01, 0x04,
    0x01, 0x05, 0x01, 0x06, 0x04, 0x07, 0x01, 0x0b, 0x03, 0x09, 0x02, 0x0a, 0x02, 0x09, 0x01, 0x0a, 0x01, 0x0b, 0x03, 0x04,
    0x0e, 0x00, 0x0f, 0x00, 0x02, 0x09, 0x02, 0x0a, 0x01, 0x09, 0x01, 0x0d, 0x01, 0x0b, 0x01, 0x06, 0x01, 0x04, 0x01, 0x0c,
    0x01, 0x07, 0x01, 0x06, 0x02, 0x05, 0x01, 0x03, 0x03, 0x02, 0x01, 0x01, 0x01, 0x02, 0x01, 0x04, 0x05, 0x05, 0x03, 0x07,
    0x01, 0x08, 0x01, 0x09, 0x01, 0x0b, 0x03, 0x09, 0x01, 0x0a, 0x03, 0x09, 0x01, 0x0d, 0x01, 0x09, 0x01, 0x04, 0x01, 0x06,
    0x0e, 0x00, 0x0e, 0x00, 0x01, 0x09, 0x01, 0x06, 0x02, 0x09, 0x01, 0x0b, 0x01, 0x0e, 0x01, 0x09, 0x01, 0x0b, 0x01, 0x0d,
    0x01, 0x05, 0x02, 0x08, 0x01, 0x09, 0x01, 0x04, 0x01, 0x05, 0x01, 0x04, 0x03, 0x02, 0x01, 0x03, 0x07, 0x05, 0x03, 0x07,
    0x01, 0x0b, 0x01, 0x0d, 0x01, 0x0a, 0x04, 0x09, 0x02, 0x0a, 0x01, 0x0b, 0x01, 0x0e, 0x01, 0x09, 0x01, 0x04, 0x01, 0x06,
    0x0e, 0x00, 0x0e, 0x00, 0x01, 0x0a, 0x04, 0x09, 0x01, 0x0f, 0x01, 0x0b, 0x01, 0x0f, 0x01, 0x0d, 0x01, 0x06, 0x01, 0x07,
    0x02, 0x0e, 0x03, 0x05, 0x01, 0x04, 0x02, 0x03, 0x06, 0x05, 0x02, 0x06, 0x03, 0x07, 0x02, 0x0d, 0x01, 0x09, 0x02, 0x0a,
    0x01, 0x09, 0x02, 0x0a, 0x01, 0x0b, 0x01, 0x0e, 0x01, 0x0f, 0x02, 0x06, 0x0f, 0x00, 0x0e, 0x00, 0x01, 0x0a, 0x01, 0x09,
    0x02, 0x0b, 0x01, 0x0d, 0x03, 0x0f, 0x01, 0x0d, 0x01, 0x07, 0x01, 0x08, 0x01, 0x0f, 0x01, 0x0b, 0x04, 0x05, 0x01, 0x04,
    0x07, 0x05, 0x02, 0x06, 0x01, 0x05, 0x02, 0x07, 0x01, 0x08, 0x01, 0x0e, 0x02, 0x0b, 0x01, 0x09, 0x03, 0x0a, 0x01, 0x0e,
    0x01, 0x0f, 0x01, 0x09, 0x01, 0x05, 0x01, 0x06, 0x0f, 0x00, 0x0f, 0x00, 0x01, 0x0a, 0x01, 0x09, 0x01, 0x0a, 0x01, 0x0e,
    0x03, 0x0f, 0x01, 0x0b, 0x01, 0x08, 0x02, 0x0f, 0x01, 0x0a, 0x02, 0x05, 0x01, 0x06, 0x04, 0x05, 0x05, 0x04, 0x01, 0x05,
    0x02, 0x06, 0x03, 0x07, 0x01, 0x0c, 0x01, 0x0f, 0x02, 0x0a, 0x01, 0x0b, 0x01, 0x0a, 0x01, 0x0d, 0x01, 0x0e, 0x01, 0x09,
    0x01, 0x06, 0x11, 0x00, 0x0f, 0x00, 0x02, 0x0d, 0x01, 0x0b, 0x01, 0x0f, 0x02, 0x0e, 0x01, 0x09, 0x01, 0x06, 0x01, 0x0a,
    0x02, 0x0c, 0x02, 0x09, 0x01, 0x0b, 0x01, 0x09, 0x01, 0x06, 0x02, 0x05, 0x05, 0x04, 0x02, 0x06, 0x01, 0x0a, 0x01, 0x06,
    0x01, 0x05, 0x02, 0x07, 0x01, 0x08, 0x01, 0x0d, 0x02, 0x0e, 0x01, 0x0d, 0x01, 0x0e, 0x01, 0x0f, 0x14, 0x00, 0x11, 0x00,
    0x02, 0x0d, 0x01, 0x09, 0x02, 0x06, 0x01, 0x05, 0x02, 0x09, 0x01, 0x0d, 0x01, 0x0e, 0x01, 0x09, 0x06, 0x06, 0x02, 0x0a,
    0x04, 0x09, 0x01, 0x0d, 0x01, 0x09, 0x01, 0x06, 0x01, 0x08, 0x03, 0x0c, 0x01, 0x0d, 0x01, 0x0e, 0x02, 0x0d, 0x15, 0x00,
    0x17, 0x00, 0x04, 0x0c, 0x01, 0x0b, 0x01, 0x09, 0x03, 0x05, 0x03, 0x06, 0x01, 0x05, 0x01, 0x06, 0x02, 0x09, 0x01, 0x06,
    0x01, 0x09, 0x01, 0x0e, 0x01, 0x0d, 0x03, 0x08, 0x02, 0x0c, 0x01, 0x0a, 0x01, 0x06, 0x01, 0x09, 0x15, 0x00, 0x16, 0x00,
    0x01, 0x06, 0x01, 0x05, 0x01, 0x04, 0x01, 0x05, 0x02, 0x07, 0x01, 0x0c, 0x01, 0x0b, 0x01, 0x09, 0x02, 0x06, 0x05, 0x09,
    0x01, 0x0f, 0x01, 0x0b, 0x01, 0x0d, 0x01, 0x0e, 0x01, 0x0f, 0x01, 0x06, 0x02, 0x07, 0x01, 0x06, 0x02, 0x09, 0x01, 0x06,
    0x16, 0x00, 0x15, 0x00, 0x01, 0x09, 0x01, 0x06, 0x01, 0x09, 0x01, 0x06, 0x02, 0x04, 0x01, 0x06, 0x06, 0x08, 0x02, 0x0e,
    0x01, 0x09, 0x01, 0x05, 0x01, 0x09, 0x01, 0x0c, 0x02, 0x08, 0x01, 0x0c, 0x01, 0x08, 0x01, 0x04, 0x01, 0x05, 0x01, 0x09,
    0x01, 0x0d, 0x01, 0x0e, 0x17, 0x00, 0x14, 0x00, 0x01, 0x09, 0x01, 0x08, 0x03, 0x0a, 0x01, 0x09, 0x01, 0x05, 0x01, 0x04,
    0x01, 0x06, 0x01, 0x08, 0x01, 0x07, 0x01, 0x08, 0x02, 0x07, 0x01, 0x06, 0x03, 0x05, 0x01, 0x06, 0x01, 0x0a, 0x03, 0x07,
    0x01, 0x0c, 0x01, 0x0b, 0x02, 0x0d, 0x01, 0x0c, 0x01, 0x0d, 0x17, 0x00, 0x13, 0x00, 0x01, 0x0a, 0x04, 0x08, 0x02, 0x09,
    0x01, 0x0a, 0x01, 0x06, 0x01, 0x04, 0x01, 0x06, 0x01, 0x08, 0x02, 0x07, 0x01, 0x06, 0x04, 0x05, 0x01, 0x0b, 0x01, 0x08,
    0x04, 0x07, 0x01, 0x08, 0x04, 0x0c, 0x17, 0x00, 0x12, 0x00, 0x06, 0x08, 0x03, 0x09, 0x01, 0x0a, 0x01, 0x06, 0x01, 0x04,
    0x01, 0x0d, 0x01, 0x08, 0x01, 0x07, 0x01, 0x09, 0x01, 0x0b, 0x01, 0x0d, 0x01, 0x09, 0x01, 0x0a, 0x01, 0x08, 0x05, 0x07,
    0x02, 0x08, 0x03, 0x0c, 0x17, 0x00, 0x12, 0x00, 0x02, 0x08, 0x01, 0x0a, 0x01, 0x08, 0x01, 0x0a, 0x02, 0x09, 0x02, 0x0a,
    0x01, 0x09, 0x01, 0x0b, 0x01, 0x06, 0x01, 0x09, 0x01, 0x0e, 0x01, 0x0c, 0x01, 0x0d, 0x01, 0x0c, 0x02, 0x06, 0x02, 0x05,
    0x01, 0x06, 0x03, 0x07, 0x02, 0x08, 0x04, 0x0c, 0x17, 0x00, 0x12, 0x00, 0x01, 0x0b, 0x07, 0x0a, 0x01, 0x0b, 0x02, 0x0d,
    0x01, 0x0b, 0x01, 0x06, 0x01, 0x0d, 0x01, 0x0f, 0x01, 0x0d, 0x07, 0x04, 0x01, 0x05, 0x03, 0x08, 0x04, 0x0c, 0x17, 0x00,
    0x13, 0x00, 0x05, 0x0a, 0x03, 0x0b, 0x02, 0x0e, 0x01, 0x0f, 0x01, 0x0a, 0x01, 0x0b, 0x01, 0x0d, 0x07, 0x09, 0x01, 0x06,
    0x01, 0x05, 0x01, 0x04, 0x01, 0x06, 0x04, 0x0c, 0x18, 0x00, 0x13, 0x00, 0x02, 0x0b, 0x02, 0x0a, 0x06, 0x0d, 0x04, 0x0e,
    0x01, 0x0b, 0x01, 0x0a, 0x03, 0x09, 0x02, 0x0a, 0x02, 0x0b, 0x01, 0x09, 0x02, 0x06, 0x01, 0x0b, 0x02, 0x0c, 0x18, 0x00,
    0x13, 0x00, 0x01, 0x0b, 0x04, 0x0d, 0x01, 0x0e, 0x05, 0x0d, 0x02, 0x0f, 0x01, 0x0e, 0x01, 0x0a, 0x04, 0x09, 0x01, 0x0a,
    0x01, 0x09, 0x02, 0x0a, 0x02, 0x0d, 0x02, 0x09, 0x01, 0x0c, 0x19, 0x00, 0x14, 0x00, 0x01, 0x0d, 0x01, 0x0b, 0x06, 0x0d,
    0x05, 0x0e, 0x01, 0x0a, 0x01, 0x09, 0x01, 0x0a, 0x01, 0x09, 0x03, 0x0a, 0x01, 0x0b, 0x01, 0x0d, 0x01, 0x0a, 0x01, 0x0e,
    0x01, 0x0f, 0x01, 0x09, 0x01, 0x0d, 0x19, 0x00, 0x15, 0x00, 0x01, 0x0e, 0x01, 0x0d, 0x01, 0x0b, 0x02, 0x0d, 0x01, 0x0e,
    0x04, 0x0d, 0x02, 0x0e, 0x01, 0x0b, 0x02, 0x0a, 0x01, 0x09, 0x03, 0x0a, 0x01, 0x0d, 0x02, 0x0b, 0x01, 0x0d, 0x03, 0x0e,
    0x19, 0x00, 0x17, 0x00, 0x05, 0x0e, 0x01, 0x0d, 0x01, 0x0b, 0x01, 0x0d, 0x01, 0x0e, 0x01, 0x00, 0x01, 0x0d, 0x01, 0x0b,
    0x01, 0x0d, 0x01, 0x0b, 0x01, 0x0a, 0x01, 0x0b, 0x01, 0x0d, 0x01, 0x0e, 0x03, 0x0d, 0x02, 0x0e, 0x01, 0x0d, 0x19, 0x00,
    0x18, 0x00, 0x01, 0x0e, 0x01, 0x0d, 0x01, 0x0e, 0x01, 0x0d, 0x02, 0x0a, 0x01, 0x0d, 0x01, 0x0e, 0x01, 0x00, 0x04, 0x0e,
    0x02, 0x0d, 0x02, 0x0e, 0x02, 0x0d, 0x02, 0x0e, 0x01, 0x0d, 0x01, 0x0e, 0x19, 0x00, 0x18, 0x00, 0x01, 0x0d, 0x01, 0x0b,
    0x01, 0x0a, 0x01, 0x0b, 0x01, 0x09, 0x01, 0x0a, 0x01, 0x0d, 0x03, 0x00, 0x02, 0x0e, 0x02, 0x0d, 0x04, 0x0e, 0x01, 0x0d,
    0x03, 0x0e, 0x01, 0x0f, 0x19, 0x00, 0x18, 0x00, 0x01, 0x0d, 0x02, 0x0a, 0x01, 0x0b, 0x01, 0x0a, 0x01, 0x0d, 0x01, 0x0f,
    0x05, 0x00, 0x01, 0x0d, 0x07, 0x0e, 0x02, 0x0d, 0x1a, 0x00, 0x19, 0x00, 0x04, 0x0d, 0x01, 0x09, 0x07, 0x00, 0x01, 0x0f,
    0x05, 0x0e, 0x02, 0x0b, 0x01, 0x0e, 0x1a, 0x00, 0x26, 0x00, 0x02, 0x0b, 0x01, 0x0d, 0x01, 0x0a, 0x01, 0x0b, 0x01, 0x09,
    0x01, 0x0b, 0x01, 0x0e, 0x1a, 0x00, 0x26, 0x00, 0x01, 0x0b, 0x01, 0x0a, 0x01, 0x0b, 0x01, 0x0a, 0x01, 0x0b, 0x01, 0x09,
    0x01, 0x0e, 0x1b, 0x00, 0x26, 0x00, 0x01, 0x0d, 0x02, 0x0b, 0x01, 0x0a, 0x01, 0x0e, 0x01, 0x09, 0x1c, 0x00, 0x27, 0x00,
    0x02, 0x0b, 0x01, 0x09, 0x1e, 0x00, 0x48, 0x00, 0x48, 0x00, 0x48, 0x00, 0x48, 0x00, 0x48, 0x00, 0x48, 0x00, 0x48, 0x00,
    0x48, 0x00, 0x48, 0x00, 0x48, 0x00, 0x48, 0x00, 0x48, 0x00
};
const uint8_t kJumping3[] PROGMEM = {
    0x48, 0x00, 0x48, 0x00, 0x48, 0x00, 0x48, 0x00, 0x48, 0x00, 0x48, 0x00, 0x48, 0x00, 0x48, 0x00, 0x48, 0x00, 0x48, 0x00,
    0x1f, 0x00, 0x02, 0x01, 0x27, 0x00, 0x1e, 0x00, 0x01, 0x01, 0x01, 0x02, 0x28, 0x00, 0x1d, 0x00, 0x01, 0x02, 0x01, 0x01,
    0x01, 0x03, 0x0a, 0x00, 0x02, 0x0a, 0x1c, 0x00, 0x1d, 0x00, 0x04, 0x01, 0x01, 0x03, 0x01, 0x01, 0x01, 0x02, 0x01, 0x01,
    0x04, 0x00, 0x05, 0x0a, 0x1a, 0x00, 0x1a, 0x00, 0x01, 0x08, 0x02, 0x00, 0x07, 0x01, 0x02, 0x03, 0x01, 0x02, 0x01, 0x03,
    0x01, 0x0e, 0x02, 0x0a, 0x01, 0x0b, 0x02, 0x0a, 0x01, 0x0b, 0x05, 0x00, 0x02, 0x04, 0x12, 0x00, 0x18, 0x00, 0x03, 0x0a,
    0x01, 0x0b, 0x01, 0x05, 0x02, 0x03, 0x01, 0x02, 0x01, 0x01, 0x01, 0x02, 0x01, 0x01, 0x02, 0x02, 0x02, 0x01, 0x01, 0x03,
    0x01, 0x06, 0x01, 0x0b, 0x02, 0x0f, 0x01, 0x0b, 0x01, 0x0a, 0x01, 0x0b, 0x05, 0x00, 0x02, 0x04, 0x01, 0x05, 0x11, 0x00,
    0x17, 0x00, 0x01, 0x0a, 0x01, 0x09, 0x02, 0x0a, 0x01, 0x0d, 0x01, 0x06, 0x03, 0x03, 0x01, 0x01, 0x01, 0x02, 0x01, 0x01,
    0x01, 0x02, 0x05, 0x01, 0x01, 0x04, 0x01, 0x0e, 0x01, 0x0f, 0x01, 0x0d, 0x01, 0x0a, 0x01, 0x0b, 0x04, 0x00, 0x01, 0x05,
    0x02, 0x04, 0x01, 0x09, 0x11, 0x00, 0x17, 0x00, 0x02, 0x0a, 0x02, 0x0f, 0x01, 0x06, 0x01, 0x03, 0x03, 0x01, 0x01, 0x02,
    0x06, 0x01, 0x01, 0x02, 0x02, 0x01, 0x01, 0x03, 0x01, 0x0d, 0x01, 0x0e, 0x01, 0x0a, 0x01, 0x0e, 0x04, 0x00, 0x01, 0x05,
    0x01, 0x04, 0x01, 0x05, 0x01, 0x09, 0x11, 0x00, 0x17, 0x00, 0x01, 0x0a, 0x01, 0x0b, 0x02, 0x0f, 0x01, 0x03, 0x08, 0x01,
    0x01, 0x02, 0x06, 0x01, 0x01, 0x03, 0x01, 0x0d, 0x02, 0x0e, 0x03, 0x00, 0x01, 0x06, 0x02, 0x04, 0x01, 0x09, 0x12, 0x00,
    0x17, 0x00, 0x02, 0x0b, 0x01, 0x0f, 0x01, 0x03, 0x01, 0x01, 0x01, 0x02, 0x06, 0x01, 0x01, 0x02, 0x03, 0x03, 0x03, 0x01,
    0x01, 0x02, 0x01, 0x01, 0x01, 0x04, 0x01, 0x0d, 0x04, 0x00, 0x01, 0x05, 0x01, 0x04, 0x01, 0x06, 0x01, 0x0a, 0x12, 0x00,
    0x17, 0x00, 0x01, 0x0d, 0x01, 0x0e, 0x01, 0x06, 0x01, 0x01, 0x01, 0x02, 0x01, 0x01, 0x02, 0x02, 0x03, 0x01, 0x02, 0x02,
    0x01, 0x01, 0x01, 0x02, 0x02, 0x03, 0x05, 0x01, 0x01, 0x02, 0x03, 0x00, 0x01, 0x09, 0x02, 0x04, 0x01, 0x09, 0x13, 0x00,
    0x18, 0x00, 0x01, 0x0d, 0x01, 0x03, 0x01, 0x01, 0x01, 0x02, 0x03, 0x03, 0x01, 0x02, 0x03, 0x01, 0x02, 0x03, 0x01, 0x04,
    0x01, 0x0d, 0x01, 0x0b, 0x01, 0x05, 0x01, 0x02, 0x03, 0x01, 0x01, 0x02, 0x01, 0x03, 0x02, 0x00, 0x01, 0x06, 0x01, 0x05,
    0x01, 0x09, 0x01, 0x06, 0x01, 0x05, 0x12, 0x00, 0x18, 0x00, 0x01, 0x02, 0x02, 0x01, 0x01, 0x02, 0x01, 0x03, 0x01, 0x01,
    0x02, 0x03, 0x01, 0x01, 0x01, 0x02, 0x01, 0x01, 0x01, 0x02, 0x01, 0x0d, 0x01, 0x0e, 0x01, 0x0d, 0x01, 0x0b, 0x01, 0x0e,
    0x01, 0x05, 0x04, 0x01, 0x01, 0x02, 0x01, 0x00, 0x01, 0x05, 0x01, 0x04, 0x01, 0x05, 0x01, 0x0b, 0x01, 0x0d, 0x01, 0x0a,
    0x12, 0x00, 0x18, 0x00, 0x01, 0x03, 0x01, 0x02, 0x01, 0x01, 0x01, 0x03, 0x01, 0x09, 0x01, 0x06, 0x01, 0x0b, 0x01, 0x03,
    0x01, 0x01, 0x01, 0x02, 0x01, 0x01, 0x01, 0x03, 0x01, 0x0b, 0x01, 0x0e, 0x01, 0x0b, 0x02, 0x0f, 0x01, 0x0d, 0x01, 0x03,
    0x01, 0x01, 0x01, 0x02, 0x01, 0x01, 0x01, 0x02, 0x01, 0x03, 0x01, 0x05, 0x01, 0x04, 0x01, 0x06, 0x01, 0x0e, 0x01, 0x09,
    0x01, 0x05, 0x01, 0x04, 0x11, 0x00, 0x18, 0x00, 0x01, 0x03, 0x01, 0x01, 0x01, 0x02, 0x01, 0x09, 0x01, 0x0e, 0x02, 0x0f,
    0x01, 0x04, 0x01, 0x01, 0x01, 0x02, 0x01, 0x01, 0x01, 0x02, 0x01, 0x06, 0x01, 0x05, 0x01, 0x0a, 0x01, 0x0f, 0x01, 0x05,
    0x01, 0x09, 0x01, 0x05, 0x01, 0x01, 0x01, 0x02, 0x01, 0x01, 0x01, 0x03, 0x01, 0x05, 0x01, 0x04, 0x01, 0x05, 0x01, 0x09,
    0x01, 0x00, 0x01, 0x09, 0x01, 0x05, 0x01, 0x04, 0x11, 0x00, 0x18, 0x00, 0x01, 0x03, 0x01, 0x01, 0x01, 0x03, 0x02, 0x0e,
    0x01, 0x0a, 0x01, 0x0f, 0x01, 0x05, 0x02, 0x01, 0x01, 0x02, 0x01, 0x01, 0x01, 0x02, 0x01, 0x03, 0x01, 0x0e, 0x01, 0x09,
    0x01, 0x05, 0x01, 0x0d, 0x01, 0x04, 0x02, 0x01, 0x01, 0x02, 0x01, 0x01, 0x01, 0x03, 0x01, 0x05, 0x01, 0x06, 0x01, 0x0d,
    0x01, 0x00, 0x01, 0x09, 0x03, 0x04, 0x10, 0x00, 0x18, 0x00, 0x01, 0x02, 0x01, 0x01, 0x01, 0x04, 0x01, 0x09, 0x01, 0x04,
    0x01, 0x0e, 0x01, 0x0f, 0x02, 0x03, 0x01, 0x0f, 0x01, 0x06, 0x02, 0x01, 0x01, 0x02, 0x01, 0x04, 0x01, 0x09, 0x01, 0x06,
    0x01, 0x04, 0x01, 0x02, 0x03, 0x01, 0x01, 0x03, 0x02, 0x05, 0x01, 0x09, 0x02, 0x00, 0x01, 0x09, 0x03, 0x04, 0x01, 0x05,
    0x0f, 0x00, 0x17, 0x00, 0x01, 0x03, 0x01, 0x02, 0x01, 0x01, 0x01, 0x04, 0x01, 0x0a, 0x01, 0x03, 0x01, 0x0e, 0x01, 0x06,
    0x01, 0x01, 0x01, 0x03, 0x01, 0x04, 0x01, 0x02, 0x04, 0x01, 0x01, 0x02, 0x02, 0x01, 0x02, 0x02, 0x01, 0x01, 0x01, 0x02,
    0x03, 0x05, 0x04, 0x00, 0x01, 0x06, 0x01, 0x04, 0x01, 0x05, 0x01, 0x09, 0x0f, 0x00, 0x17, 0x00, 0x01, 0x03, 0x01, 0x02,
    0x01, 0x01, 0x01, 0x03, 0x01, 0x0b, 0x01, 0x0e, 0x01, 0x06, 0x01, 0x03, 0x05, 0x01, 0x01, 0x02, 0x01, 0x03, 0x01, 0x02,
    0x01, 0x01, 0x03, 0x02, 0x01, 0x01, 0x01, 0x02, 0x01, 0x06, 0x01, 0x0b, 0x01, 0x09, 0x01, 0x0b, 0x04, 0x00, 0x02, 0x09,
    0x01, 0x06, 0x10, 0x00, 0x17, 0x00, 0x01, 0x03, 0x02, 0x02, 0x01, 0x01, 0x02, 0x03, 0x01, 0x02, 0x01, 0x01, 0x02, 0x02,
    0x05, 0x03, 0x04, 0x01, 0x01, 0x02, 0x01, 0x04, 0x01, 0x05, 0x01, 0x0a, 0x01, 0x0b, 0x01, 0x09, 0x05, 0x00, 0x01, 0x05,
    0x01, 0x04, 0x11, 0x00, 0x18, 0x00, 0x01, 0x04, 0x01, 0x03, 0x05, 0x01, 0x01, 0x02, 0x02, 0x03, 0x04, 0x01, 0x02, 0x02,
    0x01, 0x03, 0x01, 0x04, 0x02, 0x05, 0x01, 0x07, 0x02, 0x0c, 0x01, 0x0b, 0x01, 0x07, 0x05, 0x00, 0x02, 0x03, 0x10, 0x00,
    0x18, 0x00, 0x01, 0x05, 0x01, 0x06, 0x01, 0x03, 0x01, 0x02, 0x06, 0x01, 0x01, 0x03, 0x02, 0x02, 0x01, 0x03, 0x01, 0x06,
    0x01, 0x09, 0x01, 0x0b, 0x01, 0x06, 0x01, 0x05, 0x01, 0x07, 0x02, 0x0c, 0x05, 0x07, 0x02, 0x00, 0x01, 0x04, 0x01, 0x00,
    0x01, 0x04, 0x10, 0x00, 0x17, 0x00, 0x02, 0x04, 0x01, 0x0c, 0x01, 0x0d, 0x01, 0x06, 0x06, 0x04, 0x01, 0x0a, 0x01, 0x06,
    0x01, 0x09, 0x01, 0x0b, 0x01, 0x0d, 0x01, 0x0e, 0x01, 0x0a, 0x01, 0x05, 0x01, 0x07, 0x02, 0x08, 0x07, 0x07, 0x01, 0x00,
    0x01, 0x05, 0x02, 0x04, 0x10, 0x00, 0x18, 0x00, 0x01, 0x06, 0x01, 0x05, 0x01, 0x0c, 0x04, 0x0f, 0x03, 0x0d, 0x01, 0x0a,
    0x02, 0x0b, 0x01, 0x0d, 0x01, 0x0a, 0x02, 0x05, 0x01, 0x06, 0x01, 0x07, 0x01, 0x0c, 0x0a, 0x07, 0x12, 0x00, 0x17, 0x00,
    0x01, 0x07, 0x01, 0x0c, 0x01, 0x08, 0x01, 0x07, 0x02, 0x0e, 0x02, 0x05, 0x01, 0x0d, 0x01, 0x0e, 0x02, 0x0b, 0x02, 0x0e,
    0x01, 0x06, 0x01, 0x03, 0x01, 0x04, 0x01, 0x09, 0x01, 0x06, 0x01, 0x0c, 0x06, 0x07, 0x03, 0x08, 0x02, 0x07, 0x01, 0x0c,
    0x11, 0x00, 0x16, 0x00, 0x03, 0x07, 0x01, 0x0d, 0x01, 0x0a, 0x01, 0x0e, 0x01, 0x09, 0x03, 0x03, 0x01, 0x05, 0x01, 0x0d,
    0x01, 0x0b, 0x01, 0x05, 0x01, 0x03, 0x01, 0x02, 0x01, 0x03, 0x01, 0x05, 0x02, 0x06, 0x01, 0x08, 0x04, 0x07, 0x01, 0x0c,
    0x01, 0x05, 0x01, 0x04, 0x01, 0x03, 0x02, 0x04, 0x01, 0x06, 0x01, 0x08, 0x11, 0x00, 0x13, 0x00, 0x03, 0x04, 0x01, 0x06,
    0x04, 0x08, 0x01, 0x0b, 0x01, 0x06, 0x01, 0x03, 0x01, 0x01, 0x02, 0x02, 0x02, 0x03, 0x03, 0x01, 0x01, 0x04, 0x02, 0x05,
    0x03, 0x07, 0x02, 0x08, 0x01, 0x07, 0x01, 0x04, 0x01, 0x03, 0x06, 0x04, 0x01, 0x08, 0x10, 0x00, 0x12, 0x00, 0x01, 0x09,
    0x01, 0x06, 0x01, 0x05, 0x01, 0x04, 0x01, 0x03, 0x01, 0x05, 0x01, 0x0c, 0x02, 0x08, 0x01, 0x0a, 0x01, 0x05, 0x01, 0x03,
    0x02, 0x01, 0x01, 0x02, 0x01, 0x01, 0x02, 0x02, 0x01, 0x01, 0x01, 0x04, 0x03, 0x05, 0x03, 0x07, 0x01, 0x0c, 0x01, 0x0d,
    0x01, 0x09, 0x01, 0x05, 0x02, 0x09, 0x01, 0x0a, 0x01, 0x09, 0x01, 0x06, 0x02, 0x04, 0x01, 0x05, 0x10, 0x00, 0x11, 0x00,
    0x02, 0x09, 0x01, 0x0a, 0x02, 0x0d, 0x01, 0x05, 0x01, 0x04, 0x01, 0x0a, 0x01, 0x0c, 0x01, 0x08, 0x01, 0x06, 0x01, 0x05,
    0x01, 0x03, 0x05, 0x02, 0x01, 0x01, 0x01, 0x03, 0x01, 0x05, 0x01, 0x04, 0x02, 0x05, 0x03, 0x07, 0x01, 0x0c, 0x01, 0x0a,
    0x02, 0x09, 0x01, 0x0a, 0x03, 0x09, 0x01, 0x0a, 0x01, 0x09, 0x02, 0x04, 0x01, 0x06, 0x0f, 0x00, 0x10, 0x00, 0x03, 0x09,
    0x01, 0x06, 0x02, 0x0a, 0x01, 0x0d, 0x01, 0x04, 0x01, 0x05, 0x02, 0x08, 0x01, 0x06, 0x01, 0x05, 0x01, 0x04, 0x04, 0x02,
    0x01, 0x01, 0x01, 0x03, 0x01, 0x05, 0x01, 0x04, 0x03, 0x05, 0x01, 0x06, 0x02, 0x07, 0x01, 0x09, 0x01, 0x0a, 0x07, 0x09,
    0x01, 0x0b, 0x01, 0x05, 0x01, 0x04, 0x01, 0x05, 0x0f, 0x00, 0x0f, 0x00, 0x01, 0x09, 0x01, 0x06, 0x01, 0x09, 0x01, 0x0a,
    0x01, 0x09, 0x01, 0x0d, 0x01, 0x0a, 0x01, 0x0b, 0x01, 0x09, 0x01, 0x05, 0x01, 0x08, 0x01, 0x0a, 0x01, 0x06, 0x01, 0x04,
    0x01, 0x05, 0x01, 0x03, 0x02, 0x02, 0x01, 0x01, 0x01, 0x03, 0x06, 0x05, 0x01, 0x06, 0x01, 0x07, 0x01, 0x08, 0x01, 0x0d,
    0x01, 0x0a, 0x07, 0x09, 0x01, 0x0d, 0x01, 0x09, 0x01, 0x04, 0x01, 0x06, 0x0f, 0x00, 0x0f, 0x00, 0x01, 0x09, 0x01, 0x06,
    0x02, 0x09, 0x01, 0x0d, 0x01, 0x0e, 0x01, 0x09, 0x01, 0x0f, 0x01, 0x0b, 0x01, 0x06, 0x01, 0x07, 0x01, 0x0e, 0x01, 0x09,
    0x01, 0x04, 0x01, 0x05, 0x01, 0x04, 0x03, 0x03, 0x05, 0x05, 0x01, 0x06, 0x01, 0x09, 0x01, 0x05, 0x01, 0x07, 0x01, 0x0c,
    0x01, 0x0e, 0x06, 0x09, 0x01, 0x0a, 0x01, 0x0b, 0x01, 0x0e, 0x01, 0x09, 0x01, 0x05, 0x01, 0x06, 0x0f, 0x00, 0x0f, 0x00,
    0x05, 0x09, 0x02, 0x0e, 0x01, 0x0f, 0x01, 0x0b, 0x01, 0x08, 0x01, 0x07, 0x01, 0x0f, 0x01, 0x0b, 0x04, 0x05, 0x01, 0x04,
    0x07, 0x05, 0x03, 0x06, 0x01, 0x07, 0x01, 0x0b, 0x01, 0x0a, 0x01, 0x0b, 0x04, 0x09, 0x01, 0x0d, 0x02, 0x0e, 0x02, 0x05,
    0x10, 0x00, 0x0f, 0x00, 0x01, 0x0a, 0x01, 0x09, 0x02, 0x0a, 0x01, 0x0d, 0x01, 0x0f, 0x01, 0x0e, 0x01, 0x0f, 0x01, 0x0b,
    0x01, 0x07, 0x01, 0x0b, 0x01, 0x0f, 0x01, 0x0a, 0x01, 0x05, 0x01, 0x04, 0x02, 0x06, 0x04, 0x05, 0x04, 0x04, 0x01, 0x06,
    0x01, 0x09, 0x01, 0x05, 0x01, 0x07, 0x01, 0x08, 0x01, 0x0f, 0x01, 0x0a, 0x01, 0x09, 0x01, 0x0b, 0x01, 0x0a, 0x01, 0x0b,
    0x01, 0x0e, 0x01, 0x0d, 0x01, 0x06, 0x01, 0x05, 0x11, 0x00, 0x10, 0x00, 0x01, 0x0a, 0x01, 0x09, 0x01, 0x0a, 0x03, 0x0e,
    0x01, 0x0d, 0x01, 0x09, 0x01, 0x07, 0x02, 0x0c, 0x01, 0x0e, 0x02, 0x09, 0x01, 0x06, 0x02, 0x05, 0x01, 0x06, 0x01, 0x05,
    0x01, 0x04, 0x02, 0x05, 0x01, 0x04, 0x02, 0x06, 0x01, 0x0a, 0x01, 0x09, 0x01, 0x06, 0x01, 0x0c, 0x01, 0x0d, 0x02, 0x0e,
    0x02, 0x0d, 0x02, 0x0f, 0x01, 0x09, 0x01, 0x06, 0x12, 0x00, 0x10, 0x00, 0x01, 0x0e, 0x02, 0x0d, 0x01, 0x0e, 0x01, 0x0f,
    0x01, 0x0b, 0x01, 0x06, 0x01, 0x08, 0x01, 0x06, 0x01, 0x0b, 0x01, 0x0a, 0x01, 0x0e, 0x01, 0x09, 0x02, 0x06, 0x02, 0x09,
    0x02, 0x06, 0x07, 0x09, 0x01, 0x0e, 0x01, 0x09, 0x03, 0x0c, 0x02, 0x0f, 0x01, 0x0d, 0x01, 0x0a, 0x15, 0x00, 0x12, 0x00,
    0x01, 0x0e, 0x04, 0x00, 0x02, 0x05, 0x01, 0x00, 0x01, 0x0b, 0x01, 0x0d, 0x01, 0x0a, 0x01, 0x09, 0x05, 0x05, 0x01, 0x06,
    0x02, 0x05, 0x04, 0x09, 0x02, 0x0e, 0x01, 0x06, 0x01, 0x07, 0x01, 0x08, 0x01, 0x0b, 0x01, 0x09, 0x01, 0x06, 0x01, 0x09,
    0x15, 0x00, 0x17, 0x00, 0x01, 0x06, 0x01, 0x05, 0x01, 0x00, 0x02, 0x08, 0x01, 0x07, 0x01, 0x08, 0x01, 0x0a, 0x02, 0x09,
    0x02, 0x06, 0x01, 0x0b, 0x01, 0x09, 0x01, 0x0e, 0x02, 0x09, 0x01, 0x0d, 0x02, 0x0c, 0x01, 0x0e, 0x01, 0x06, 0x02, 0x05,
    0x01, 0x09, 0x01, 0x0b, 0x01, 0x0d, 0x16, 0x00, 0x19, 0x00, 0x07, 0x07, 0x01, 0x08, 0x02, 0x0c, 0x01, 0x08, 0x01, 0x0c,
    0x01, 0x09, 0x02, 0x05, 0x01, 0x09, 0x01, 0x08, 0x01, 0x07, 0x01, 0x08, 0x01, 0x0c, 0x01, 0x09, 0x01, 0x0b, 0x03, 0x0d,
    0x16, 0x00, 0x18, 0x00, 0x01, 0x08, 0x05, 0x07, 0x01, 0x0a, 0x02, 0x07, 0x01, 0x08, 0x02, 0x07, 0x01, 0x06, 0x04, 0x05,
    0x01, 0x09, 0x02, 0x07, 0x01, 0x08, 0x05, 0x0c, 0x16, 0x00, 0x17, 0x00, 0x01, 0x05, 0x03, 0x04, 0x01, 0x05, 0x01, 0x06,
    0x02, 0x07, 0x01, 0x0a, 0x01, 0x08, 0x03, 0x07, 0x01, 0x06, 0x01, 0x04, 0x03, 0x05, 0x01, 0x0a, 0x03, 0x07, 0x01, 0x08,
    0x04, 0x0c, 0x16, 0x00, 0x17, 0x00, 0x04, 0x06, 0x03, 0x04, 0x01, 0x07, 0x01, 0x08, 0x01, 0x0d, 0x02, 0x08, 0x01, 0x0c,
    0x02, 0x09, 0x01, 0x0b, 0x01, 0x09, 0x01, 0x0a, 0x01, 0x0c, 0x03, 0x07, 0x01, 0x08, 0x03, 0x0c, 0x17, 0x00, 0x17, 0x00,
    0x01, 0x0b, 0x01, 0x0a, 0x01, 0x09, 0x01, 0x0a, 0x01, 0x09, 0x01, 0x06, 0x02, 0x04, 0x01, 0x07, 0x01, 0x0c, 0x02, 0x0e,
    0x01, 0x0d, 0x01, 0x06, 0x01, 0x05, 0x01, 0x04, 0x01, 0x05, 0x01, 0x04, 0x01, 0x05, 0x02, 0x07, 0x02, 0x08, 0x03, 0x0c,
    0x17, 0x00, 0x16, 0x00, 0x02, 0x09, 0x01, 0x0a, 0x04, 0x09, 0x01, 0x0b, 0x01, 0x06, 0x01, 0x05, 0x01, 0x0a, 0x01, 0x0c,
    0x01, 0x0f, 0x01, 0x09, 0x01, 0x04, 0x03, 0x05, 0x03, 0x04, 0x01, 0x06, 0x01, 0x08, 0x04, 0x0c, 0x17, 0x00, 0x16, 0x00,
    0x02, 0x09, 0x02, 0x0a, 0x04, 0x09, 0x01, 0x0d, 0x02, 0x09, 0x01, 0x0c, 0x01, 0x0d, 0x02, 0x0a, 0x02, 0x09, 0x01, 0x0a,
    0x03, 0x09, 0x02, 0x05, 0x01, 0x0a, 0x02, 0x0c, 0x18, 0x00, 0x15, 0x00, 0x07, 0x09, 0x01, 0x0a, 0x01, 0x0b, 0x01, 0x0d,
    0x01, 0x0e, 0x01, 0x09, 0x01, 0x0c, 0x01, 0x0d, 0x01, 0x0b, 0x06, 0x09, 0x01, 0x0a, 0x01, 0x0d, 0x01, 0x09, 0x01, 0x06,
    0x01, 0x0a, 0x01, 0x0c, 0x18, 0x00, 0x15, 0x00, 0x08, 0x09, 0x01, 0x0a, 0x01, 0x0d, 0x01, 0x0e, 0x02, 0x0a, 0x01, 0x0e,
    0x01, 0x0a, 0x05, 0x09, 0x01, 0x0a, 0x02, 0x0b, 0x01, 0x0e, 0x01, 0x0d, 0x01, 0x09, 0x19, 0x00, 0x15, 0x00, 0x01, 0x0a,
    0x07, 0x09, 0x01, 0x0a, 0x01, 0x0d, 0x01, 0x0f, 0x01, 0x0d, 0x02, 0x00, 0x01, 0x0b, 0x02, 0x0a, 0x01, 0x09, 0x02, 0x0a,
    0x01, 0x0b, 0x01, 0x0d, 0x01, 0x0b, 0x01, 0x0d, 0x01, 0x0e, 0x01, 0x0d, 0x19, 0x00, 0x15, 0x00, 0x01, 0x0a, 0x06, 0x09,
    0x01, 0x0a, 0x02, 0x0d, 0x01, 0x0e, 0x03, 0x00, 0x01, 0x0d, 0x01, 0x0b, 0x01, 0x0d, 0x02, 0x0b, 0x02, 0x0d, 0x03, 0x0b,
    0x01, 0x0d, 0x01, 0x0f, 0x19, 0x00, 0x15, 0x00, 0x03, 0x0a, 0x03, 0x09, 0x01, 0x0a, 0x03, 0x0d, 0x05, 0x00, 0x0b, 0x0d,
    0x19, 0x00, 0x13, 0x00, 0x01, 0x0a, 0x01, 0x09, 0x03, 0x0a, 0x02, 0x09, 0x01, 0x0a, 0x02, 0x0d, 0x02, 0x0e, 0x05, 0x00,
    0x01, 0x0e, 0x01, 0x0b, 0x09, 0x0d, 0x19, 0x00, 0x12, 0x00, 0x08, 0x09, 0x01, 0x0a, 0x02, 0x0d, 0x01, 0x0e, 0x07, 0x00,
    0x01, 0x0d, 0x03, 0x0e, 0x05, 0x0d, 0x1a, 0x00, 0x12, 0x00, 0x01, 0x0a, 0x02, 0x09, 0x01, 0x0a, 0x01, 0x06, 0x01, 0x0b,
    0x02, 0x0a, 0x01, 0x0b, 0x02, 0x0d, 0x09, 0x00, 0x05, 0x0e, 0x03, 0x0d, 0x1a, 0x00, 0x12, 0x00, 0x02, 0x0b, 0x01, 0x0f,
    0x01, 0x0e, 0x01, 0x0d, 0x02, 0x0e, 0x04, 0x0d, 0x09, 0x00, 0x01, 0x0b, 0x04, 0x0d, 0x02, 0x0b, 0x01, 0x0d, 0x1a, 0x00,
    0x13, 0x00, 0x02, 0x0e, 0x02, 0x09, 0x01, 0x0b, 0x02, 0x0e, 0x02, 0x0d, 0x0a, 0x00, 0x01, 0x0d, 0x01, 0x0a, 0x01, 0x0b,
    0x01, 0x0a, 0x01, 0x0d, 0x01, 0x0a, 0x01, 0x0b, 0x1b, 0x00, 0x14, 0x00, 0x01, 0x0d, 0x01, 0x0e, 0x01, 0x0f, 0x01, 0x0e,
    0x03, 0x0d, 0x01, 0x0e, 0x0a, 0x00, 0x01, 0x0e, 0x02, 0x0b, 0x01, 0x0a, 0x01, 0x0d, 0x02, 0x0e, 0x1b, 0x00, 0x18, 0x00,
    0x01, 0x0e, 0x01, 0x0d, 0x0d, 0x00, 0x02, 0x0d, 0x01, 0x0b, 0x01, 0x0d, 0x1d, 0x00, 0x48, 0x00, 0x48, 0x00, 0x48, 0x00,
    0x48, 0x00, 0x48, 0x00
};
const uint8_t kJumping4[] PROGMEM = {
    0x48, 0x00, 0x48, 0x00, 0x48, 0x00, 0x48, 0x00, 0x48, 0x00, 0x48, 0x00, 0x48, 0x00, 0x48, 0x00, 0x48, 0x00, 0x48, 0x00,
    0x48, 0x00, 0x48, 0x00, 0x48, 0x00, 0x48, 0x00, 0x48, 0x00, 0x48, 0x00, 0x48, 0x00, 0x48, 0x00, 0x48, 0x00, 0x48, 0x00,
    0x48, 0x00, 0x48, 0x00, 0x1f, 0x00, 0x01, 0x03, 0x01, 0x04, 0x27, 0x00, 0x1e, 0x00, 0x01, 0x01, 0x01, 0x02, 0x28, 0x00,
    0x1d, 0x00, 0x01, 0x02, 0x01, 0x01, 0x01, 0x02, 0x0a, 0x00, 0x02, 0x0a, 0x1c, 0x00, 0x1c, 0x00, 0x04, 0x01, 0x02, 0x03,
    0x03, 0x02, 0x03, 0x00, 0x05, 0x0a, 0x1b, 0x00, 0x1a, 0x00, 0x01, 0x06, 0x01, 0x00, 0x07, 0x01, 0x01, 0x02, 0x03, 0x03,
    0x01, 0x0b, 0x01, 0x0d, 0x01, 0x0a, 0x02, 0x0b, 0x02, 0x0a, 0x06, 0x00, 0x01, 0x04, 0x01, 0x03, 0x12, 0x00, 0x18, 0x00,
    0x02, 0x0a, 0x01, 0x09, 0x01, 0x0b, 0x03, 0x03, 0x03, 0x02, 0x01, 0x01, 0x02, 0x02, 0x02, 0x01, 0x01, 0x04, 0x01, 0x0a,
    0x01, 0x0e, 0x01, 0x0f, 0x01, 0x0e, 0x01, 0x0a, 0x01, 0x09, 0x01, 0x0b, 0x05, 0x00, 0x02, 0x04, 0x01, 0x05, 0x11, 0x00,
    0x17, 0x00, 0x01, 0x0a, 0x01, 0x09, 0x02, 0x0a, 0x01, 0x0e, 0x01, 0x04, 0x01, 0x03, 0x01, 0x04, 0x01, 0x02, 0x01, 0x01,
    0x01, 0x02, 0x06, 0x01, 0x01, 0x02, 0x01, 0x06, 0x02, 0x0f, 0x02, 0x0a, 0x01, 0x0e, 0x04, 0x00, 0x01, 0x05, 0x01, 0x04,
    0x01, 0x05, 0x01, 0x09, 0x11, 0x00, 0x17, 0x00, 0x01, 0x0a, 0x01, 0x0b, 0x01, 0x0f, 0x01, 0x0e, 0x01, 0x04, 0x01, 0x02,
    0x03, 0x01, 0x01, 0x02, 0x09, 0x01, 0x01, 0x04, 0x01, 0x0f, 0x01, 0x09, 0x01, 0x0a, 0x01, 0x0e, 0x04, 0x00, 0x01, 0x05,
    0x01, 0x04, 0x01, 0x05, 0x01, 0x09, 0x11, 0x00, 0x16, 0x00, 0x02, 0x0a, 0x01, 0x0d, 0x01, 0x0f, 0x01, 0x09, 0x01, 0x02,
    0x07, 0x01, 0x02, 0x02, 0x02, 0x01, 0x02, 0x02, 0x01, 0x01, 0x01, 0x02, 0x01, 0x05, 0x01, 0x0f, 0x01, 0x0e, 0x04, 0x00,
    0x01, 0x05, 0x01, 0x04, 0x01, 0x05, 0x01, 0x09, 0x12, 0x00, 0x16, 0x00, 0x01, 0x0d, 0x01, 0x0a, 0x01, 0x0e, 0x01, 0x0d,
    0x01, 0x02, 0x01, 0x01, 0x01, 0x02, 0x05, 0x01, 0x02, 0x02, 0x02, 0x03, 0x01, 0x02, 0x01, 0x01, 0x01, 0x02, 0x02, 0x01,
    0x01, 0x02, 0x01, 0x06, 0x04, 0x00, 0x02, 0x05, 0x01, 0x04, 0x01, 0x06, 0x13, 0x00, 0x17, 0x00, 0x01, 0x0b, 0x01, 0x0f,
    0x01, 0x04, 0x03, 0x01, 0x02, 0x02, 0x03, 0x01, 0x03, 0x02, 0x01, 0x03, 0x01, 0x04, 0x01, 0x03, 0x05, 0x01, 0x01, 0x02,
    0x03, 0x00, 0x01, 0x09, 0x01, 0x04, 0x01, 0x05, 0x01, 0x09, 0x13, 0x00, 0x18, 0x00, 0x01, 0x09, 0x01, 0x02, 0x01, 0x01,
    0x01, 0x02, 0x01, 0x03, 0x01, 0x02, 0x01, 0x03, 0x01, 0x02, 0x03, 0x01, 0x01, 0x03, 0x01, 0x04, 0x01, 0x0a, 0x02, 0x0d,
    0x01, 0x04, 0x04, 0x01, 0x01, 0x03, 0x03, 0x00, 0x02, 0x05, 0x01, 0x09, 0x01, 0x05, 0x13, 0x00, 0x18, 0x00, 0x01, 0x02,
    0x01, 0x01, 0x01, 0x02, 0x02, 0x03, 0x01, 0x02, 0x01, 0x03, 0x01, 0x02, 0x01, 0x01, 0x01, 0x02, 0x01, 0x01, 0x01, 0x04,
    0x01, 0x0f, 0x02, 0x0d, 0x01, 0x0b, 0x01, 0x0e, 0x01, 0x03, 0x01, 0x01, 0x02, 0x02, 0x02, 0x01, 0x01, 0x00, 0x01, 0x05,
    0x01, 0x04, 0x01, 0x06, 0x01, 0x0d, 0x01, 0x09, 0x01, 0x06, 0x12, 0x00, 0x17, 0x00, 0x01, 0x04, 0x01, 0x03, 0x02, 0x01,
    0x01, 0x04, 0x03, 0x09, 0x01, 0x02, 0x01, 0x01, 0x01, 0x02, 0x01, 0x01, 0x01, 0x04, 0x01, 0x0f, 0x01, 0x0a, 0x01, 0x0d,
    0x01, 0x0f, 0x01, 0x0d, 0x01, 0x09, 0x01, 0x02, 0x01, 0x01, 0x02, 0x02, 0x01, 0x03, 0x03, 0x04, 0x01, 0x09, 0x01, 0x0f,
    0x01, 0x09, 0x01, 0x04, 0x12, 0x00, 0x18, 0x00, 0x01, 0x03, 0x01, 0x01, 0x01, 0x03, 0x01, 0x0d, 0x01, 0x0e, 0x01, 0x0f,
    0x01, 0x0d, 0x01, 0x03, 0x03, 0x01, 0x01, 0x03, 0x02, 0x05, 0x01, 0x0f, 0x01, 0x09, 0x01, 0x04, 0x01, 0x0e, 0x01, 0x03,
    0x01, 0x01, 0x01, 0x02, 0x01, 0x01, 0x01, 0x03, 0x01, 0x05, 0x01, 0x04, 0x01, 0x05, 0x02, 0x00, 0x01, 0x06, 0x02, 0x04,
    0x11, 0x00, 0x18, 0x00, 0x01, 0x02, 0x01, 0x01, 0x01, 0x04, 0x01, 0x0f, 0x02, 0x0d, 0x01, 0x0f, 0x01, 0x03, 0x01, 0x01,
    0x02, 0x03, 0x01, 0x02, 0x01, 0x03, 0x01, 0x04, 0x01, 0x0f, 0x01, 0x09, 0x01, 0x0b, 0x01, 0x06, 0x01, 0x02, 0x01, 0x01,
    0x01, 0x02, 0x01, 0x01, 0x01, 0x02, 0x01, 0x05, 0x01, 0x06, 0x01, 0x09, 0x02, 0x00, 0x01, 0x05, 0x03, 0x04, 0x10, 0x00,
    0x17, 0x00, 0x03, 0x01, 0x01, 0x06, 0x02, 0x05, 0x01, 0x0f, 0x01, 0x0d, 0x01, 0x02, 0x01, 0x06, 0x01, 0x0f, 0x01, 0x03,
    0x02, 0x01, 0x01, 0x02, 0x01, 0x04, 0x01, 0x06, 0x01, 0x04, 0x01, 0x02, 0x03, 0x01, 0x01, 0x02, 0x02, 0x05, 0x01, 0x06,
    0x03, 0x00, 0x01, 0x09, 0x03, 0x04, 0x10, 0x00, 0x17, 0x00, 0x01, 0x03, 0x01, 0x02, 0x01, 0x01, 0x02, 0x06, 0x01, 0x04,
    0x01, 0x0f, 0x01, 0x04, 0x01, 0x01, 0x02, 0x03, 0x02, 0x01, 0x02, 0x02, 0x04, 0x01, 0x01, 0x02, 0x01, 0x01, 0x01, 0x02,
    0x01, 0x04, 0x01, 0x09, 0x01, 0x05, 0x01, 0x09, 0x03, 0x00, 0x01, 0x0e, 0x01, 0x05, 0x01, 0x04, 0x01, 0x06, 0x10, 0x00,
    0x17, 0x00, 0x01, 0x03, 0x02, 0x01, 0x01, 0x03, 0x02, 0x0d, 0x01, 0x04, 0x04, 0x01, 0x02, 0x02, 0x02, 0x03, 0x01, 0x01,
    0x02, 0x02, 0x02, 0x01, 0x01, 0x02, 0x01, 0x04, 0x01, 0x0e, 0x02, 0x09, 0x04, 0x00, 0x02, 0x09, 0x01, 0x04, 0x01, 0x05,
    0x10, 0x00, 0x17, 0x00, 0x02, 0x03, 0x01, 0x02, 0x01, 0x01, 0x01, 0x02, 0x01, 0x03, 0x01, 0x01, 0x01, 0x02, 0x01, 0x03,
    0x01, 0x02, 0x04, 0x03, 0x04, 0x01, 0x01, 0x02, 0x01, 0x03, 0x02, 0x09, 0x03, 0x0c, 0x04, 0x00, 0x01, 0x06, 0x01, 0x05,
    0x12, 0x00, 0x18, 0x00, 0x01, 0x05, 0x01, 0x03, 0x03, 0x01, 0x01, 0x02, 0x01, 0x01, 0x01, 0x02, 0x01, 0x03, 0x04, 0x01,
    0x01, 0x02, 0x02, 0x03, 0x01, 0x04, 0x02, 0x09, 0x01, 0x06, 0x02, 0x0c, 0x04, 0x07, 0x04, 0x00, 0x01, 0x03, 0x11, 0x00,
    0x17, 0x00, 0x01, 0x04, 0x01, 0x06, 0x01, 0x08, 0x01, 0x03, 0x02, 0x02, 0x01, 0x01, 0x01, 0x02, 0x02, 0x01, 0x04, 0x03,
    0x01, 0x05, 0x02, 0x0b, 0x01, 0x0e, 0x01, 0x06, 0x01, 0x05, 0x02, 0x0c, 0x05, 0x07, 0x01, 0x0c, 0x02, 0x00, 0x03, 0x04,
    0x10, 0x00, 0x17, 0x00, 0x02, 0x04, 0x01, 0x0c, 0x01, 0x0d, 0x01, 0x09, 0x01, 0x06, 0x01, 0x05, 0x01, 0x06, 0x02, 0x05,
    0x01, 0x0a, 0x01, 0x0d, 0x03, 0x0b, 0x01, 0x0d, 0x01, 0x0b, 0x01, 0x06, 0x01, 0x05, 0x01, 0x07, 0x01, 0x0c, 0x06, 0x07,
    0x01, 0x08, 0x02, 0x00, 0x02, 0x04, 0x11, 0x00, 0x18, 0x00, 0x01, 0x08, 0x01, 0x06, 0x01, 0x08, 0x02, 0x0f, 0x03, 0x0e,
    0x01, 0x0d, 0x01, 0x0b, 0x01, 0x0a, 0x01, 0x0b, 0x01, 0x0d, 0x01, 0x0e, 0x01, 0x05, 0x01, 0x04, 0x01, 0x06, 0x01, 0x07,
    0x01, 0x0c, 0x01, 0x08, 0x08, 0x07, 0x14, 0x00, 0x17, 0x00, 0x02, 0x07, 0x01, 0x0d, 0x01, 0x09, 0x01, 0x0c, 0x01, 0x0f,
    0x01, 0x05, 0x01, 0x04, 0x01, 0x09, 0x03, 0x0e, 0x01, 0x0f, 0x01, 0x09, 0x01, 0x04, 0x01, 0x03, 0x01, 0x04, 0x02, 0x09,
    0x01, 0x0c, 0x09, 0x07, 0x01, 0x0c, 0x13, 0x00, 0x16, 0x00, 0x03, 0x07, 0x02, 0x0c, 0x01, 0x0a, 0x01, 0x0d, 0x01, 0x04,
    0x01, 0x02, 0x01, 0x03, 0x01, 0x04, 0x02, 0x09, 0x01, 0x04, 0x01, 0x02, 0x01, 0x01, 0x01, 0x03, 0x01, 0x05, 0x01, 0x06,
    0x01, 0x08, 0x02, 0x07, 0x01, 0x08, 0x07, 0x07, 0x01, 0x0c, 0x13, 0x00, 0x15, 0x00, 0x01, 0x0c, 0x03, 0x07, 0x01, 0x0d,
    0x01, 0x08, 0x02, 0x0a, 0x01, 0x04, 0x01, 0x01, 0x01, 0x02, 0x01, 0x01, 0x02, 0x03, 0x02, 0x01, 0x01, 0x02, 0x01, 0x04,
    0x02, 0x05, 0x02, 0x07, 0x02, 0x0c, 0x01, 0x07, 0x01, 0x08, 0x01, 0x0c, 0x01, 0x07, 0x01, 0x06, 0x01, 0x05, 0x01, 0x06,
    0x01, 0x07, 0x01, 0x0c, 0x12, 0x00, 0x13, 0x00, 0x01, 0x05, 0x01, 0x04, 0x01, 0x05, 0x01, 0x07, 0x02, 0x08, 0x01, 0x0e,
    0x01, 0x08, 0x01, 0x0b, 0x01, 0x06, 0x01, 0x05, 0x01, 0x03, 0x04, 0x02, 0x01, 0x01, 0x01, 0x02, 0x01, 0x04, 0x02, 0x05,
    0x01, 0x06, 0x02, 0x07, 0x01, 0x08, 0x01, 0x0e, 0x01, 0x0c, 0x01, 0x08, 0x02, 0x04, 0x01, 0x03, 0x03, 0x04, 0x01, 0x08,
    0x12, 0x00, 0x13, 0x00, 0x01, 0x04, 0x02, 0x03, 0x01, 0x04, 0x01, 0x06, 0x02, 0x0c, 0x01, 0x08, 0x01, 0x0a, 0x01, 0x06,
    0x01, 0x05, 0x01, 0x04, 0x05, 0x02, 0x01, 0x04, 0x04, 0x05, 0x01, 0x06, 0x01, 0x07, 0x01, 0x08, 0x02, 0x0c, 0x01, 0x04,
    0x01, 0x03, 0x06, 0x04, 0x01, 0x06, 0x11, 0x00, 0x12, 0x00, 0x01, 0x05, 0x01, 0x06, 0x01, 0x09, 0x01, 0x04, 0x01, 0x03,
    0x01, 0x04, 0x01, 0x0a, 0x01, 0x0e, 0x01, 0x08, 0x01, 0x0d, 0x01, 0x06, 0x01, 0x04, 0x01, 0x05, 0x01, 0x03, 0x03, 0x02,
    0x01, 0x04, 0x04, 0x05, 0x02, 0x06, 0x01, 0x07, 0x01, 0x08, 0x01, 0x0c, 0x01, 0x06, 0x01, 0x04, 0x01, 0x05, 0x01, 0x09,
    0x03, 0x0a, 0x01, 0x05, 0x01, 0x04, 0x01, 0x05, 0x11, 0x00, 0x12, 0x00, 0x04, 0x09, 0x01, 0x05, 0x01, 0x04, 0x01, 0x05,
    0x01, 0x0d, 0x01, 0x08, 0x01, 0x0f, 0x01, 0x0b, 0x02, 0x05, 0x01, 0x04, 0x02, 0x03, 0x01, 0x04, 0x02, 0x05, 0x01, 0x06,
    0x02, 0x05, 0x02, 0x06, 0x02, 0x07, 0x01, 0x0c, 0x01, 0x06, 0x01, 0x09, 0x01, 0x0b, 0x01, 0x09, 0x01, 0x06, 0x02, 0x09,
    0x01, 0x0d, 0x01, 0x09, 0x01, 0x05, 0x11, 0x00, 0x11, 0x00, 0x01, 0x0a, 0x01, 0x06, 0x03, 0x09, 0x01, 0x0b, 0x02, 0x06,
    0x01, 0x08, 0x01, 0x0e, 0x01, 0x0f, 0x01, 0x0b, 0x01, 0x05, 0x01, 0x04, 0x01, 0x06, 0x01, 0x05, 0x01, 0x04, 0x05, 0x05,
    0x01, 0x04, 0x01, 0x05, 0x02, 0x09, 0x01, 0x07, 0x01, 0x0c, 0x01, 0x0b, 0x01, 0x0a, 0x05, 0x09, 0x02, 0x0b, 0x01, 0x06,
    0x11, 0x00, 0x11, 0x00, 0x05, 0x09, 0x01, 0x0a, 0x01, 0x0e, 0x01, 0x09, 0x01, 0x0a, 0x03, 0x0e, 0x03, 0x09, 0x03, 0x06,
    0x01, 0x05, 0x01, 0x04, 0x02, 0x05, 0x01, 0x06, 0x01, 0x09, 0x01, 0x0b, 0x01, 0x0e, 0x01, 0x09, 0x01, 0x0b, 0x01, 0x0e,
    0x01, 0x0a, 0x02, 0x09, 0x01, 0x0a, 0x02, 0x09, 0x01, 0x0a, 0x01, 0x0b, 0x01, 0x06, 0x11, 0x00, 0x10, 0x00, 0x01, 0x09,
    0x01, 0x06, 0x03, 0x09, 0x01, 0x0a, 0x02, 0x0d, 0x01, 0x09, 0x02, 0x0d, 0x01, 0x0f, 0x02, 0x0e, 0x01, 0x09, 0x01, 0x06,
    0x01, 0x05, 0x03, 0x06, 0x01, 0x0a, 0x05, 0x09, 0x01, 0x0d, 0x01, 0x0f, 0x01, 0x0d, 0x01, 0x0a, 0x06, 0x09, 0x01, 0x0b,
    0x01, 0x0e, 0x12, 0x00, 0x10, 0x00, 0x03, 0x09, 0x01, 0x0a, 0x01, 0x06, 0x01, 0x09, 0x01, 0x0d, 0x02, 0x0e, 0x01, 0x08,
    0x03, 0x07, 0x01, 0x08, 0x01, 0x0a, 0x01, 0x09, 0x03, 0x05, 0x01, 0x06, 0x01, 0x09, 0x01, 0x06, 0x03, 0x09, 0x01, 0x0a,
    0x03, 0x0d, 0x01, 0x09, 0x01, 0x0a, 0x04, 0x09, 0x01, 0x0a, 0x01, 0x0b, 0x01, 0x0e, 0x12, 0x00, 0x10, 0x00, 0x01, 0x0a,
    0x01, 0x06, 0x01, 0x0b, 0x01, 0x0d, 0x01, 0x09, 0x01, 0x0a, 0x01, 0x0e, 0x01, 0x06, 0x03, 0x05, 0x04, 0x07, 0x02, 0x08,
    0x03, 0x09, 0x02, 0x0e, 0x01, 0x09, 0x02, 0x05, 0x01, 0x0d, 0x01, 0x07, 0x01, 0x08, 0x03, 0x0a, 0x01, 0x06, 0x04, 0x09,
    0x01, 0x0b, 0x01, 0x0e, 0x12, 0x00, 0x0f, 0x00, 0x02, 0x0a, 0x01, 0x06, 0x01, 0x0d, 0x01, 0x0f, 0x01, 0x09, 0x01, 0x0d,
    0x01, 0x0a, 0x01, 0x09, 0x02, 0x06, 0x01, 0x05, 0x02, 0x04, 0x04, 0x07, 0x01, 0x08, 0x03, 0x0c, 0x01, 0x06, 0x01, 0x05,
    0x01, 0x06, 0x01, 0x0b, 0x01, 0x07, 0x01, 0x05, 0x01, 0x06, 0x01, 0x0a, 0x01, 0x0e, 0x02, 0x09, 0x01, 0x0a, 0x02, 0x09,
    0x01, 0x0a, 0x01, 0x0b, 0x13, 0x00, 0x10, 0x00, 0x01, 0x0b, 0x02, 0x0a, 0x02, 0x0f, 0x01, 0x0d, 0x01, 0x09, 0x03, 0x08,
    0x01, 0x0a, 0x01, 0x06, 0x02, 0x04, 0x01, 0x07, 0x01, 0x08, 0x01, 0x0c, 0x03, 0x07, 0x01, 0x06, 0x01, 0x05, 0x01, 0x0d,
    0x01, 0x0a, 0x02, 0x04, 0x02, 0x05, 0x01, 0x06, 0x01, 0x0e, 0x02, 0x0a, 0x01, 0x0b, 0x01, 0x09, 0x01, 0x0a, 0x01, 0x0b,
    0x01, 0x0d, 0x13, 0x00, 0x10, 0x00, 0x01, 0x0b, 0x03, 0x0e, 0x01, 0x0f, 0x01, 0x0b, 0x02, 0x08, 0x03, 0x09, 0x02, 0x0a,
    0x01, 0x06, 0x01, 0x04, 0x01, 0x07, 0x01, 0x0c, 0x01, 0x0b, 0x02, 0x07, 0x01, 0x08, 0x01, 0x0e, 0x01, 0x0a, 0x01, 0x04,
    0x01, 0x06, 0x01, 0x09, 0x01, 0x0a, 0x01, 0x09, 0x01, 0x0a, 0x01, 0x0e, 0x02, 0x0f, 0x01, 0x0b, 0x01, 0x0a, 0x01, 0x0d,
    0x01, 0x0b, 0x01, 0x0d, 0x13, 0x00, 0x12, 0x00, 0x01, 0x09, 0x01, 0x0d, 0x01, 0x00, 0x01, 0x0a, 0x01, 0x08, 0x01, 0x09,
    0x01, 0x0a, 0x01, 0x09, 0x03, 0x0a, 0x01, 0x0b, 0x01, 0x09, 0x01, 0x06, 0x01, 0x08, 0x01, 0x0d, 0x01, 0x0e, 0x01, 0x0d,
    0x02, 0x0c, 0x01, 0x06, 0x02, 0x0a, 0x01, 0x08, 0x03, 0x09, 0x01, 0x0a, 0x01, 0x0e, 0x01, 0x0f, 0x01, 0x0e, 0x02, 0x0f,
    0x01, 0x0d, 0x14, 0x00, 0x15, 0x00, 0x01, 0x0d, 0x05, 0x0a, 0x01, 0x0d, 0x01, 0x0b, 0x01, 0x0d, 0x01, 0x0e, 0x01, 0x0b,
    0x01, 0x0a, 0x02, 0x0c, 0x02, 0x0e, 0x01, 0x0d, 0x01, 0x0b, 0x04, 0x09, 0x03, 0x0a, 0x02, 0x0d, 0x01, 0x0f, 0x01, 0x0b,
    0x16, 0x00, 0x16, 0x00, 0x01, 0x0d, 0x02, 0x0b, 0x02, 0x0d, 0x02, 0x0b, 0x02, 0x0d, 0x01, 0x0e, 0x02, 0x0d, 0x01, 0x0c,
    0x03, 0x00, 0x01, 0x0d, 0x05, 0x0a, 0x01, 0x0b, 0x01, 0x0d, 0x01, 0x0b, 0x03, 0x0d, 0x16, 0x00, 0x16, 0x00, 0x06, 0x0d,
    0x01, 0x0b, 0x03, 0x0d, 0x01, 0x0e, 0x05, 0x00, 0x01, 0x0e, 0x02, 0x0b, 0x01, 0x0d, 0x01, 0x0b, 0x06, 0x0d, 0x01, 0x0e,
    0x16, 0x00, 0x17, 0x00, 0x01, 0x0d, 0x04, 0x0e, 0x06, 0x0d, 0x05, 0x00, 0x04, 0x0d, 0x01, 0x0e, 0x02, 0x0d, 0x04, 0x0e,
    0x16, 0x00, 0x17, 0x00, 0x04, 0x0a, 0x01, 0x09, 0x01, 0x0b, 0x03, 0x0d, 0x01, 0x0b, 0x01, 0x0d, 0x06, 0x00, 0x02, 0x0e,
    0x04, 0x0d, 0x01, 0x0e, 0x03, 0x0d, 0x16, 0x00, 0x16, 0x00, 0x01, 0x0a, 0x02, 0x09, 0x01, 0x0b, 0x02, 0x09, 0x01, 0x0a,
    0x04, 0x0d, 0x01, 0x0e, 0x06, 0x00, 0x01, 0x09, 0x02, 0x0a, 0x01, 0x0b, 0x01, 0x0a, 0x01, 0x09, 0x01, 0x0b, 0x01, 0x09,
    0x02, 0x0b, 0x16, 0x00, 0x17, 0x00, 0x01, 0x0e, 0x01, 0x06, 0x01, 0x09, 0x01, 0x06, 0x01, 0x09, 0x01, 0x0f, 0x02, 0x0e,
    0x09, 0x00, 0x01, 0x09, 0x01, 0x0b, 0x01, 0x09, 0x01, 0x0b, 0x02, 0x09, 0x01, 0x0d, 0x01, 0x09, 0x02, 0x0e, 0x16, 0x00,
    0x29, 0x00, 0x05, 0x09, 0x01, 0x0e, 0x01, 0x09, 0x18, 0x00, 0x48, 0x00, 0x48, 0x00
};
const Frame kJumpingFrames[] PROGMEM = {
    {kJumping0, 2024, 110},
    {kJumping1, 2272, 110},
    {kJumping2, 2390, 140},
    {kJumping3, 2304, 110},
    {kJumping4, 2074, 220},
};

const uint8_t kFailed0[] PROGMEM = {
    0x48, 0x00, 0x48, 0x00, 0x48, 0x00, 0x1c, 0x00, 0x01, 0x03, 0x2b, 0x00, 0x1a, 0x00, 0x02, 0x01, 0x01, 0x03, 0x2b, 0x00,
    0x18, 0x00, 0x01, 0x03, 0x01, 0x02, 0x01, 0x01, 0x01, 0x03, 0x0b, 0x00, 0x01, 0x0d, 0x20, 0x00, 0x18, 0x00, 0x01, 0x02,
    0x02, 0x01, 0x01, 0x03, 0x01, 0x00, 0x01, 0x04, 0x02, 0x03, 0x01, 0x02, 0x01, 0x04, 0x01, 0x03, 0x01, 0x04, 0x01, 0x00,
    0x01, 0x0d, 0x01, 0x0e, 0x01, 0x0d, 0x01, 0x0e, 0x01, 0x0f, 0x1e, 0x00, 0x17, 0x00, 0x01, 0x02, 0x01, 0x01, 0x02, 0x02,
    0x01, 0x01, 0x01, 0x02, 0x01, 0x03, 0x01, 0x02, 0x01, 0x03, 0x04, 0x02, 0x01, 0x04, 0x01, 0x0d, 0x01, 0x0a, 0x02, 0x0b,
    0x01, 0x0d, 0x01, 0x0e, 0x1d, 0x00, 0x18, 0x00, 0x01, 0x02, 0x02, 0x01, 0x01, 0x02, 0x03, 0x01, 0x02, 0x02, 0x01, 0x01,
    0x02, 0x02, 0x01, 0x06, 0x01, 0x0a, 0x01, 0x08, 0x02, 0x09, 0x01, 0x0a, 0x01, 0x0b, 0x01, 0x0e, 0x1c, 0x00, 0x14, 0x00,
    0x04, 0x0b, 0x01, 0x03, 0x01, 0x02, 0x02, 0x01, 0x08, 0x02, 0x02, 0x0d, 0x01, 0x0a, 0x01, 0x0f, 0x01, 0x0e, 0x01, 0x0a,
    0x01, 0x0b, 0x01, 0x0e, 0x07, 0x00, 0x01, 0x05, 0x02, 0x04, 0x12, 0x00, 0x13, 0x00, 0x01, 0x0b, 0x03, 0x0a, 0x01, 0x0b,
    0x01, 0x09, 0x01, 0x04, 0x01, 0x03, 0x09, 0x02, 0x01, 0x03, 0x01, 0x06, 0x03, 0x0f, 0x02, 0x0b, 0x01, 0x0f, 0x07, 0x00,
    0x01, 0x05, 0x01, 0x04, 0x01, 0x05, 0x01, 0x09, 0x11, 0x00, 0x13, 0x00, 0x01, 0x0a, 0x01, 0x09, 0x02, 0x0a, 0x01, 0x0d,
    0x01, 0x04, 0x02, 0x03, 0x05, 0x02, 0x01, 0x01, 0x03, 0x02, 0x01, 0x01, 0x01, 0x02, 0x01, 0x04, 0x01, 0x09, 0x01, 0x0f,
    0x01, 0x0b, 0x01, 0x0e, 0x01, 0x0f, 0x06, 0x00, 0x03, 0x05, 0x01, 0x09, 0x01, 0x0d, 0x11, 0x00, 0x12, 0x00, 0x01, 0x0f,
    0x01, 0x0a, 0x01, 0x0b, 0x02, 0x0e, 0x01, 0x04, 0x04, 0x01, 0x04, 0x02, 0x01, 0x01, 0x05, 0x02, 0x01, 0x01, 0x01, 0x02,
    0x01, 0x06, 0x01, 0x0f, 0x01, 0x0a, 0x07, 0x00, 0x01, 0x05, 0x01, 0x04, 0x01, 0x06, 0x01, 0x0a, 0x12, 0x00, 0x12, 0x00,
    0x01, 0x0e, 0x02, 0x0b, 0x02, 0x0f, 0x01, 0x03, 0x01, 0x01, 0x08, 0x02, 0x02, 0x01, 0x06, 0x02, 0x01, 0x03, 0x01, 0x02,
    0x01, 0x03, 0x05, 0x00, 0x03, 0x05, 0x01, 0x0a, 0x13, 0x00, 0x12, 0x00, 0x01, 0x0f, 0x01, 0x0e, 0x01, 0x0a, 0x01, 0x0f,
    0x01, 0x04, 0x01, 0x01, 0x01, 0x02, 0x01, 0x01, 0x02, 0x02, 0x01, 0x01, 0x0c, 0x02, 0x01, 0x01, 0x01, 0x02, 0x01, 0x03,
    0x04, 0x00, 0x01, 0x09, 0x02, 0x04, 0x01, 0x0b, 0x14, 0x00, 0x13, 0x00, 0x03, 0x0f, 0x01, 0x03, 0x16, 0x02, 0x03, 0x00,
    0x01, 0x06, 0x01, 0x05, 0x01, 0x09, 0x01, 0x06, 0x14, 0x00, 0x14, 0x00, 0x01, 0x0f, 0x01, 0x05, 0x03, 0x02, 0x01, 0x01,
    0x07, 0x02, 0x01, 0x01, 0x0a, 0x02, 0x01, 0x03, 0x02, 0x00, 0x01, 0x05, 0x01, 0x04, 0x01, 0x05, 0x01, 0x0f, 0x01, 0x09,
    0x01, 0x06, 0x13, 0x00, 0x15, 0x00, 0x01, 0x03, 0x01, 0x01, 0x04, 0x02, 0x01, 0x01, 0x05, 0x02, 0x01, 0x03, 0x0a, 0x02,
    0x01, 0x03, 0x01, 0x00, 0x01, 0x09, 0x02, 0x05, 0x01, 0x09, 0x01, 0x0e, 0x01, 0x09, 0x01, 0x06, 0x13, 0x00, 0x15, 0x00,
    0x01, 0x03, 0x01, 0x01, 0x02, 0x02, 0x01, 0x01, 0x01, 0x02, 0x01, 0x03, 0x04, 0x02, 0x04, 0x03, 0x09, 0x02, 0x01, 0x04,
    0x01, 0x06, 0x01, 0x05, 0x01, 0x09, 0x01, 0x00, 0x01, 0x09, 0x01, 0x05, 0x01, 0x04, 0x13, 0x00, 0x15, 0x00, 0x01, 0x03,
    0x01, 0x01, 0x02, 0x02, 0x04, 0x03, 0x03, 0x02, 0x01, 0x03, 0x02, 0x02, 0x02, 0x03, 0x02, 0x01, 0x05, 0x02, 0x01, 0x04,
    0x01, 0x09, 0x01, 0x05, 0x01, 0x06, 0x01, 0x09, 0x01, 0x00, 0x01, 0x06, 0x01, 0x05, 0x02, 0x04, 0x12, 0x00, 0x15, 0x00,
    0x01, 0x03, 0x03, 0x02, 0x01, 0x03, 0x02, 0x02, 0x01, 0x03, 0x03, 0x02, 0x01, 0x03, 0x02, 0x04, 0x01, 0x09, 0x03, 0x04,
    0x01, 0x03, 0x04, 0x02, 0x02, 0x09, 0x01, 0x05, 0x01, 0x09, 0x02, 0x00, 0x01, 0x06, 0x01, 0x05, 0x02, 0x04, 0x12, 0x00,
    0x15, 0x00, 0x01, 0x03, 0x01, 0x01, 0x02, 0x02, 0x01, 0x03, 0x01, 0x04, 0x01, 0x05, 0x01, 0x06, 0x04, 0x02, 0x01, 0x09,
    0x01, 0x0f, 0x01, 0x0b, 0x01, 0x0d, 0x01, 0x0e, 0x01, 0x0f, 0x01, 0x09, 0x03, 0x02, 0x01, 0x04, 0x01, 0x0f, 0x02, 0x09,
    0x03, 0x00, 0x01, 0x06, 0x03, 0x04, 0x12, 0x00, 0x15, 0x00, 0x01, 0x03, 0x02, 0x02, 0x01, 0x03, 0x01, 0x06, 0x02, 0x0e,
    0x01, 0x0a, 0x03, 0x03, 0x01, 0x02, 0x01, 0x04, 0x01, 0x0f, 0x01, 0x0d, 0x01, 0x0b, 0x01, 0x0f, 0x01, 0x0d, 0x01, 0x0e,
    0x01, 0x03, 0x01, 0x01, 0x01, 0x03, 0x01, 0x0e, 0x01, 0x0b, 0x01, 0x0a, 0x01, 0x09, 0x03, 0x00, 0x01, 0x0d, 0x01, 0x06,
    0x01, 0x04, 0x01, 0x06, 0x12, 0x00, 0x15, 0x00, 0x01, 0x04, 0x02, 0x02, 0x01, 0x06, 0x01, 0x0f, 0x02, 0x0a, 0x01, 0x0e,
    0x01, 0x03, 0x02, 0x01, 0x02, 0x02, 0x01, 0x04, 0x01, 0x0e, 0x02, 0x0f, 0x01, 0x0d, 0x01, 0x05, 0x01, 0x02, 0x01, 0x03,
    0x01, 0x09, 0x01, 0x0a, 0x01, 0x06, 0x01, 0x0e, 0x02, 0x0d, 0x02, 0x00, 0x01, 0x06, 0x01, 0x08, 0x01, 0x09, 0x13, 0x00,
    0x15, 0x00, 0x01, 0x03, 0x02, 0x02, 0x01, 0x09, 0x03, 0x0f, 0x01, 0x04, 0x01, 0x01, 0x03, 0x03, 0x02, 0x01, 0x01, 0x02,
    0x01, 0x03, 0x01, 0x04, 0x01, 0x03, 0x01, 0x02, 0x01, 0x03, 0x01, 0x09, 0x01, 0x0b, 0x01, 0x05, 0x01, 0x0d, 0x01, 0x0c,
    0x01, 0x07, 0x01, 0x0c, 0x02, 0x00, 0x02, 0x04, 0x14, 0x00, 0x16, 0x00, 0x01, 0x06, 0x02, 0x03, 0x01, 0x06, 0x01, 0x09,
    0x01, 0x04, 0x01, 0x01, 0x01, 0x02, 0x01, 0x09, 0x01, 0x0f, 0x01, 0x03, 0x01, 0x01, 0x02, 0x02, 0x03, 0x01, 0x01, 0x03,
    0x01, 0x0e, 0x01, 0x09, 0x01, 0x04, 0x01, 0x0c, 0x01, 0x0e, 0x01, 0x08, 0x02, 0x07, 0x01, 0x08, 0x01, 0x0a, 0x01, 0x00,
    0x01, 0x04, 0x14, 0x00, 0x15, 0x00, 0x01, 0x05, 0x01, 0x0b, 0x01, 0x09, 0x01, 0x03, 0x02, 0x02, 0x01, 0x01, 0x01, 0x02,
    0x01, 0x01, 0x01, 0x02, 0x01, 0x03, 0x02, 0x02, 0x01, 0x03, 0x02, 0x02, 0x01, 0x03, 0x01, 0x04, 0x01, 0x0d, 0x01, 0x09,
    0x01, 0x06, 0x01, 0x0c, 0x01, 0x0d, 0x01, 0x08, 0x02, 0x07, 0x01, 0x08, 0x01, 0x07, 0x01, 0x08, 0x01, 0x06, 0x02, 0x05,
    0x13, 0x00, 0x15, 0x00, 0x01, 0x06, 0x01, 0x05, 0x01, 0x0c, 0x01, 0x0d, 0x01, 0x04, 0x01, 0x03, 0x01, 0x02, 0x02, 0x01,
    0x01, 0x02, 0x01, 0x03, 0x02, 0x02, 0x01, 0x03, 0x01, 0x02, 0x01, 0x09, 0x02, 0x0f, 0x01, 0x0e, 0x01, 0x05, 0x01, 0x0c,
    0x01, 0x0d, 0x01, 0x0c, 0x03, 0x07, 0x01, 0x08, 0x03, 0x07, 0x01, 0x05, 0x14, 0x00, 0x15, 0x00, 0x02, 0x0c, 0x01, 0x06,
    0x01, 0x0c, 0x01, 0x0f, 0x01, 0x0e, 0x01, 0x0b, 0x03, 0x04, 0x01, 0x03, 0x02, 0x04, 0x01, 0x05, 0x01, 0x0b, 0x01, 0x0f,
    0x01, 0x09, 0x01, 0x06, 0x01, 0x0a, 0x01, 0x06, 0x02, 0x0c, 0x02, 0x07, 0x01, 0x08, 0x05, 0x07, 0x15, 0x00, 0x14, 0x00,
    0x03, 0x0c, 0x01, 0x0d, 0x01, 0x09, 0x01, 0x0f, 0x01, 0x0e, 0x01, 0x0d, 0x01, 0x09, 0x07, 0x0f, 0x01, 0x06, 0x01, 0x04,
    0x01, 0x09, 0x01, 0x0a, 0x01, 0x09, 0x01, 0x0d, 0x01, 0x0c, 0x01, 0x07, 0x01, 0x0c, 0x06, 0x07, 0x01, 0x08, 0x14, 0x00,
    0x14, 0x00, 0x03, 0x0c, 0x01, 0x0f, 0x01, 0x0d, 0x02, 0x0b, 0x01, 0x09, 0x02, 0x04, 0x01, 0x06, 0x01, 0x0d, 0x01, 0x0f,
    0x01, 0x0b, 0x01, 0x06, 0x01, 0x04, 0x01, 0x03, 0x04, 0x06, 0x04, 0x0c, 0x06, 0x07, 0x01, 0x0c, 0x14, 0x00, 0x13, 0x00,
    0x05, 0x0c, 0x01, 0x08, 0x01, 0x0d, 0x01, 0x0a, 0x01, 0x09, 0x01, 0x04, 0x02, 0x03, 0x02, 0x04, 0x02, 0x03, 0x01, 0x02,
    0x01, 0x04, 0x03, 0x05, 0x01, 0x07, 0x04, 0x0c, 0x01, 0x07, 0x01, 0x08, 0x04, 0x07, 0x01, 0x08, 0x14, 0x00, 0x13, 0x00,
    0x02, 0x07, 0x02, 0x0c, 0x01, 0x07, 0x01, 0x06, 0x01, 0x0d, 0x02, 0x06, 0x01, 0x04, 0x02, 0x02, 0x01, 0x03, 0x02, 0x02,
    0x01, 0x01, 0x01, 0x03, 0x03, 0x05, 0x01, 0x06, 0x01, 0x07, 0x05, 0x0c, 0x06, 0x07, 0x14, 0x00, 0x13, 0x00, 0x03, 0x07,
    0x01, 0x0d, 0x01, 0x0c, 0x01, 0x08, 0x01, 0x0b, 0x02, 0x05, 0x01, 0x04, 0x05, 0x02, 0x01, 0x03, 0x01, 0x04, 0x04, 0x05,
    0x01, 0x07, 0x04, 0x0c, 0x07, 0x07, 0x01, 0x08, 0x13, 0x00, 0x13, 0x00, 0x01, 0x07, 0x02, 0x0c, 0x01, 0x0e, 0x01, 0x0c,
    0x01, 0x07, 0x01, 0x09, 0x03, 0x05, 0x01, 0x03, 0x01, 0x01, 0x03, 0x02, 0x01, 0x04, 0x01, 0x06, 0x04, 0x05, 0x01, 0x06,
    0x02, 0x0c, 0x01, 0x0f, 0x01, 0x0c, 0x01, 0x07, 0x01, 0x0c, 0x06, 0x07, 0x13, 0x00, 0x12, 0x00, 0x06, 0x0c, 0x02, 0x06,
    0x02, 0x05, 0x01, 0x06, 0x01, 0x04, 0x02, 0x02, 0x01, 0x01, 0x01, 0x03, 0x01, 0x05, 0x01, 0x04, 0x01, 0x05, 0x01, 0x06,
    0x01, 0x05, 0x01, 0x06, 0x01, 0x05, 0x01, 0x07, 0x01, 0x0c, 0x01, 0x0f, 0x01, 0x07, 0x02, 0x0c, 0x05, 0x07, 0x01, 0x08,
    0x13, 0x00, 0x12, 0x00, 0x04, 0x0c, 0x01, 0x0d, 0x01, 0x0c, 0x01, 0x06, 0x01, 0x09, 0x04, 0x05, 0x01, 0x03, 0x01, 0x02,
    0x01, 0x03, 0x03, 0x05, 0x01, 0x06, 0x02, 0x05, 0x02, 0x06, 0x02, 0x07, 0x01, 0x0e, 0x02, 0x0c, 0x01, 0x07, 0x02, 0x08,
    0x04, 0x07, 0x01, 0x0c, 0x12, 0x00, 0x12, 0x00, 0x04, 0x0c, 0x01, 0x0f, 0x01, 0x0c, 0x01, 0x08, 0x01, 0x0a, 0x04, 0x05,
    0x01, 0x04, 0x01, 0x03, 0x03, 0x05, 0x01, 0x06, 0x02, 0x05, 0x01, 0x06, 0x01, 0x09, 0x01, 0x06, 0x01, 0x08, 0x01, 0x0c,
    0x01, 0x0f, 0x04, 0x0c, 0x04, 0x07, 0x01, 0x08, 0x01, 0x0c, 0x12, 0x00, 0x12, 0x00, 0x01, 0x0c, 0x02, 0x08, 0x01, 0x0c,
    0x01, 0x0e, 0x01, 0x0c, 0x01, 0x08, 0x01, 0x0b, 0x02, 0x05, 0x01, 0x06, 0x01, 0x05, 0x01, 0x06, 0x03, 0x05, 0x01, 0x06,
    0x03, 0x05, 0x03, 0x06, 0x01, 0x07, 0x01, 0x0c, 0x01, 0x0e, 0x01, 0x0c, 0x01, 0x0b, 0x01, 0x08, 0x03, 0x06, 0x03, 0x07,
    0x01, 0x0c, 0x12, 0x00, 0x11, 0x00, 0x01, 0x05, 0x03, 0x04, 0x01, 0x05, 0x01, 0x06, 0x01, 0x07, 0x01, 0x06, 0x01, 0x0a,
    0x01, 0x06, 0x01, 0x05, 0x01, 0x06, 0x01, 0x09, 0x01, 0x06, 0x01, 0x04, 0x01, 0x05, 0x01, 0x06, 0x05, 0x05, 0x02, 0x09,
    0x01, 0x04, 0x01, 0x07, 0x01, 0x0c, 0x01, 0x09, 0x01, 0x05, 0x05, 0x04, 0x01, 0x05, 0x01, 0x08, 0x01, 0x0c, 0x12, 0x00,
    0x11, 0x00, 0x01, 0x05, 0x03, 0x04, 0x01, 0x05, 0x01, 0x06, 0x01, 0x07, 0x01, 0x09, 0x01, 0x0a, 0x01, 0x06, 0x01, 0x05,
    0x02, 0x06, 0x01, 0x04, 0x01, 0x05, 0x02, 0x06, 0x06, 0x05, 0x01, 0x08, 0x01, 0x05, 0x01, 0x0c, 0x01, 0x0a, 0x01, 0x05,
    0x07, 0x04, 0x01, 0x05, 0x01, 0x06, 0x12, 0x00, 0x11, 0x00, 0x01, 0x05, 0x01, 0x04, 0x02, 0x09, 0x01, 0x0b, 0x01, 0x0d,
    0x01, 0x08, 0x01, 0x0a, 0x01, 0x0e, 0x01, 0x09, 0x01, 0x0a, 0x03, 0x06, 0x01, 0x08, 0x01, 0x06, 0x05, 0x05, 0x01, 0x06,
    0x01, 0x09, 0x01, 0x0d, 0x01, 0x09, 0x01, 0x0c, 0x01, 0x0d, 0x04, 0x09, 0x02, 0x06, 0x03, 0x04, 0x01, 0x06, 0x12, 0x00,
    0x11, 0x00, 0x01, 0x05, 0x01, 0x0a, 0x01, 0x0e, 0x02, 0x0d, 0x01, 0x0e, 0x01, 0x07, 0x01, 0x09, 0x01, 0x0e, 0x06, 0x09,
    0x01, 0x06, 0x07, 0x09, 0x01, 0x0f, 0x01, 0x09, 0x01, 0x07, 0x01, 0x0c, 0x01, 0x0f, 0x01, 0x0d, 0x03, 0x0a, 0x01, 0x0b,
    0x01, 0x0d, 0x01, 0x05, 0x01, 0x04, 0x01, 0x06, 0x12, 0x00, 0x12, 0x00, 0x01, 0x0b, 0x02, 0x0a, 0x01, 0x0b, 0x01, 0x0d,
    0x01, 0x07, 0x01, 0x0d, 0x01, 0x0f, 0x01, 0x09, 0x05, 0x05, 0x02, 0x06, 0x04, 0x09, 0x02, 0x06, 0x02, 0x09, 0x01, 0x06,
    0x01, 0x0c, 0x01, 0x0e, 0x04, 0x09, 0x01, 0x08, 0x01, 0x0a, 0x01, 0x0d, 0x01, 0x05, 0x01, 0x06, 0x12, 0x00, 0x12, 0x00,
    0x01, 0x0e, 0x02, 0x0b, 0x01, 0x0e, 0x01, 0x0b, 0x01, 0x06, 0x01, 0x0b, 0x01, 0x0c, 0x01, 0x0a, 0x01, 0x09, 0x01, 0x06,
    0x02, 0x05, 0x01, 0x06, 0x03, 0x09, 0x01, 0x05, 0x02, 0x09, 0x01, 0x0d, 0x01, 0x09, 0x01, 0x0e, 0x01, 0x0d, 0x01, 0x05,
    0x01, 0x09, 0x01, 0x0f, 0x02, 0x0b, 0x04, 0x0a, 0x01, 0x0d, 0x01, 0x09, 0x13, 0x00, 0x12, 0x00, 0x01, 0x0f, 0x04, 0x0e,
    0x01, 0x05, 0x01, 0x0a, 0x01, 0x08, 0x01, 0x07, 0x03, 0x0c, 0x01, 0x0a, 0x02, 0x09, 0x01, 0x0d, 0x01, 0x0e, 0x01, 0x09,
    0x01, 0x0e, 0x01, 0x09, 0x01, 0x0d, 0x02, 0x0c, 0x01, 0x0e, 0x01, 0x06, 0x01, 0x0e, 0x01, 0x0f, 0x01, 0x0e, 0x02, 0x0d,
    0x02, 0x0b, 0x01, 0x0d, 0x01, 0x0e, 0x14, 0x00, 0x12, 0x00, 0x02, 0x0f, 0x01, 0x0d, 0x01, 0x0a, 0x01, 0x09, 0x02, 0x0d,
    0x05, 0x07, 0x05, 0x0c, 0x01, 0x0e, 0x01, 0x09, 0x01, 0x06, 0x01, 0x09, 0x04, 0x0c, 0x02, 0x09, 0x02, 0x0b, 0x01, 0x0d,
    0x01, 0x0e, 0x01, 0x0d, 0x01, 0x0e, 0x01, 0x0b, 0x14, 0x00, 0x13, 0x00, 0x02, 0x0e, 0x01, 0x06, 0x01, 0x07, 0x01, 0x08,
    0x01, 0x0c, 0x05, 0x07, 0x01, 0x08, 0x02, 0x0c, 0x02, 0x07, 0x01, 0x09, 0x02, 0x06, 0x01, 0x05, 0x01, 0x0a, 0x02, 0x07,
    0x01, 0x08, 0x01, 0x07, 0x01, 0x05, 0x02, 0x0b, 0x01, 0x0a, 0x01, 0x0b, 0x01, 0x0e, 0x01, 0x0b, 0x01, 0x06, 0x14, 0x00,
    0x14, 0x00, 0x01, 0x0e, 0x01, 0x08, 0x08, 0x07, 0x01, 0x08, 0x01, 0x07, 0x01, 0x08, 0x01, 0x07, 0x01, 0x08, 0x01, 0x06,
    0x04, 0x05, 0x01, 0x08, 0x01, 0x07, 0x02, 0x08, 0x02, 0x05, 0x03, 0x0d, 0x01, 0x0e, 0x01, 0x09, 0x15, 0x00, 0x14, 0x00,
    0x01, 0x0a, 0x01, 0x0c, 0x01, 0x07, 0x01, 0x08, 0x02, 0x07, 0x03, 0x08, 0x01, 0x07, 0x01, 0x08, 0x01, 0x07, 0x03, 0x08,
    0x01, 0x06, 0x04, 0x05, 0x01, 0x0a, 0x03, 0x07, 0x01, 0x08, 0x01, 0x05, 0x01, 0x06, 0x02, 0x0f, 0x02, 0x0c, 0x15, 0x00,
    0x15, 0x00, 0x01, 0x0c, 0x02, 0x08, 0x03, 0x07, 0x01, 0x08, 0x05, 0x0c, 0x01, 0x08, 0x01, 0x0c, 0x02, 0x05, 0x01, 0x06,
    0x01, 0x05, 0x01, 0x06, 0x01, 0x0c, 0x04, 0x07, 0x01, 0x08, 0x02, 0x09, 0x01, 0x0e, 0x01, 0x0c, 0x16, 0x00, 0x15, 0x00,
    0x01, 0x0e, 0x02, 0x0c, 0x01, 0x07, 0x01, 0x08, 0x02, 0x07, 0x01, 0x08, 0x01, 0x0c, 0x04, 0x0e, 0x01, 0x0c, 0x01, 0x0d,
    0x01, 0x0b, 0x01, 0x0e, 0x01, 0x09, 0x01, 0x0b, 0x01, 0x0c, 0x03, 0x07, 0x01, 0x08, 0x02, 0x0c, 0x01, 0x0b, 0x02, 0x0c,
    0x16, 0x00, 0x16, 0x00, 0x01, 0x0c, 0x01, 0x08, 0x04, 0x07, 0x02, 0x08, 0x01, 0x0c, 0x01, 0x0d, 0x02, 0x0f, 0x01, 0x0e,
    0x05, 0x0c, 0x02, 0x08, 0x02, 0x07, 0x03, 0x08, 0x03, 0x0c, 0x16, 0x00, 0x16, 0x00, 0x01, 0x0b, 0x02, 0x0c, 0x04, 0x08,
    0x01, 0x07, 0x01, 0x08, 0x01, 0x0c, 0x01, 0x0d, 0x01, 0x0e, 0x01, 0x0f, 0x02, 0x0c, 0x01, 0x08, 0x02, 0x07, 0x02, 0x08,
    0x04, 0x07, 0x02, 0x08, 0x02, 0x0c, 0x16, 0x00, 0x16, 0x00, 0x01, 0x06, 0x01, 0x05, 0x01, 0x06, 0x01, 0x07, 0x02, 0x08,
    0x04, 0x0c, 0x02, 0x0d, 0x01, 0x0e, 0x01, 0x0d, 0x06, 0x0c, 0x05, 0x08, 0x01, 0x0b, 0x02, 0x0a, 0x16, 0x00, 0x16, 0x00,
    0x02, 0x06, 0x01, 0x05, 0x04, 0x04, 0x01, 0x05, 0x01, 0x06, 0x03, 0x09, 0x01, 0x0b, 0x02, 0x09, 0x01, 0x08, 0x02, 0x07,
    0x01, 0x08, 0x01, 0x07, 0x02, 0x06, 0x03, 0x05, 0x02, 0x06, 0x17, 0x00, 0x17, 0x00, 0x02, 0x0f, 0x01, 0x0b, 0x02, 0x09,
    0x01, 0x06, 0x02, 0x09, 0x01, 0x0d, 0x02, 0x0e, 0x01, 0x0f, 0x01, 0x09, 0x01, 0x06, 0x01, 0x05, 0x07, 0x04, 0x01, 0x06,
    0x01, 0x0a, 0x01, 0x0d, 0x01, 0x0e, 0x17, 0x00, 0x17, 0x00, 0x02, 0x0e, 0x01, 0x0f, 0x01, 0x0d, 0x01, 0x0e, 0x02, 0x0f,
    0x03, 0x0e, 0x05, 0x0f, 0x01, 0x0e, 0x01, 0x0d, 0x03, 0x0a, 0x01, 0x0b, 0x01, 0x0e, 0x02, 0x0f, 0x02, 0x0e, 0x17, 0x00,
    0x17, 0x00, 0x01, 0x0f, 0x01, 0x0d, 0x02, 0x0e, 0x02, 0x0d, 0x04, 0x0b, 0x02, 0x0e, 0x05, 0x0f, 0x02, 0x0b, 0x01, 0x0d,
    0x01, 0x0e, 0x01, 0x0d, 0x01, 0x0b, 0x02, 0x0d, 0x01, 0x0e, 0x17, 0x00, 0x18, 0x00, 0x01, 0x0d, 0x03, 0x0b, 0x01, 0x0d,
    0x03, 0x0b, 0x01, 0x0d, 0x01, 0x0f, 0x01, 0x0e, 0x01, 0x00, 0x01, 0x0e, 0x02, 0x0d, 0x04, 0x0e, 0x03, 0x0b, 0x02, 0x0d,
    0x01, 0x0f, 0x17, 0x00, 0x18, 0x00, 0x01, 0x0f, 0x01, 0x0d, 0x05, 0x0b, 0x01, 0x0d, 0x02, 0x0e, 0x01, 0x0f, 0x01, 0x00,
    0x01, 0x0f, 0x01, 0x0e, 0x01, 0x0d, 0x01, 0x0b, 0x02, 0x0d, 0x04, 0x0b, 0x01, 0x0d, 0x02, 0x0e, 0x17, 0x00, 0x18, 0x00,
    0x01, 0x0f, 0x01, 0x0e, 0x02, 0x0d, 0x01, 0x0b, 0x01, 0x0d, 0x01, 0x0b, 0x01, 0x0d, 0x01, 0x0f, 0x01, 0x0e, 0x01, 0x0f,
    0x02, 0x00, 0x01, 0x0f, 0x01, 0x0e, 0x01, 0x0d, 0x06, 0x0b, 0x01, 0x0d, 0x01, 0x0e, 0x18, 0x00, 0x18, 0x00, 0x01, 0x0d,
    0x06, 0x0b, 0x01, 0x0d, 0x03, 0x0f, 0x02, 0x00, 0x01, 0x0f, 0x01, 0x0e, 0x04, 0x0d, 0x02, 0x0b, 0x01, 0x0d, 0x02, 0x0e,
    0x18, 0x00, 0x16, 0x00, 0x01, 0x0b, 0x01, 0x0d, 0x01, 0x0a, 0x06, 0x0b, 0x01, 0x0d, 0x01, 0x0f, 0x02, 0x0e, 0x02, 0x00,
    0x01, 0x0f, 0x01, 0x0d, 0x06, 0x0b, 0x01, 0x0d, 0x02, 0x0e, 0x18, 0x00, 0x15, 0x00, 0x01, 0x09, 0x02, 0x0a, 0x02, 0x0b,
    0x01, 0x0a, 0x02, 0x0b, 0x01, 0x0a, 0x01, 0x0d, 0x03, 0x0e, 0x01, 0x0f, 0x02, 0x00, 0x01, 0x0d, 0x01, 0x0b, 0x01, 0x0d,
    0x01, 0x0b, 0x02, 0x0d, 0x03, 0x0b, 0x01, 0x0d, 0x01, 0x0e, 0x18, 0x00, 0x15, 0x00, 0x02, 0x0b, 0x01, 0x0a, 0x01, 0x0d,
    0x03, 0x0a, 0x01, 0x0b, 0x01, 0x0d, 0x03, 0x0e, 0x01, 0x0f, 0x02, 0x00, 0x02, 0x0b, 0x02, 0x0d, 0x01, 0x0a, 0x01, 0x0d,
    0x01, 0x0b, 0x01, 0x0a, 0x01, 0x0d, 0x02, 0x0b, 0x01, 0x0e, 0x18, 0x00, 0x15, 0x00, 0x01, 0x0e, 0x06, 0x0b, 0x01, 0x0d,
    0x01, 0x0e, 0x02, 0x0f, 0x01, 0x0e, 0x03, 0x00, 0x01, 0x0f, 0x01, 0x0b, 0x01, 0x0d, 0x01, 0x0b, 0x01, 0x0a, 0x02, 0x0b,
    0x01, 0x0a, 0x01, 0x0d, 0x02, 0x0b, 0x01, 0x0f, 0x18, 0x00, 0x16, 0x00, 0x01, 0x09, 0x01, 0x06, 0x01, 0x0e, 0x01, 0x06,
    0x01, 0x0b, 0x01, 0x0f, 0x01, 0x0e, 0x01, 0x0f, 0x06, 0x00, 0x01, 0x0f, 0x01, 0x0d, 0x01, 0x0f, 0x01, 0x0d, 0x01, 0x0a,
    0x01, 0x0f, 0x01, 0x0d, 0x01, 0x0b, 0x01, 0x0e, 0x01, 0x0d, 0x01, 0x0e, 0x01, 0x0f, 0x18, 0x00, 0x25, 0x00, 0x02, 0x0e,
    0x01, 0x0a, 0x01, 0x09, 0x01, 0x0f, 0x01, 0x09, 0x01, 0x0b, 0x01, 0x0f, 0x01, 0x0e, 0x1a, 0x00, 0x48, 0x00, 0x48, 0x00,
    0x48, 0x00
};
const uint8_t kFailed1[] PROGMEM = {
    0x48, 0x00, 0x48, 0x00, 0x48, 0x00, 0x48, 0x00, 0x48, 0x00, 0x48, 0x00, 0x48, 0x00, 0x48, 0x00, 0x48, 0x00, 0x48, 0x00,
    0x48, 0x00, 0x48, 0x00, 0x48, 0x00, 0x48, 0x00, 0x48, 0x00, 0x48, 0x00, 0x48, 0x00, 0x48, 0x00, 0x48, 0x00, 0x20, 0x00,
    0x02, 0x03, 0x26, 0x00, 0x1f, 0x00, 0x01, 0x02, 0x01, 0x03, 0x27, 0x00, 0x1e, 0x00, 0x01, 0x03, 0x01, 0x01, 0x01, 0x03,
    0x0a, 0x00, 0x01, 0x0e, 0x1c, 0x00, 0x1d, 0x00, 0x01, 0x02, 0x01, 0x01, 0x02, 0x02, 0x02, 0x03, 0x01, 0x02, 0x01, 0x04,
    0x01, 0x03, 0x02, 0x04, 0x01, 0x00, 0x01, 0x0e, 0x01, 0x0d, 0x01, 0x0e, 0x02, 0x0f, 0x1a, 0x00, 0x19, 0x00, 0x01, 0x0e,
    0x02, 0x0d, 0x01, 0x0f, 0x01, 0x03, 0x01, 0x01, 0x02, 0x02, 0x03, 0x01, 0x01, 0x03, 0x01, 0x02, 0x01, 0x01, 0x01, 0x02,
    0x01, 0x04, 0x01, 0x0d, 0x03, 0x0b, 0x01, 0x0d, 0x01, 0x0f, 0x19, 0x00, 0x19, 0x00, 0x01, 0x0e, 0x01, 0x0b, 0x01, 0x0a,
    0x01, 0x0b, 0x01, 0x09, 0x01, 0x03, 0x02, 0x01, 0x05, 0x02, 0x01, 0x01, 0x01, 0x03, 0x01, 0x0a, 0x01, 0x09, 0x03, 0x0a,
    0x01, 0x0d, 0x01, 0x0e, 0x19, 0x00, 0x18, 0x00, 0x01, 0x0e, 0x02, 0x0d, 0x01, 0x0a, 0x01, 0x0b, 0x01, 0x0d, 0x01, 0x04,
    0x01, 0x03, 0x06, 0x02, 0x01, 0x01, 0x01, 0x03, 0x02, 0x0d, 0x02, 0x0f, 0x01, 0x0e, 0x01, 0x0a, 0x01, 0x0d, 0x19, 0x00,
    0x18, 0x00, 0x01, 0x0f, 0x01, 0x0e, 0x02, 0x0f, 0x01, 0x09, 0x01, 0x03, 0x01, 0x02, 0x01, 0x03, 0x08, 0x02, 0x01, 0x03,
    0x01, 0x0a, 0x02, 0x0f, 0x01, 0x0e, 0x01, 0x0a, 0x01, 0x0e, 0x19, 0x00, 0x18, 0x00, 0x01, 0x0f, 0x01, 0x0d, 0x02, 0x0f,
    0x01, 0x03, 0x01, 0x01, 0x01, 0x02, 0x02, 0x01, 0x07, 0x02, 0x01, 0x01, 0x01, 0x02, 0x01, 0x04, 0x01, 0x0f, 0x02, 0x0b,
    0x01, 0x0f, 0x19, 0x00, 0x18, 0x00, 0x01, 0x0f, 0x01, 0x0d, 0x01, 0x0f, 0x01, 0x04, 0x01, 0x01, 0x0d, 0x02, 0x01, 0x01,
    0x01, 0x03, 0x02, 0x0f, 0x01, 0x09, 0x06, 0x00, 0x01, 0x05, 0x01, 0x04, 0x01, 0x05, 0x10, 0x00, 0x19, 0x00, 0x02, 0x0f,
    0x01, 0x03, 0x03, 0x02, 0x01, 0x01, 0x01, 0x02, 0x01, 0x01, 0x09, 0x02, 0x01, 0x01, 0x02, 0x03, 0x01, 0x02, 0x06, 0x00,
    0x01, 0x05, 0x01, 0x04, 0x01, 0x06, 0x01, 0x09, 0x0f, 0x00, 0x1a, 0x00, 0x01, 0x04, 0x01, 0x01, 0x10, 0x02, 0x02, 0x01,
    0x01, 0x03, 0x05, 0x00, 0x01, 0x05, 0x01, 0x04, 0x01, 0x05, 0x01, 0x09, 0x10, 0x00, 0x1a, 0x00, 0x01, 0x02, 0x01, 0x01,
    0x02, 0x02, 0x01, 0x01, 0x07, 0x02, 0x01, 0x01, 0x07, 0x02, 0x01, 0x03, 0x04, 0x00, 0x01, 0x09, 0x02, 0x05, 0x01, 0x09,
    0x11, 0x00, 0x19, 0x00, 0x01, 0x03, 0x03, 0x02, 0x01, 0x01, 0x01, 0x02, 0x01, 0x03, 0x04, 0x02, 0x03, 0x03, 0x07, 0x02,
    0x01, 0x01, 0x01, 0x03, 0x02, 0x00, 0x01, 0x09, 0x02, 0x05, 0x02, 0x09, 0x11, 0x00, 0x1a, 0x00, 0x01, 0x03, 0x02, 0x02,
    0x02, 0x03, 0x01, 0x02, 0x01, 0x03, 0x02, 0x02, 0x01, 0x03, 0x02, 0x02, 0x02, 0x03, 0x06, 0x02, 0x01, 0x03, 0x01, 0x04,
    0x02, 0x00, 0x01, 0x09, 0x01, 0x05, 0x01, 0x06, 0x01, 0x09, 0x12, 0x00, 0x19, 0x00, 0x01, 0x03, 0x03, 0x02, 0x01, 0x03,
    0x01, 0x02, 0x01, 0x03, 0x01, 0x04, 0x03, 0x02, 0x03, 0x03, 0x01, 0x04, 0x02, 0x01, 0x05, 0x02, 0x01, 0x03, 0x01, 0x00,
    0x03, 0x05, 0x01, 0x0d, 0x01, 0x06, 0x12, 0x00, 0x19, 0x00, 0x02, 0x01, 0x01, 0x02, 0x01, 0x01, 0x01, 0x03, 0x01, 0x05,
    0x01, 0x0a, 0x01, 0x04, 0x01, 0x01, 0x01, 0x02, 0x01, 0x01, 0x01, 0x04, 0x01, 0x0f, 0x01, 0x0e, 0x01, 0x06, 0x02, 0x05,
    0x01, 0x03, 0x01, 0x01, 0x03, 0x02, 0x01, 0x03, 0x02, 0x05, 0x01, 0x04, 0x01, 0x09, 0x01, 0x0b, 0x01, 0x09, 0x12, 0x00,
    0x19, 0x00, 0x01, 0x03, 0x02, 0x02, 0x01, 0x04, 0x02, 0x0d, 0x01, 0x0e, 0x01, 0x06, 0x01, 0x02, 0x01, 0x03, 0x01, 0x02,
    0x01, 0x04, 0x01, 0x0f, 0x02, 0x0b, 0x01, 0x0e, 0x01, 0x0f, 0x01, 0x06, 0x03, 0x02, 0x01, 0x03, 0x01, 0x0a, 0x01, 0x09,
    0x01, 0x05, 0x01, 0x06, 0x01, 0x00, 0x01, 0x05, 0x02, 0x04, 0x11, 0x00, 0x19, 0x00, 0x01, 0x04, 0x02, 0x02, 0x01, 0x0a,
    0x01, 0x0f, 0x01, 0x0e, 0x01, 0x0f, 0x01, 0x06, 0x03, 0x01, 0x01, 0x02, 0x01, 0x09, 0x04, 0x0f, 0x01, 0x0a, 0x03, 0x02,
    0x01, 0x05, 0x01, 0x0d, 0x01, 0x05, 0x01, 0x06, 0x01, 0x09, 0x01, 0x00, 0x03, 0x04, 0x11, 0x00, 0x19, 0x00, 0x02, 0x03,
    0x01, 0x02, 0x01, 0x06, 0x02, 0x0f, 0x01, 0x09, 0x01, 0x02, 0x01, 0x03, 0x01, 0x04, 0x01, 0x03, 0x01, 0x01, 0x01, 0x02,
    0x01, 0x04, 0x01, 0x0a, 0x01, 0x0d, 0x01, 0x0a, 0x01, 0x04, 0x02, 0x02, 0x01, 0x05, 0x01, 0x0d, 0x01, 0x09, 0x01, 0x06,
    0x01, 0x09, 0x02, 0x00, 0x03, 0x04, 0x11, 0x00, 0x1a, 0x00, 0x01, 0x05, 0x02, 0x03, 0x02, 0x04, 0x01, 0x02, 0x01, 0x01,
    0x01, 0x04, 0x01, 0x0d, 0x01, 0x03, 0x01, 0x01, 0x01, 0x02, 0x01, 0x01, 0x01, 0x02, 0x01, 0x03, 0x01, 0x02, 0x01, 0x01,
    0x01, 0x03, 0x01, 0x04, 0x01, 0x0b, 0x01, 0x08, 0x01, 0x0d, 0x02, 0x09, 0x02, 0x00, 0x01, 0x05, 0x02, 0x04, 0x01, 0x05,
    0x10, 0x00, 0x1b, 0x00, 0x01, 0x05, 0x01, 0x03, 0x02, 0x01, 0x02, 0x02, 0x01, 0x01, 0x03, 0x02, 0x01, 0x01, 0x02, 0x02,
    0x01, 0x01, 0x01, 0x02, 0x01, 0x03, 0x02, 0x09, 0x01, 0x05, 0x01, 0x0c, 0x01, 0x0e, 0x01, 0x0b, 0x01, 0x09, 0x02, 0x00,
    0x01, 0x09, 0x02, 0x05, 0x01, 0x06, 0x10, 0x00, 0x1a, 0x00, 0x01, 0x05, 0x02, 0x0a, 0x01, 0x03, 0x01, 0x02, 0x02, 0x01,
    0x01, 0x03, 0x01, 0x04, 0x01, 0x03, 0x01, 0x04, 0x01, 0x03, 0x01, 0x01, 0x02, 0x03, 0x01, 0x05, 0x01, 0x0d, 0x01, 0x09,
    0x01, 0x06, 0x02, 0x0c, 0x02, 0x07, 0x01, 0x0c, 0x02, 0x00, 0x02, 0x09, 0x01, 0x06, 0x11, 0x00, 0x1a, 0x00, 0x01, 0x05,
    0x01, 0x06, 0x01, 0x0d, 0x01, 0x0f, 0x01, 0x09, 0x01, 0x04, 0x02, 0x03, 0x01, 0x02, 0x03, 0x03, 0x01, 0x04, 0x01, 0x0e,
    0x02, 0x0f, 0x01, 0x05, 0x01, 0x07, 0x02, 0x0c, 0x03, 0x07, 0x02, 0x0c, 0x01, 0x00, 0x02, 0x04, 0x12, 0x00, 0x1a, 0x00,
    0x02, 0x0c, 0x01, 0x06, 0x01, 0x0c, 0x03, 0x0f, 0x01, 0x0e, 0x01, 0x06, 0x01, 0x0d, 0x01, 0x0a, 0x01, 0x0d, 0x01, 0x0f,
    0x01, 0x0e, 0x02, 0x0a, 0x01, 0x06, 0x03, 0x0c, 0x02, 0x07, 0x01, 0x08, 0x01, 0x07, 0x01, 0x0c, 0x01, 0x06, 0x01, 0x00,
    0x01, 0x04, 0x12, 0x00, 0x1a, 0x00, 0x01, 0x07, 0x01, 0x0c, 0x01, 0x0d, 0x01, 0x0a, 0x01, 0x0e, 0x01, 0x0a, 0x01, 0x05,
    0x01, 0x0b, 0x04, 0x0f, 0x01, 0x0d, 0x01, 0x05, 0x01, 0x06, 0x01, 0x0a, 0x01, 0x09, 0x02, 0x0c, 0x01, 0x07, 0x01, 0x08,
    0x05, 0x07, 0x01, 0x04, 0x01, 0x05, 0x12, 0x00, 0x19, 0x00, 0x01, 0x08, 0x01, 0x07, 0x02, 0x0c, 0x01, 0x0a, 0x01, 0x0d,
    0x01, 0x0a, 0x02, 0x04, 0x01, 0x05, 0x01, 0x0b, 0x01, 0x06, 0x01, 0x04, 0x01, 0x03, 0x01, 0x04, 0x02, 0x06, 0x01, 0x09,
    0x01, 0x0c, 0x01, 0x07, 0x01, 0x08, 0x06, 0x07, 0x02, 0x05, 0x12, 0x00, 0x19, 0x00, 0x02, 0x08, 0x01, 0x0c, 0x01, 0x07,
    0x02, 0x0a, 0x01, 0x06, 0x01, 0x04, 0x01, 0x02, 0x03, 0x03, 0x01, 0x01, 0x01, 0x03, 0x02, 0x05, 0x01, 0x06, 0x01, 0x07,
    0x02, 0x08, 0x01, 0x0c, 0x05, 0x07, 0x01, 0x08, 0x14, 0x00, 0x18, 0x00, 0x02, 0x07, 0x01, 0x08, 0x01, 0x0c, 0x01, 0x08,
    0x01, 0x0a, 0x01, 0x06, 0x01, 0x05, 0x01, 0x04, 0x01, 0x02, 0x01, 0x03, 0x02, 0x02, 0x01, 0x03, 0x01, 0x06, 0x02, 0x05,
    0x01, 0x06, 0x01, 0x08, 0x03, 0x0c, 0x06, 0x07, 0x01, 0x0c, 0x13, 0x00, 0x18, 0x00, 0x02, 0x07, 0x01, 0x0c, 0x01, 0x0d,
    0x01, 0x08, 0x01, 0x09, 0x03, 0x05, 0x03, 0x02, 0x01, 0x03, 0x01, 0x06, 0x02, 0x05, 0x02, 0x06, 0x01, 0x07, 0x03, 0x0c,
    0x06, 0x07, 0x01, 0x0c, 0x13, 0x00, 0x17, 0x00, 0x03, 0x07, 0x02, 0x0c, 0x01, 0x07, 0x01, 0x06, 0x03, 0x05, 0x01, 0x04,
    0x01, 0x02, 0x01, 0x03, 0x03, 0x05, 0x01, 0x06, 0x02, 0x05, 0x01, 0x07, 0x03, 0x0c, 0x01, 0x07, 0x01, 0x08, 0x05, 0x07,
    0x13, 0x00, 0x17, 0x00, 0x04, 0x0c, 0x01, 0x0e, 0x02, 0x0a, 0x04, 0x06, 0x01, 0x04, 0x02, 0x05, 0x01, 0x06, 0x01, 0x09,
    0x04, 0x06, 0x01, 0x0c, 0x01, 0x0f, 0x01, 0x08, 0x01, 0x0c, 0x01, 0x08, 0x04, 0x07, 0x01, 0x0c, 0x13, 0x00, 0x16, 0x00,
    0x02, 0x05, 0x01, 0x06, 0x01, 0x0a, 0x01, 0x0d, 0x01, 0x0c, 0x01, 0x0d, 0x01, 0x0a, 0x02, 0x05, 0x01, 0x06, 0x02, 0x05,
    0x06, 0x06, 0x02, 0x09, 0x01, 0x0c, 0x01, 0x0e, 0x01, 0x0c, 0x02, 0x07, 0x02, 0x08, 0x02, 0x07, 0x01, 0x08, 0x01, 0x0c,
    0x12, 0x00, 0x15, 0x00, 0x04, 0x04, 0x01, 0x05, 0x01, 0x0c, 0x02, 0x0a, 0x02, 0x05, 0x02, 0x06, 0x01, 0x05, 0x02, 0x06,
    0x01, 0x05, 0x01, 0x04, 0x03, 0x05, 0x01, 0x09, 0x01, 0x06, 0x01, 0x08, 0x01, 0x0f, 0x01, 0x0c, 0x01, 0x07, 0x04, 0x0c,
    0x02, 0x07, 0x01, 0x0c, 0x12, 0x00, 0x14, 0x00, 0x01, 0x09, 0x01, 0x06, 0x02, 0x0a, 0x02, 0x09, 0x01, 0x0a, 0x02, 0x0b,
    0x03, 0x09, 0x01, 0x06, 0x01, 0x09, 0x04, 0x06, 0x01, 0x05, 0x01, 0x04, 0x01, 0x05, 0x01, 0x06, 0x01, 0x09, 0x01, 0x05,
    0x03, 0x0c, 0x01, 0x08, 0x01, 0x06, 0x01, 0x05, 0x01, 0x06, 0x01, 0x07, 0x02, 0x0c, 0x12, 0x00, 0x14, 0x00, 0x01, 0x0a,
    0x01, 0x09, 0x01, 0x0a, 0x01, 0x0b, 0x01, 0x0f, 0x01, 0x0b, 0x01, 0x06, 0x01, 0x0f, 0x01, 0x0e, 0x01, 0x09, 0x04, 0x05,
    0x01, 0x06, 0x01, 0x09, 0x01, 0x0b, 0x01, 0x09, 0x04, 0x06, 0x01, 0x0a, 0x01, 0x0b, 0x01, 0x0e, 0x01, 0x09, 0x06, 0x04,
    0x01, 0x05, 0x01, 0x09, 0x12, 0x00, 0x12, 0x00, 0x02, 0x09, 0x03, 0x0a, 0x03, 0x06, 0x01, 0x08, 0x01, 0x0c, 0x01, 0x08,
    0x01, 0x09, 0x01, 0x06, 0x04, 0x05, 0x01, 0x09, 0x01, 0x05, 0x01, 0x06, 0x03, 0x09, 0x01, 0x0e, 0x01, 0x0d, 0x01, 0x09,
    0x01, 0x0b, 0x08, 0x04, 0x01, 0x06, 0x12, 0x00, 0x10, 0x00, 0x03, 0x09, 0x04, 0x0a, 0x01, 0x09, 0x01, 0x0a, 0x01, 0x09,
    0x01, 0x05, 0x02, 0x07, 0x04, 0x08, 0x02, 0x09, 0x01, 0x0d, 0x01, 0x09, 0x01, 0x0e, 0x01, 0x09, 0x02, 0x08, 0x01, 0x0c,
    0x01, 0x0e, 0x02, 0x06, 0x02, 0x04, 0x01, 0x05, 0x01, 0x06, 0x01, 0x09, 0x01, 0x06, 0x01, 0x05, 0x01, 0x04, 0x01, 0x05,
    0x12, 0x00, 0x10, 0x00, 0x01, 0x09, 0x02, 0x06, 0x01, 0x09, 0x01, 0x06, 0x01, 0x09, 0x02, 0x0a, 0x01, 0x09, 0x01, 0x0a,
    0x01, 0x09, 0x01, 0x04, 0x01, 0x07, 0x01, 0x08, 0x01, 0x07, 0x02, 0x08, 0x01, 0x0a, 0x01, 0x0b, 0x03, 0x09, 0x01, 0x06,
    0x02, 0x05, 0x01, 0x07, 0x01, 0x08, 0x01, 0x0a, 0x02, 0x09, 0x01, 0x0d, 0x04, 0x0a, 0x01, 0x0e, 0x01, 0x0b, 0x01, 0x06,
    0x12, 0x00, 0x0f, 0x00, 0x01, 0x09, 0x03, 0x06, 0x01, 0x09, 0x01, 0x05, 0x03, 0x0a, 0x02, 0x09, 0x01, 0x0d, 0x02, 0x06,
    0x02, 0x0c, 0x01, 0x08, 0x01, 0x09, 0x01, 0x06, 0x01, 0x09, 0x01, 0x05, 0x01, 0x06, 0x01, 0x09, 0x02, 0x0a, 0x01, 0x06,
    0x01, 0x05, 0x02, 0x08, 0x02, 0x0e, 0x01, 0x0a, 0x04, 0x09, 0x01, 0x0a, 0x02, 0x0d, 0x12, 0x00, 0x0f, 0x00, 0x02, 0x06,
    0x01, 0x0d, 0x01, 0x0b, 0x01, 0x0d, 0x02, 0x0a, 0x01, 0x09, 0x03, 0x0a, 0x01, 0x0b, 0x01, 0x0a, 0x01, 0x06, 0x01, 0x08,
    0x02, 0x0c, 0x02, 0x05, 0x01, 0x06, 0x01, 0x05, 0x01, 0x06, 0x01, 0x09, 0x01, 0x06, 0x02, 0x0a, 0x01, 0x09, 0x01, 0x05,
    0x01, 0x08, 0x01, 0x0c, 0x01, 0x0f, 0x04, 0x09, 0x01, 0x0a, 0x01, 0x0b, 0x01, 0x0e, 0x13, 0x00, 0x0f, 0x00, 0x01, 0x09,
    0x01, 0x0a, 0x01, 0x0b, 0x08, 0x0a, 0x01, 0x0b, 0x01, 0x0d, 0x01, 0x09, 0x01, 0x0a, 0x01, 0x0d, 0x01, 0x0f, 0x03, 0x09,
    0x01, 0x06, 0x01, 0x09, 0x01, 0x05, 0x01, 0x06, 0x01, 0x0a, 0x01, 0x09, 0x01, 0x0d, 0x01, 0x06, 0x01, 0x08, 0x01, 0x0c,
    0x01, 0x0e, 0x01, 0x0b, 0x03, 0x0a, 0x02, 0x0b, 0x01, 0x0f, 0x13, 0x00, 0x10, 0x00, 0x02, 0x0a, 0x01, 0x0b, 0x01, 0x0d,
    0x01, 0x0b, 0x01, 0x0d, 0x01, 0x0b, 0x01, 0x0a, 0x02, 0x0b, 0x01, 0x0d, 0x01, 0x0f, 0x02, 0x0b, 0x01, 0x0d, 0x01, 0x0f,
    0x01, 0x0b, 0x02, 0x0a, 0x01, 0x0b, 0x01, 0x0a, 0x01, 0x05, 0x01, 0x06, 0x01, 0x0b, 0x01, 0x0a, 0x01, 0x0b, 0x01, 0x0a,
    0x01, 0x09, 0x01, 0x0c, 0x02, 0x0e, 0x04, 0x0b, 0x01, 0x0d, 0x01, 0x0e, 0x13, 0x00, 0x10, 0x00, 0x03, 0x0d, 0x01, 0x09,
    0x01, 0x0d, 0x01, 0x0e, 0x01, 0x0d, 0x01, 0x0a, 0x01, 0x0d, 0x02, 0x0e, 0x01, 0x0f, 0x01, 0x0d, 0x01, 0x0b, 0x01, 0x0d,
    0x01, 0x0e, 0x05, 0x0a, 0x01, 0x09, 0x01, 0x0a, 0x03, 0x0b, 0x01, 0x0e, 0x01, 0x0a, 0x01, 0x0c, 0x02, 0x0e, 0x06, 0x0a,
    0x01, 0x0d, 0x12, 0x00, 0x10, 0x00, 0x01, 0x0e, 0x01, 0x0d, 0x01, 0x0a, 0x02, 0x09, 0x02, 0x0d, 0x01, 0x0a, 0x01, 0x0e,
    0x01, 0x0f, 0x01, 0x0e, 0x01, 0x0f, 0x01, 0x0e, 0x01, 0x0d, 0x03, 0x0e, 0x01, 0x0d, 0x02, 0x0b, 0x02, 0x09, 0x01, 0x0a,
    0x01, 0x0d, 0x01, 0x0b, 0x01, 0x0d, 0x01, 0x0e, 0x01, 0x0b, 0x01, 0x0d, 0x01, 0x0e, 0x01, 0x0b, 0x03, 0x0a, 0x02, 0x0b,
    0x02, 0x0a, 0x01, 0x0d, 0x11, 0x00, 0x11, 0x00, 0x01, 0x0d, 0x03, 0x09, 0x01, 0x0a, 0x02, 0x0d, 0x01, 0x0f, 0x01, 0x0e,
    0x02, 0x0f, 0x01, 0x0b, 0x01, 0x0c, 0x02, 0x0e, 0x01, 0x0d, 0x02, 0x09, 0x01, 0x0a, 0x01, 0x0d, 0x01, 0x0a, 0x01, 0x0b,
    0x03, 0x0e, 0x01, 0x0f, 0x01, 0x0b, 0x01, 0x0d, 0x01, 0x0f, 0x01, 0x0a, 0x02, 0x0b, 0x02, 0x09, 0x02, 0x0a, 0x01, 0x09,
    0x01, 0x0b, 0x01, 0x0e, 0x10, 0x00, 0x11, 0x00, 0x01, 0x0e, 0x01, 0x0b, 0x02, 0x09, 0x01, 0x0b, 0x01, 0x0e, 0x02, 0x0f,
    0x01, 0x0e, 0x02, 0x0f, 0x01, 0x0e, 0x01, 0x0d, 0x01, 0x0e, 0x01, 0x0d, 0x01, 0x0a, 0x03, 0x09, 0x03, 0x0b, 0x02, 0x0e,
    0x01, 0x0f, 0x01, 0x0e, 0x01, 0x0b, 0x01, 0x0c, 0x01, 0x0f, 0x01, 0x0e, 0x01, 0x0a, 0x01, 0x0d, 0x01, 0x0a, 0x01, 0x09,
    0x01, 0x0a, 0x01, 0x0d, 0x01, 0x0b, 0x02, 0x0e, 0x10, 0x00, 0x12, 0x00, 0x01, 0x0e, 0x04, 0x0d, 0x03, 0x0f, 0x04, 0x00,
    0x02, 0x0d, 0x01, 0x0a, 0x03, 0x09, 0x02, 0x0b, 0x01, 0x0d, 0x02, 0x0e, 0x01, 0x0f, 0x01, 0x0d, 0x01, 0x0e, 0x03, 0x0f,
    0x01, 0x0b, 0x01, 0x0d, 0x01, 0x0f, 0x01, 0x0e, 0x01, 0x09, 0x01, 0x0d, 0x01, 0x0a, 0x01, 0x0e, 0x11, 0x00, 0x13, 0x00,
    0x01, 0x0f, 0x03, 0x0e, 0x08, 0x00, 0x02, 0x0d, 0x01, 0x0b, 0x01, 0x09, 0x03, 0x0b, 0x01, 0x0e, 0x01, 0x0f, 0x01, 0x0e,
    0x01, 0x0d, 0x1e, 0x00, 0x20, 0x00, 0x01, 0x0e, 0x02, 0x0d, 0x02, 0x0b, 0x01, 0x0e, 0x01, 0x0f, 0x21, 0x00, 0x21, 0x00,
    0x01, 0x0e, 0x02, 0x0d, 0x01, 0x0e, 0x23, 0x00, 0x48, 0x00, 0x48, 0x00
};
const uint8_t kFailed2[] PROGMEM = {
    0x48, 0x00, 0x48, 0x00, 0x1b, 0x00, 0x02, 0x03, 0x2b, 0x00, 0x1a, 0x00, 0x02, 0x02, 0x01, 0x03, 0x2b, 0x00, 0x19, 0x00,
    0x01, 0x03, 0x01, 0x01, 0x01, 0x03, 0x2c, 0x00, 0x18, 0x00, 0x01, 0x03, 0x01, 0x01, 0x03, 0x02, 0x01, 0x04, 0x03, 0x03,
    0x01, 0x04, 0x01, 0x03, 0x02, 0x00, 0x01, 0x0d, 0x03, 0x0e, 0x1f, 0x00, 0x16, 0x00, 0x01, 0x0d, 0x01, 0x00, 0x01, 0x03,
    0x01, 0x01, 0x02, 0x02, 0x01, 0x01, 0x01, 0x02, 0x01, 0x01, 0x01, 0x02, 0x01, 0x03, 0x02, 0x02, 0x01, 0x04, 0x03, 0x0b,
    0x01, 0x0d, 0x02, 0x0e, 0x1e, 0x00, 0x15, 0x00, 0x01, 0x0b, 0x01, 0x0a, 0x01, 0x0b, 0x01, 0x06, 0x01, 0x03, 0x01, 0x02,
    0x01, 0x01, 0x06, 0x02, 0x01, 0x01, 0x01, 0x04, 0x01, 0x0a, 0x02, 0x06, 0x01, 0x09, 0x01, 0x0a, 0x01, 0x0d, 0x01, 0x0f,
    0x1d, 0x00, 0x14, 0x00, 0x01, 0x0b, 0x02, 0x09, 0x01, 0x08, 0x01, 0x0e, 0x01, 0x09, 0x01, 0x04, 0x01, 0x03, 0x07, 0x02,
    0x01, 0x06, 0x01, 0x0b, 0x01, 0x06, 0x02, 0x0b, 0x02, 0x0a, 0x01, 0x0f, 0x1d, 0x00, 0x13, 0x00, 0x01, 0x0e, 0x01, 0x0b,
    0x01, 0x0a, 0x01, 0x0b, 0x01, 0x0a, 0x01, 0x06, 0x03, 0x03, 0x07, 0x02, 0x01, 0x04, 0x01, 0x0e, 0x03, 0x0f, 0x02, 0x0b,
    0x01, 0x0e, 0x1d, 0x00, 0x13, 0x00, 0x01, 0x0e, 0x01, 0x0a, 0x01, 0x0d, 0x01, 0x0f, 0x01, 0x0b, 0x01, 0x03, 0x01, 0x01,
    0x09, 0x02, 0x01, 0x01, 0x01, 0x03, 0x01, 0x06, 0x02, 0x0f, 0x01, 0x0b, 0x01, 0x0d, 0x01, 0x0f, 0x09, 0x00, 0x01, 0x04,
    0x13, 0x00, 0x13, 0x00, 0x01, 0x0f, 0x01, 0x0b, 0x01, 0x0d, 0x01, 0x0f, 0x01, 0x04, 0x01, 0x01, 0x0d, 0x02, 0x01, 0x03,
    0x01, 0x0a, 0x02, 0x0f, 0x01, 0x0a, 0x08, 0x00, 0x01, 0x05, 0x01, 0x04, 0x01, 0x05, 0x12, 0x00, 0x14, 0x00, 0x01, 0x0d,
    0x01, 0x0e, 0x01, 0x09, 0x10, 0x02, 0x01, 0x03, 0x01, 0x06, 0x01, 0x04, 0x01, 0x03, 0x07, 0x00, 0x01, 0x06, 0x02, 0x05,
    0x02, 0x09, 0x11, 0x00, 0x14, 0x00, 0x02, 0x0f, 0x01, 0x04, 0x01, 0x01, 0x02, 0x02, 0x01, 0x01, 0x0d, 0x02, 0x01, 0x01,
    0x01, 0x02, 0x02, 0x03, 0x06, 0x00, 0x01, 0x05, 0x01, 0x04, 0x01, 0x05, 0x01, 0x09, 0x12, 0x00, 0x15, 0x00, 0x01, 0x04,
    0x03, 0x02, 0x01, 0x01, 0x06, 0x02, 0x01, 0x03, 0x0a, 0x02, 0x01, 0x04, 0x05, 0x00, 0x01, 0x05, 0x01, 0x04, 0x01, 0x05,
    0x01, 0x09, 0x13, 0x00, 0x15, 0x00, 0x01, 0x03, 0x03, 0x02, 0x03, 0x03, 0x03, 0x02, 0x01, 0x03, 0x01, 0x02, 0x02, 0x03,
    0x09, 0x02, 0x01, 0x03, 0x03, 0x00, 0x01, 0x09, 0x01, 0x05, 0x01, 0x06, 0x01, 0x09, 0x14, 0x00, 0x15, 0x00, 0x01, 0x04,
    0x02, 0x02, 0x02, 0x03, 0x01, 0x01, 0x02, 0x03, 0x02, 0x02, 0x01, 0x03, 0x02, 0x02, 0x02, 0x03, 0x01, 0x01, 0x06, 0x02,
    0x01, 0x04, 0x01, 0x03, 0x03, 0x00, 0x01, 0x06, 0x01, 0x05, 0x01, 0x06, 0x01, 0x0a, 0x14, 0x00, 0x15, 0x00, 0x01, 0x04,
    0x02, 0x02, 0x01, 0x03, 0x02, 0x04, 0x01, 0x09, 0x01, 0x03, 0x02, 0x02, 0x01, 0x03, 0x02, 0x05, 0x01, 0x0a, 0x01, 0x04,
    0x01, 0x03, 0x06, 0x02, 0x01, 0x03, 0x01, 0x04, 0x02, 0x00, 0x02, 0x05, 0x01, 0x09, 0x01, 0x0b, 0x01, 0x06, 0x14, 0x00,
    0x15, 0x00, 0x01, 0x03, 0x01, 0x01, 0x01, 0x02, 0x01, 0x04, 0x03, 0x0f, 0x01, 0x03, 0x03, 0x02, 0x01, 0x09, 0x01, 0x0f,
    0x02, 0x0e, 0x01, 0x0d, 0x01, 0x09, 0x01, 0x03, 0x01, 0x01, 0x03, 0x02, 0x02, 0x03, 0x01, 0x00, 0x01, 0x06, 0x01, 0x04,
    0x01, 0x05, 0x02, 0x0b, 0x01, 0x09, 0x14, 0x00, 0x15, 0x00, 0x01, 0x02, 0x01, 0x03, 0x01, 0x04, 0x01, 0x0e, 0x01, 0x0d,
    0x01, 0x0b, 0x01, 0x0e, 0x01, 0x04, 0x01, 0x02, 0x01, 0x03, 0x01, 0x02, 0x01, 0x06, 0x01, 0x0f, 0x02, 0x0b, 0x01, 0x0e,
    0x01, 0x0f, 0x01, 0x09, 0x04, 0x02, 0x01, 0x06, 0x01, 0x0f, 0x01, 0x06, 0x02, 0x05, 0x01, 0x09, 0x01, 0x00, 0x01, 0x09,
    0x01, 0x05, 0x14, 0x00, 0x15, 0x00, 0x01, 0x04, 0x01, 0x09, 0x01, 0x0b, 0x01, 0x09, 0x01, 0x0b, 0x01, 0x0d, 0x01, 0x0f,
    0x01, 0x04, 0x01, 0x01, 0x02, 0x02, 0x01, 0x03, 0x03, 0x0f, 0x02, 0x0d, 0x01, 0x0b, 0x01, 0x03, 0x02, 0x02, 0x01, 0x03,
    0x01, 0x0f, 0x01, 0x0b, 0x01, 0x06, 0x01, 0x05, 0x01, 0x0a, 0x02, 0x00, 0x01, 0x06, 0x02, 0x04, 0x13, 0x00, 0x14, 0x00,
    0x06, 0x09, 0x01, 0x0e, 0x01, 0x06, 0x01, 0x02, 0x01, 0x03, 0x01, 0x04, 0x01, 0x03, 0x01, 0x01, 0x01, 0x03, 0x01, 0x05,
    0x01, 0x0e, 0x02, 0x0d, 0x01, 0x04, 0x01, 0x02, 0x01, 0x01, 0x01, 0x04, 0x01, 0x0d, 0x01, 0x09, 0x01, 0x0a, 0x01, 0x09,
    0x01, 0x06, 0x01, 0x0d, 0x02, 0x00, 0x01, 0x05, 0x02, 0x04, 0x13, 0x00, 0x14, 0x00, 0x01, 0x09, 0x03, 0x06, 0x02, 0x09,
    0x01, 0x0a, 0x01, 0x04, 0x01, 0x02, 0x01, 0x0d, 0x01, 0x09, 0x01, 0x02, 0x03, 0x01, 0x03, 0x03, 0x01, 0x02, 0x01, 0x03,
    0x01, 0x04, 0x02, 0x06, 0x01, 0x08, 0x01, 0x0e, 0x02, 0x09, 0x03, 0x00, 0x01, 0x05, 0x02, 0x04, 0x13, 0x00, 0x14, 0x00,
    0x01, 0x0a, 0x04, 0x09, 0x01, 0x06, 0x01, 0x0b, 0x01, 0x05, 0x01, 0x01, 0x02, 0x02, 0x01, 0x01, 0x03, 0x02, 0x02, 0x01,
    0x01, 0x02, 0x01, 0x03, 0x01, 0x05, 0x01, 0x06, 0x01, 0x05, 0x01, 0x08, 0x02, 0x0c, 0x01, 0x0b, 0x01, 0x06, 0x03, 0x00,
    0x01, 0x06, 0x01, 0x04, 0x01, 0x06, 0x13, 0x00, 0x13, 0x00, 0x01, 0x0b, 0x04, 0x0a, 0x01, 0x09, 0x01, 0x0b, 0x01, 0x0a,
    0x01, 0x03, 0x01, 0x02, 0x05, 0x03, 0x01, 0x01, 0x02, 0x03, 0x01, 0x04, 0x01, 0x0b, 0x01, 0x06, 0x01, 0x05, 0x01, 0x07,
    0x01, 0x0e, 0x01, 0x0c, 0x02, 0x07, 0x01, 0x0c, 0x02, 0x00, 0x01, 0x06, 0x01, 0x09, 0x01, 0x06, 0x01, 0x09, 0x13, 0x00,
    0x13, 0x00, 0x01, 0x0d, 0x01, 0x0b, 0x01, 0x0a, 0x02, 0x0b, 0x01, 0x0a, 0x01, 0x0d, 0x01, 0x0a, 0x02, 0x03, 0x02, 0x02,
    0x01, 0x03, 0x01, 0x02, 0x01, 0x03, 0x01, 0x04, 0x02, 0x0f, 0x01, 0x0e, 0x01, 0x05, 0x02, 0x07, 0x02, 0x0c, 0x04, 0x07,
    0x01, 0x0c, 0x02, 0x00, 0x01, 0x04, 0x15, 0x00, 0x13, 0x00, 0x05, 0x0b, 0x01, 0x0d, 0x01, 0x0e, 0x02, 0x0f, 0x01, 0x0e,
    0x02, 0x09, 0x01, 0x0d, 0x01, 0x0a, 0x01, 0x0d, 0x02, 0x0f, 0x01, 0x0d, 0x02, 0x06, 0x01, 0x07, 0x02, 0x0c, 0x03, 0x07,
    0x01, 0x08, 0x01, 0x07, 0x01, 0x08, 0x02, 0x00, 0x02, 0x04, 0x14, 0x00, 0x12, 0x00, 0x02, 0x0a, 0x03, 0x0b, 0x01, 0x0d,
    0x01, 0x0f, 0x01, 0x0e, 0x01, 0x0c, 0x01, 0x0f, 0x01, 0x0d, 0x05, 0x0f, 0x01, 0x0e, 0x01, 0x06, 0x01, 0x04, 0x01, 0x09,
    0x01, 0x06, 0x04, 0x0c, 0x02, 0x07, 0x02, 0x08, 0x01, 0x07, 0x01, 0x0c, 0x03, 0x04, 0x14, 0x00, 0x12, 0x00, 0x01, 0x0b,
    0x01, 0x0a, 0x02, 0x0d, 0x01, 0x0b, 0x01, 0x0d, 0x02, 0x0e, 0x01, 0x0d, 0x01, 0x0e, 0x01, 0x06, 0x01, 0x04, 0x01, 0x09,
    0x01, 0x0e, 0x01, 0x0b, 0x01, 0x06, 0x02, 0x04, 0x01, 0x06, 0x02, 0x0a, 0x01, 0x0d, 0x02, 0x0c, 0x06, 0x07, 0x01, 0x0c,
    0x02, 0x04, 0x01, 0x05, 0x14, 0x00, 0x12, 0x00, 0x01, 0x0d, 0x01, 0x0b, 0x05, 0x0d, 0x01, 0x0f, 0x02, 0x0d, 0x01, 0x06,
    0x01, 0x04, 0x01, 0x03, 0x02, 0x04, 0x01, 0x03, 0x01, 0x02, 0x01, 0x04, 0x01, 0x05, 0x01, 0x06, 0x01, 0x08, 0x02, 0x0c,
    0x01, 0x08, 0x06, 0x07, 0x01, 0x08, 0x17, 0x00, 0x11, 0x00, 0x01, 0x09, 0x05, 0x0d, 0x01, 0x0b, 0x01, 0x0e, 0x01, 0x0f,
    0x02, 0x0d, 0x01, 0x05, 0x01, 0x02, 0x01, 0x03, 0x01, 0x02, 0x01, 0x03, 0x01, 0x02, 0x01, 0x03, 0x03, 0x05, 0x01, 0x07,
    0x02, 0x0c, 0x01, 0x08, 0x06, 0x07, 0x01, 0x08, 0x17, 0x00, 0x11, 0x00, 0x01, 0x05, 0x01, 0x0f, 0x01, 0x0d, 0x03, 0x0b,
    0x01, 0x0d, 0x02, 0x0e, 0x02, 0x0b, 0x01, 0x06, 0x01, 0x03, 0x04, 0x02, 0x01, 0x04, 0x02, 0x05, 0x01, 0x06, 0x01, 0x0c,
    0x01, 0x0e, 0x01, 0x0c, 0x01, 0x08, 0x06, 0x07, 0x01, 0x0c, 0x17, 0x00, 0x11, 0x00, 0x01, 0x04, 0x01, 0x06, 0x01, 0x0f,
    0x01, 0x0e, 0x02, 0x0d, 0x01, 0x0e, 0x01, 0x0f, 0x01, 0x0a, 0x02, 0x09, 0x01, 0x05, 0x01, 0x03, 0x01, 0x01, 0x01, 0x02,
    0x01, 0x01, 0x01, 0x03, 0x01, 0x06, 0x01, 0x05, 0x02, 0x06, 0x01, 0x0c, 0x01, 0x0f, 0x01, 0x0c, 0x07, 0x07, 0x01, 0x0c,
    0x17, 0x00, 0x11, 0x00, 0x01, 0x05, 0x01, 0x04, 0x01, 0x09, 0x04, 0x0f, 0x01, 0x0b, 0x01, 0x06, 0x01, 0x09, 0x01, 0x06,
    0x01, 0x05, 0x01, 0x04, 0x02, 0x02, 0x01, 0x03, 0x03, 0x05, 0x01, 0x06, 0x01, 0x05, 0x01, 0x08, 0x01, 0x0e, 0x02, 0x07,
    0x01, 0x08, 0x05, 0x07, 0x01, 0x0c, 0x17, 0x00, 0x11, 0x00, 0x01, 0x06, 0x02, 0x04, 0x01, 0x05, 0x02, 0x06, 0x02, 0x05,
    0x02, 0x09, 0x01, 0x06, 0x02, 0x05, 0x01, 0x03, 0x01, 0x02, 0x01, 0x04, 0x01, 0x05, 0x01, 0x04, 0x01, 0x06, 0x01, 0x05,
    0x01, 0x06, 0x01, 0x08, 0x01, 0x0c, 0x02, 0x08, 0x06, 0x07, 0x01, 0x0c, 0x17, 0x00, 0x12, 0x00, 0x01, 0x06, 0x01, 0x05,
    0x03, 0x04, 0x01, 0x05, 0x01, 0x09, 0x01, 0x0d, 0x02, 0x06, 0x02, 0x05, 0x02, 0x04, 0x01, 0x06, 0x01, 0x05, 0x03, 0x06,
    0x01, 0x09, 0x01, 0x0a, 0x01, 0x0f, 0x01, 0x08, 0x07, 0x07, 0x01, 0x0c, 0x17, 0x00, 0x13, 0x00, 0x01, 0x0e, 0x01, 0x08,
    0x02, 0x09, 0x01, 0x0b, 0x01, 0x0e, 0x01, 0x0c, 0x01, 0x0a, 0x01, 0x06, 0x02, 0x05, 0x01, 0x06, 0x02, 0x05, 0x03, 0x06,
    0x01, 0x09, 0x01, 0x0b, 0x01, 0x0d, 0x01, 0x0c, 0x01, 0x08, 0x01, 0x0c, 0x06, 0x07, 0x01, 0x0c, 0x17, 0x00, 0x14, 0x00,
    0x02, 0x0c, 0x01, 0x0d, 0x01, 0x0c, 0x01, 0x0e, 0x01, 0x0a, 0x01, 0x09, 0x01, 0x05, 0x01, 0x06, 0x01, 0x09, 0x01, 0x06,
    0x01, 0x05, 0x01, 0x06, 0x01, 0x09, 0x02, 0x06, 0x01, 0x05, 0x01, 0x06, 0x01, 0x0b, 0x02, 0x0c, 0x01, 0x08, 0x02, 0x07,
    0x01, 0x08, 0x02, 0x07, 0x01, 0x08, 0x01, 0x0c, 0x01, 0x0d, 0x16, 0x00, 0x17, 0x00, 0x01, 0x0d, 0x01, 0x0c, 0x05, 0x06,
    0x01, 0x04, 0x01, 0x05, 0x02, 0x06, 0x03, 0x05, 0x01, 0x08, 0x01, 0x06, 0x03, 0x04, 0x01, 0x05, 0x01, 0x07, 0x01, 0x08,
    0x02, 0x07, 0x01, 0x08, 0x02, 0x0c, 0x16, 0x00, 0x17, 0x00, 0x01, 0x0c, 0x01, 0x07, 0x01, 0x06, 0x02, 0x0a, 0x01, 0x08,
    0x01, 0x05, 0x02, 0x06, 0x01, 0x05, 0x01, 0x04, 0x01, 0x05, 0x03, 0x06, 0x01, 0x05, 0x06, 0x04, 0x01, 0x06, 0x01, 0x08,
    0x02, 0x0c, 0x01, 0x08, 0x16, 0x00, 0x16, 0x00, 0x03, 0x07, 0x01, 0x06, 0x01, 0x0e, 0x03, 0x09, 0x01, 0x0a, 0x02, 0x06,
    0x02, 0x0a, 0x02, 0x06, 0x01, 0x0b, 0x01, 0x05, 0x07, 0x04, 0x01, 0x05, 0x01, 0x0b, 0x01, 0x08, 0x01, 0x07, 0x16, 0x00,
    0x16, 0x00, 0x03, 0x07, 0x01, 0x06, 0x01, 0x0e, 0x04, 0x06, 0x01, 0x05, 0x01, 0x06, 0x05, 0x09, 0x01, 0x0b, 0x01, 0x0a,
    0x01, 0x06, 0x01, 0x05, 0x05, 0x04, 0x01, 0x09, 0x01, 0x0c, 0x01, 0x07, 0x01, 0x0a, 0x15, 0x00, 0x16, 0x00, 0x01, 0x08,
    0x02, 0x07, 0x01, 0x0a, 0x01, 0x0e, 0x01, 0x09, 0x01, 0x06, 0x03, 0x05, 0x04, 0x06, 0x02, 0x09, 0x01, 0x0e, 0x01, 0x0d,
    0x02, 0x0b, 0x01, 0x0a, 0x02, 0x06, 0x01, 0x04, 0x01, 0x05, 0x01, 0x09, 0x01, 0x0c, 0x02, 0x09, 0x15, 0x00, 0x16, 0x00,
    0x01, 0x06, 0x01, 0x08, 0x01, 0x06, 0x01, 0x0b, 0x03, 0x0c, 0x01, 0x09, 0x02, 0x06, 0x01, 0x09, 0x01, 0x0e, 0x02, 0x09,
    0x01, 0x0d, 0x01, 0x0e, 0x01, 0x0f, 0x01, 0x0d, 0x03, 0x0b, 0x01, 0x0d, 0x01, 0x0f, 0x01, 0x0e, 0x01, 0x09, 0x01, 0x0c,
    0x01, 0x08, 0x01, 0x06, 0x16, 0x00, 0x16, 0x00, 0x03, 0x05, 0x01, 0x0c, 0x04, 0x07, 0x04, 0x0c, 0x01, 0x0e, 0x01, 0x0f,
    0x01, 0x0e, 0x01, 0x06, 0x01, 0x0f, 0x01, 0x0e, 0x05, 0x0d, 0x01, 0x0e, 0x01, 0x0b, 0x01, 0x06, 0x01, 0x09, 0x01, 0x0b,
    0x16, 0x00, 0x17, 0x00, 0x02, 0x06, 0x01, 0x08, 0x04, 0x07, 0x04, 0x08, 0x01, 0x0c, 0x01, 0x0a, 0x01, 0x06, 0x01, 0x05,
    0x01, 0x0d, 0x01, 0x0f, 0x04, 0x0d, 0x02, 0x0e, 0x01, 0x06, 0x01, 0x0a, 0x02, 0x0d, 0x16, 0x00, 0x17, 0x00, 0x01, 0x07,
    0x01, 0x08, 0x07, 0x07, 0x01, 0x08, 0x01, 0x07, 0x01, 0x08, 0x01, 0x06, 0x03, 0x05, 0x01, 0x0a, 0x01, 0x0e, 0x01, 0x0f,
    0x04, 0x0e, 0x01, 0x0d, 0x01, 0x08, 0x01, 0x09, 0x17, 0x00, 0x17, 0x00, 0x08, 0x07, 0x01, 0x08, 0x02, 0x07, 0x01, 0x08,
    0x04, 0x05, 0x01, 0x06, 0x02, 0x0c, 0x01, 0x0d, 0x01, 0x0e, 0x01, 0x0f, 0x01, 0x0a, 0x01, 0x06, 0x01, 0x05, 0x01, 0x08,
    0x17, 0x00, 0x17, 0x00, 0x01, 0x0d, 0x01, 0x08, 0x03, 0x07, 0x01, 0x08, 0x01, 0x0c, 0x01, 0x08, 0x03, 0x07, 0x01, 0x0c,
    0x04, 0x05, 0x01, 0x06, 0x01, 0x0c, 0x01, 0x07, 0x01, 0x08, 0x01, 0x0c, 0x01, 0x0d, 0x01, 0x09, 0x01, 0x05, 0x01, 0x06,
    0x01, 0x09, 0x17, 0x00, 0x18, 0x00, 0x01, 0x0c, 0x04, 0x07, 0x06, 0x0c, 0x02, 0x06, 0x01, 0x09, 0x01, 0x05, 0x01, 0x0a,
    0x01, 0x08, 0x01, 0x07, 0x02, 0x08, 0x03, 0x0c, 0x01, 0x0b, 0x01, 0x0d, 0x17, 0x00, 0x18, 0x00, 0x01, 0x0c, 0x05, 0x07,
    0x01, 0x0c, 0x01, 0x0e, 0x02, 0x0f, 0x03, 0x0c, 0x01, 0x0d, 0x01, 0x0b, 0x01, 0x0c, 0x01, 0x08, 0x01, 0x07, 0x01, 0x08,
    0x04, 0x0c, 0x01, 0x08, 0x01, 0x07, 0x17, 0x00, 0x18, 0x00, 0x01, 0x0c, 0x01, 0x08, 0x02, 0x07, 0x03, 0x08, 0x01, 0x0c,
    0x01, 0x0d, 0x01, 0x0e, 0x01, 0x0f, 0x03, 0x0c, 0x04, 0x07, 0x02, 0x08, 0x04, 0x07, 0x01, 0x0c, 0x17, 0x00, 0x17, 0x00,
    0x01, 0x09, 0x01, 0x0a, 0x01, 0x08, 0x07, 0x0c, 0x01, 0x0e, 0x01, 0x0f, 0x02, 0x0c, 0x07, 0x07, 0x02, 0x08, 0x01, 0x0c,
    0x02, 0x0d, 0x17, 0x00, 0x18, 0x00, 0x01, 0x09, 0x02, 0x04, 0x01, 0x05, 0x01, 0x06, 0x01, 0x08, 0x02, 0x0c, 0x03, 0x0e,
    0x01, 0x0d, 0x07, 0x0c, 0x02, 0x08, 0x01, 0x07, 0x01, 0x0a, 0x01, 0x09, 0x01, 0x0a, 0x17, 0x00, 0x18, 0x00, 0x01, 0x0f,
    0x01, 0x0d, 0x01, 0x06, 0x01, 0x05, 0x02, 0x04, 0x01, 0x05, 0x01, 0x06, 0x02, 0x09, 0x01, 0x0a, 0x01, 0x0b, 0x01, 0x09,
    0x01, 0x08, 0x04, 0x06, 0x01, 0x05, 0x02, 0x04, 0x01, 0x05, 0x01, 0x09, 0x02, 0x0d, 0x17, 0x00, 0x18, 0x00, 0x02, 0x0f,
    0x01, 0x0e, 0x01, 0x0b, 0x01, 0x0a, 0x01, 0x09, 0x03, 0x0b, 0x02, 0x0e, 0x01, 0x0f, 0x01, 0x09, 0x01, 0x06, 0x01, 0x05,
    0x03, 0x04, 0x01, 0x05, 0x01, 0x06, 0x01, 0x0a, 0x01, 0x0d, 0x02, 0x0e, 0x18, 0x00, 0x18, 0x00, 0x01, 0x0f, 0x02, 0x0e,
    0x01, 0x0d, 0x01, 0x0b, 0x02, 0x0e, 0x01, 0x0b, 0x01, 0x0d, 0x01, 0x0e, 0x01, 0x0d, 0x01, 0x0e, 0x03, 0x0f, 0x01, 0x0d,
    0x02, 0x0a, 0x01, 0x0b, 0x02, 0x0d, 0x01, 0x0a, 0x01, 0x0b, 0x02, 0x0d, 0x17, 0x00, 0x19, 0x00, 0x04, 0x0d, 0x01, 0x0b,
    0x04, 0x0a, 0x03, 0x0e, 0x01, 0x0d, 0x02, 0x0e, 0x04, 0x0b, 0x03, 0x0a, 0x01, 0x0b, 0x01, 0x0e, 0x17, 0x00, 0x19, 0x00,
    0x01, 0x0d, 0x02, 0x0a, 0x02, 0x0b, 0x02, 0x0a, 0x01, 0x0b, 0x01, 0x0d, 0x04, 0x0e, 0x02, 0x0d, 0x01, 0x0b, 0x01, 0x0d,
    0x01, 0x0b, 0x01, 0x0a, 0x01, 0x08, 0x02, 0x0a, 0x01, 0x0d, 0x01, 0x0f, 0x17, 0x00, 0x19, 0x00, 0x01, 0x0f, 0x01, 0x0d,
    0x01, 0x0a, 0x02, 0x0b, 0x02, 0x0a, 0x01, 0x0b, 0x02, 0x0e, 0x01, 0x0f, 0x01, 0x00, 0x01, 0x0f, 0x01, 0x0d, 0x01, 0x0b,
    0x06, 0x0a, 0x01, 0x0b, 0x01, 0x0e, 0x01, 0x0f, 0x17, 0x00, 0x1a, 0x00, 0x01, 0x0e, 0x02, 0x0a, 0x03, 0x0b, 0x01, 0x0d,
    0x02, 0x0e, 0x01, 0x0f, 0x02, 0x00, 0x01, 0x0e, 0x01, 0x0d, 0x06, 0x0a, 0x01, 0x0d, 0x01, 0x0e, 0x18, 0x00, 0x19, 0x00,
    0x01, 0x0e, 0x01, 0x0d, 0x04, 0x0b, 0x01, 0x0a, 0x01, 0x0d, 0x02, 0x0e, 0x03, 0x00, 0x01, 0x0e, 0x01, 0x0d, 0x03, 0x0b,
    0x02, 0x0a, 0x01, 0x0b, 0x01, 0x0d, 0x01, 0x0f, 0x18, 0x00, 0x18, 0x00, 0x01, 0x0d, 0x01, 0x0b, 0x01, 0x0a, 0x01, 0x0b,
    0x03, 0x0a, 0x01, 0x0b, 0x01, 0x0d, 0x02, 0x0e, 0x03, 0x00, 0x01, 0x0f, 0x01, 0x0b, 0x05, 0x0a, 0x01, 0x0d, 0x01, 0x0e,
    0x01, 0x0f, 0x18, 0x00, 0x17, 0x00, 0x03, 0x0a, 0x03, 0x0b, 0x02, 0x0a, 0x01, 0x0b, 0x01, 0x0d, 0x02, 0x0e, 0x03, 0x00,
    0x01, 0x0d, 0x01, 0x09, 0x06, 0x0a, 0x01, 0x0d, 0x01, 0x0f, 0x18, 0x00, 0x17, 0x00, 0x02, 0x0a, 0x02, 0x0b, 0x03, 0x0a,
    0x01, 0x0b, 0x01, 0x0d, 0x03, 0x0e, 0x03, 0x00, 0x02, 0x0a, 0x01, 0x0b, 0x01, 0x09, 0x03, 0x0a, 0x01, 0x0d, 0x01, 0x0b,
    0x01, 0x0e, 0x18, 0x00, 0x16, 0x00, 0x01, 0x0a, 0x02, 0x0b, 0x01, 0x0d, 0x01, 0x0a, 0x03, 0x0b, 0x01, 0x0d, 0x03, 0x0e,
    0x01, 0x0f, 0x02, 0x00, 0x01, 0x0a, 0x01, 0x08, 0x01, 0x0b, 0x01, 0x0a, 0x01, 0x08, 0x01, 0x0a, 0x02, 0x09, 0x01, 0x0b,
    0x01, 0x0a, 0x01, 0x0d, 0x18, 0x00, 0x17, 0x00, 0x01, 0x0b, 0x01, 0x09, 0x01, 0x0d, 0x02, 0x09, 0x01, 0x0d, 0x02, 0x0e,
    0x02, 0x0f, 0x04, 0x00, 0x01, 0x0e, 0x01, 0x0a, 0x01, 0x0d, 0x02, 0x0b, 0x01, 0x0d, 0x01, 0x0b, 0x01, 0x0a, 0x01, 0x0d,
    0x01, 0x0b, 0x01, 0x0e, 0x18, 0x00, 0x19, 0x00, 0x01, 0x0b, 0x01, 0x09, 0x01, 0x05, 0x01, 0x0e, 0x09, 0x00, 0x01, 0x0e,
    0x01, 0x0f, 0x01, 0x0e, 0x01, 0x0a, 0x01, 0x0f, 0x02, 0x0d, 0x01, 0x0f, 0x01, 0x0d, 0x01, 0x0f, 0x18, 0x00, 0x28, 0x00,
    0x02, 0x09, 0x01, 0x0e, 0x02, 0x0b, 0x01, 0x0e, 0x1a, 0x00, 0x48, 0x00, 0x48, 0x00, 0x48, 0x00
};
const uint8_t kFailed3[] PROGMEM = {
    0x48, 0x00, 0x48, 0x00, 0x1b, 0x00, 0x01, 0x02, 0x01, 0x03, 0x2b, 0x00, 0x19, 0x00, 0x01, 0x03, 0x01, 0x01, 0x01, 0x02,
    0x01, 0x03, 0x2b, 0x00, 0x18, 0x00, 0x01, 0x03, 0x01, 0x02, 0x01, 0x01, 0x01, 0x04, 0x2c, 0x00, 0x18, 0x00, 0x03, 0x01,
    0x01, 0x02, 0x01, 0x03, 0x01, 0x04, 0x03, 0x03, 0x04, 0x00, 0x02, 0x0e, 0x21, 0x00, 0x16, 0x00, 0x01, 0x0d, 0x01, 0x00,
    0x01, 0x01, 0x02, 0x02, 0x01, 0x01, 0x02, 0x02, 0x01, 0x01, 0x01, 0x03, 0x01, 0x02, 0x02, 0x03, 0x01, 0x09, 0x01, 0x0d,
    0x01, 0x0b, 0x02, 0x0d, 0x01, 0x0e, 0x1f, 0x00, 0x14, 0x00, 0x01, 0x0e, 0x01, 0x0b, 0x01, 0x0a, 0x01, 0x0d, 0x01, 0x04,
    0x02, 0x01, 0x01, 0x02, 0x02, 0x01, 0x03, 0x02, 0x01, 0x01, 0x01, 0x02, 0x02, 0x06, 0x01, 0x08, 0x01, 0x09, 0x01, 0x0a,
    0x01, 0x0b, 0x01, 0x0e, 0x1e, 0x00, 0x14, 0x00, 0x01, 0x0a, 0x02, 0x09, 0x01, 0x0a, 0x01, 0x0f, 0x01, 0x04, 0x01, 0x03,
    0x06, 0x02, 0x01, 0x01, 0x01, 0x04, 0x01, 0x0f, 0x01, 0x06, 0x01, 0x0a, 0x01, 0x0b, 0x01, 0x09, 0x01, 0x0a, 0x01, 0x0d,
    0x1e, 0x00, 0x13, 0x00, 0x01, 0x0d, 0x01, 0x09, 0x01, 0x0b, 0x01, 0x0a, 0x01, 0x09, 0x01, 0x04, 0x02, 0x03, 0x06, 0x02,
    0x01, 0x01, 0x01, 0x03, 0x01, 0x08, 0x03, 0x0f, 0x01, 0x0d, 0x01, 0x0a, 0x01, 0x0e, 0x01, 0x0f, 0x1d, 0x00, 0x13, 0x00,
    0x01, 0x0d, 0x01, 0x0a, 0x01, 0x0e, 0x01, 0x0f, 0x01, 0x04, 0x03, 0x01, 0x04, 0x02, 0x02, 0x01, 0x01, 0x02, 0x01, 0x01,
    0x01, 0x02, 0x01, 0x04, 0x01, 0x0e, 0x01, 0x0f, 0x01, 0x0d, 0x01, 0x0a, 0x01, 0x0e, 0x08, 0x00, 0x01, 0x05, 0x15, 0x00,
    0x13, 0x00, 0x01, 0x0e, 0x01, 0x0a, 0x01, 0x0f, 0x01, 0x09, 0x05, 0x02, 0x01, 0x01, 0x01, 0x02, 0x03, 0x01, 0x03, 0x02,
    0x01, 0x01, 0x01, 0x03, 0x01, 0x0b, 0x01, 0x0e, 0x02, 0x0f, 0x07, 0x00, 0x01, 0x05, 0x01, 0x04, 0x01, 0x05, 0x14, 0x00,
    0x13, 0x00, 0x01, 0x0e, 0x01, 0x0d, 0x01, 0x0b, 0x01, 0x03, 0x01, 0x01, 0x01, 0x02, 0x03, 0x01, 0x01, 0x02, 0x01, 0x01,
    0x02, 0x02, 0x01, 0x01, 0x02, 0x02, 0x01, 0x01, 0x01, 0x02, 0x01, 0x01, 0x01, 0x03, 0x01, 0x0d, 0x01, 0x09, 0x01, 0x04,
    0x07, 0x00, 0x01, 0x05, 0x01, 0x04, 0x01, 0x06, 0x01, 0x0a, 0x13, 0x00, 0x14, 0x00, 0x01, 0x0f, 0x01, 0x05, 0x01, 0x01,
    0x02, 0x02, 0x01, 0x01, 0x0a, 0x02, 0x01, 0x01, 0x01, 0x02, 0x01, 0x01, 0x03, 0x02, 0x06, 0x00, 0x01, 0x05, 0x01, 0x04,
    0x01, 0x05, 0x01, 0x09, 0x14, 0x00, 0x15, 0x00, 0x01, 0x03, 0x01, 0x01, 0x01, 0x02, 0x02, 0x01, 0x04, 0x02, 0x01, 0x01,
    0x05, 0x02, 0x03, 0x01, 0x02, 0x02, 0x01, 0x03, 0x05, 0x00, 0x01, 0x06, 0x01, 0x04, 0x01, 0x05, 0x01, 0x0a, 0x15, 0x00,
    0x14, 0x00, 0x01, 0x04, 0x02, 0x02, 0x01, 0x01, 0x02, 0x02, 0x01, 0x01, 0x02, 0x02, 0x01, 0x01, 0x02, 0x02, 0x03, 0x01,
    0x03, 0x02, 0x01, 0x01, 0x03, 0x02, 0x01, 0x03, 0x03, 0x00, 0x01, 0x09, 0x01, 0x05, 0x01, 0x06, 0x01, 0x0b, 0x16, 0x00,
    0x14, 0x00, 0x01, 0x04, 0x03, 0x02, 0x02, 0x03, 0x04, 0x02, 0x03, 0x03, 0x03, 0x01, 0x06, 0x02, 0x01, 0x03, 0x01, 0x04,
    0x02, 0x00, 0x01, 0x09, 0x01, 0x05, 0x01, 0x06, 0x01, 0x0a, 0x16, 0x00, 0x14, 0x00, 0x01, 0x03, 0x02, 0x02, 0x01, 0x03,
    0x01, 0x02, 0x02, 0x03, 0x02, 0x02, 0x01, 0x03, 0x01, 0x01, 0x03, 0x03, 0x01, 0x01, 0x06, 0x02, 0x01, 0x03, 0x01, 0x04,
    0x02, 0x00, 0x01, 0x05, 0x01, 0x04, 0x01, 0x09, 0x01, 0x0d, 0x01, 0x06, 0x16, 0x00, 0x14, 0x00, 0x01, 0x03, 0x02, 0x02,
    0x01, 0x03, 0x01, 0x04, 0x01, 0x09, 0x01, 0x03, 0x02, 0x02, 0x01, 0x03, 0x01, 0x04, 0x01, 0x03, 0x01, 0x04, 0x01, 0x03,
    0x02, 0x01, 0x01, 0x02, 0x01, 0x01, 0x03, 0x02, 0x01, 0x01, 0x01, 0x02, 0x01, 0x00, 0x01, 0x09, 0x01, 0x04, 0x01, 0x05,
    0x01, 0x09, 0x01, 0x0e, 0x01, 0x0a, 0x16, 0x00, 0x14, 0x00, 0x01, 0x02, 0x01, 0x01, 0x01, 0x03, 0x01, 0x0a, 0x02, 0x0f,
    0x01, 0x04, 0x01, 0x01, 0x01, 0x02, 0x01, 0x03, 0x01, 0x0d, 0x01, 0x0f, 0x01, 0x0e, 0x01, 0x06, 0x01, 0x04, 0x01, 0x03,
    0x04, 0x02, 0x01, 0x01, 0x01, 0x02, 0x01, 0x04, 0x01, 0x09, 0x01, 0x06, 0x01, 0x05, 0x01, 0x09, 0x01, 0x00, 0x01, 0x09,
    0x01, 0x05, 0x16, 0x00, 0x14, 0x00, 0x01, 0x03, 0x01, 0x02, 0x01, 0x04, 0x01, 0x0f, 0x01, 0x0d, 0x01, 0x0f, 0x01, 0x04,
    0x01, 0x02, 0x01, 0x03, 0x01, 0x02, 0x01, 0x0a, 0x01, 0x0f, 0x01, 0x0d, 0x03, 0x0f, 0x01, 0x04, 0x01, 0x01, 0x02, 0x02,
    0x01, 0x01, 0x01, 0x04, 0x01, 0x0f, 0x01, 0x09, 0x01, 0x05, 0x02, 0x09, 0x01, 0x00, 0x01, 0x06, 0x02, 0x04, 0x15, 0x00,
    0x14, 0x00, 0x01, 0x03, 0x01, 0x01, 0x01, 0x09, 0x01, 0x0e, 0x01, 0x0f, 0x01, 0x0e, 0x01, 0x03, 0x01, 0x01, 0x02, 0x02,
    0x01, 0x04, 0x01, 0x0d, 0x01, 0x0f, 0x01, 0x09, 0x01, 0x05, 0x01, 0x0f, 0x01, 0x09, 0x03, 0x02, 0x01, 0x04, 0x02, 0x0b,
    0x01, 0x06, 0x01, 0x05, 0x01, 0x09, 0x02, 0x00, 0x01, 0x06, 0x02, 0x04, 0x15, 0x00, 0x14, 0x00, 0x01, 0x04, 0x01, 0x03,
    0x01, 0x04, 0x02, 0x0e, 0x01, 0x04, 0x01, 0x03, 0x02, 0x04, 0x01, 0x02, 0x01, 0x01, 0x01, 0x03, 0x01, 0x09, 0x01, 0x0d,
    0x01, 0x0b, 0x01, 0x0f, 0x01, 0x04, 0x01, 0x02, 0x01, 0x01, 0x01, 0x03, 0x01, 0x0b, 0x02, 0x0a, 0x02, 0x09, 0x03, 0x00,
    0x01, 0x05, 0x03, 0x04, 0x14, 0x00, 0x15, 0x00, 0x01, 0x04, 0x03, 0x03, 0x01, 0x01, 0x01, 0x03, 0x01, 0x0d, 0x01, 0x04,
    0x01, 0x01, 0x01, 0x02, 0x01, 0x01, 0x01, 0x02, 0x02, 0x04, 0x01, 0x03, 0x01, 0x02, 0x01, 0x03, 0x01, 0x04, 0x01, 0x09,
    0x01, 0x06, 0x01, 0x08, 0x01, 0x0f, 0x01, 0x0b, 0x01, 0x09, 0x03, 0x00, 0x01, 0x09, 0x01, 0x04, 0x01, 0x06, 0x01, 0x05,
    0x14, 0x00, 0x16, 0x00, 0x01, 0x06, 0x01, 0x03, 0x01, 0x01, 0x01, 0x02, 0x01, 0x01, 0x06, 0x02, 0x03, 0x01, 0x01, 0x03,
    0x02, 0x09, 0x01, 0x05, 0x02, 0x0c, 0x02, 0x07, 0x01, 0x0a, 0x02, 0x00, 0x01, 0x06, 0x01, 0x0a, 0x02, 0x06, 0x15, 0x00,
    0x15, 0x00, 0x01, 0x04, 0x01, 0x06, 0x01, 0x0c, 0x01, 0x04, 0x01, 0x02, 0x01, 0x01, 0x02, 0x03, 0x01, 0x02, 0x01, 0x03,
    0x02, 0x02, 0x01, 0x03, 0x01, 0x04, 0x01, 0x06, 0x01, 0x0d, 0x01, 0x06, 0x01, 0x05, 0x02, 0x0c, 0x05, 0x07, 0x02, 0x00,
    0x01, 0x05, 0x17, 0x00, 0x16, 0x00, 0x01, 0x09, 0x01, 0x08, 0x01, 0x0f, 0x01, 0x0e, 0x01, 0x05, 0x01, 0x04, 0x01, 0x03,
    0x01, 0x04, 0x02, 0x03, 0x01, 0x09, 0x03, 0x0f, 0x01, 0x09, 0x01, 0x06, 0x01, 0x08, 0x01, 0x0c, 0x01, 0x08, 0x02, 0x07,
    0x03, 0x08, 0x02, 0x00, 0x02, 0x04, 0x16, 0x00, 0x15, 0x00, 0x02, 0x0c, 0x01, 0x0a, 0x01, 0x09, 0x08, 0x0f, 0x01, 0x0e,
    0x03, 0x09, 0x01, 0x08, 0x01, 0x0d, 0x01, 0x08, 0x06, 0x07, 0x01, 0x0c, 0x02, 0x05, 0x01, 0x04, 0x16, 0x00, 0x15, 0x00,
    0x01, 0x08, 0x01, 0x07, 0x01, 0x0c, 0x01, 0x0b, 0x02, 0x0d, 0x01, 0x06, 0x01, 0x0b, 0x01, 0x0f, 0x02, 0x0e, 0x01, 0x0a,
    0x01, 0x05, 0x01, 0x04, 0x02, 0x09, 0x01, 0x0b, 0x01, 0x0c, 0x01, 0x08, 0x06, 0x07, 0x01, 0x08, 0x01, 0x00, 0x01, 0x05,
    0x01, 0x04, 0x16, 0x00, 0x14, 0x00, 0x01, 0x0c, 0x01, 0x07, 0x01, 0x08, 0x01, 0x0c, 0x01, 0x0b, 0x01, 0x09, 0x01, 0x0a,
    0x02, 0x05, 0x01, 0x09, 0x01, 0x06, 0x01, 0x04, 0x02, 0x03, 0x02, 0x06, 0x01, 0x09, 0x01, 0x0b, 0x01, 0x0c, 0x05, 0x08,
    0x01, 0x07, 0x01, 0x08, 0x01, 0x0c, 0x19, 0x00, 0x14, 0x00, 0x02, 0x07, 0x01, 0x0c, 0x01, 0x0d, 0x01, 0x0b, 0x04, 0x09,
    0x01, 0x06, 0x01, 0x04, 0x01, 0x03, 0x01, 0x02, 0x01, 0x04, 0x01, 0x0a, 0x01, 0x0b, 0x01, 0x0a, 0x01, 0x09, 0x01, 0x0a,
    0x03, 0x07, 0x04, 0x08, 0x01, 0x07, 0x01, 0x08, 0x18, 0x00, 0x14, 0x00, 0x02, 0x08, 0x01, 0x0c, 0x01, 0x09, 0x01, 0x06,
    0x04, 0x09, 0x01, 0x0a, 0x01, 0x04, 0x01, 0x01, 0x01, 0x04, 0x01, 0x0b, 0x03, 0x0a, 0x02, 0x09, 0x02, 0x08, 0x01, 0x07,
    0x06, 0x08, 0x18, 0x00, 0x13, 0x00, 0x01, 0x08, 0x01, 0x07, 0x01, 0x08, 0x01, 0x04, 0x01, 0x06, 0x01, 0x0a, 0x01, 0x06,
    0x01, 0x0a, 0x01, 0x09, 0x02, 0x0a, 0x01, 0x09, 0x01, 0x05, 0x02, 0x0a, 0x01, 0x09, 0x01, 0x0a, 0x02, 0x09, 0x01, 0x0e,
    0x01, 0x0c, 0x02, 0x08, 0x03, 0x07, 0x02, 0x0c, 0x01, 0x08, 0x18, 0x00, 0x13, 0x00, 0x01, 0x08, 0x01, 0x07, 0x02, 0x04,
    0x01, 0x0a, 0x01, 0x0e, 0x01, 0x0d, 0x05, 0x09, 0x01, 0x0b, 0x03, 0x0e, 0x02, 0x0d, 0x01, 0x09, 0x01, 0x05, 0x01, 0x06,
    0x01, 0x0c, 0x03, 0x08, 0x01, 0x07, 0x02, 0x0c, 0x01, 0x07, 0x18, 0x00, 0x13, 0x00, 0x01, 0x0c, 0x01, 0x06, 0x01, 0x04,
    0x01, 0x09, 0x02, 0x0a, 0x01, 0x0d, 0x01, 0x0b, 0x04, 0x0a, 0x01, 0x0b, 0x01, 0x0d, 0x01, 0x0b, 0x02, 0x0a, 0x01, 0x0b,
    0x01, 0x0a, 0x02, 0x04, 0x01, 0x06, 0x01, 0x0c, 0x01, 0x08, 0x02, 0x07, 0x02, 0x0c, 0x01, 0x07, 0x18, 0x00, 0x13, 0x00,
    0x01, 0x0c, 0x01, 0x05, 0x01, 0x04, 0x01, 0x0d, 0x01, 0x0a, 0x01, 0x0b, 0x01, 0x0e, 0x01, 0x0d, 0x03, 0x0b, 0x02, 0x0d,
    0x01, 0x0b, 0x02, 0x0a, 0x02, 0x0b, 0x01, 0x0d, 0x01, 0x0a, 0x02, 0x04, 0x01, 0x06, 0x02, 0x07, 0x01, 0x08, 0x01, 0x0d,
    0x01, 0x0c, 0x01, 0x08, 0x01, 0x0c, 0x17, 0x00, 0x13, 0x00, 0x01, 0x0c, 0x01, 0x06, 0x01, 0x05, 0x01, 0x0e, 0x01, 0x0d,
    0x01, 0x0b, 0x02, 0x0f, 0x03, 0x0d, 0x01, 0x0e, 0x03, 0x0b, 0x03, 0x0d, 0x01, 0x0b, 0x01, 0x0d, 0x01, 0x05, 0x02, 0x04,
    0x02, 0x0c, 0x01, 0x0d, 0x01, 0x0c, 0x02, 0x07, 0x01, 0x0c, 0x17, 0x00, 0x13, 0x00, 0x01, 0x0f, 0x01, 0x09, 0x01, 0x06,
    0x02, 0x0f, 0x01, 0x0e, 0x04, 0x0f, 0x01, 0x0e, 0x01, 0x0d, 0x05, 0x0b, 0x01, 0x0d, 0x01, 0x0b, 0x01, 0x0e, 0x01, 0x06,
    0x01, 0x04, 0x01, 0x05, 0x01, 0x0a, 0x01, 0x0c, 0x01, 0x0d, 0x01, 0x08, 0x01, 0x07, 0x01, 0x08, 0x01, 0x0c, 0x17, 0x00,
    0x14, 0x00, 0x02, 0x06, 0x01, 0x0e, 0x07, 0x0f, 0x01, 0x0e, 0x07, 0x0d, 0x01, 0x0e, 0x01, 0x0a, 0x01, 0x04, 0x01, 0x05,
    0x01, 0x0a, 0x02, 0x0c, 0x01, 0x08, 0x01, 0x0c, 0x02, 0x08, 0x17, 0x00, 0x15, 0x00, 0x02, 0x09, 0x0a, 0x0f, 0x02, 0x0e,
    0x02, 0x0d, 0x01, 0x0e, 0x01, 0x0f, 0x01, 0x0d, 0x02, 0x05, 0x01, 0x0b, 0x01, 0x0d, 0x01, 0x0a, 0x04, 0x08, 0x01, 0x0a,
    0x16, 0x00, 0x15, 0x00, 0x01, 0x0c, 0x02, 0x0b, 0x02, 0x0e, 0x02, 0x0d, 0x02, 0x09, 0x01, 0x0b, 0x01, 0x0d, 0x01, 0x0e,
    0x02, 0x0f, 0x03, 0x0e, 0x01, 0x0f, 0x01, 0x09, 0x01, 0x05, 0x01, 0x06, 0x01, 0x0e, 0x01, 0x0c, 0x03, 0x08, 0x01, 0x0c,
    0x02, 0x09, 0x16, 0x00, 0x15, 0x00, 0x01, 0x07, 0x02, 0x08, 0x01, 0x09, 0x02, 0x0e, 0x01, 0x0b, 0x04, 0x09, 0x01, 0x0a,
    0x01, 0x0b, 0x02, 0x0d, 0x02, 0x0e, 0x01, 0x0d, 0x01, 0x06, 0x01, 0x09, 0x01, 0x0d, 0x01, 0x0c, 0x01, 0x08, 0x02, 0x07,
    0x01, 0x0c, 0x01, 0x0a, 0x01, 0x06, 0x17, 0x00, 0x14, 0x00, 0x01, 0x08, 0x02, 0x07, 0x01, 0x06, 0x02, 0x0e, 0x02, 0x06,
    0x02, 0x05, 0x01, 0x06, 0x02, 0x09, 0x01, 0x0b, 0x05, 0x09, 0x01, 0x0b, 0x02, 0x0c, 0x03, 0x08, 0x01, 0x0c, 0x02, 0x09,
    0x18, 0x00, 0x14, 0x00, 0x01, 0x06, 0x01, 0x07, 0x01, 0x08, 0x01, 0x06, 0x01, 0x0d, 0x01, 0x0b, 0x01, 0x09, 0x05, 0x05,
    0x02, 0x09, 0x01, 0x06, 0x04, 0x09, 0x01, 0x06, 0x02, 0x07, 0x03, 0x08, 0x02, 0x09, 0x01, 0x0d, 0x18, 0x00, 0x14, 0x00,
    0x02, 0x06, 0x01, 0x08, 0x01, 0x06, 0x01, 0x0d, 0x01, 0x07, 0x02, 0x0c, 0x01, 0x0a, 0x01, 0x09, 0x02, 0x06, 0x01, 0x09,
    0x01, 0x06, 0x01, 0x09, 0x02, 0x0e, 0x01, 0x0d, 0x01, 0x0a, 0x01, 0x05, 0x03, 0x08, 0x02, 0x06, 0x01, 0x0d, 0x01, 0x0e,
    0x02, 0x0d, 0x17, 0x00, 0x15, 0x00, 0x01, 0x09, 0x01, 0x06, 0x01, 0x09, 0x01, 0x0c, 0x01, 0x08, 0x03, 0x07, 0x04, 0x0c,
    0x01, 0x0d, 0x01, 0x0e, 0x01, 0x09, 0x01, 0x06, 0x02, 0x0c, 0x01, 0x05, 0x01, 0x06, 0x01, 0x05, 0x02, 0x09, 0x01, 0x0e,
    0x01, 0x0d, 0x01, 0x0c, 0x01, 0x0d, 0x18, 0x00, 0x16, 0x00, 0x02, 0x0b, 0x05, 0x07, 0x03, 0x08, 0x01, 0x07, 0x01, 0x08,
    0x01, 0x09, 0x01, 0x06, 0x01, 0x05, 0x01, 0x09, 0x01, 0x0c, 0x02, 0x06, 0x01, 0x0a, 0x02, 0x0c, 0x02, 0x0a, 0x01, 0x07,
    0x01, 0x08, 0x18, 0x00, 0x16, 0x00, 0x07, 0x07, 0x03, 0x08, 0x01, 0x07, 0x01, 0x08, 0x04, 0x05, 0x01, 0x06, 0x04, 0x0c,
    0x01, 0x08, 0x03, 0x07, 0x01, 0x0b, 0x18, 0x00, 0x16, 0x00, 0x01, 0x0c, 0x04, 0x07, 0x01, 0x08, 0x01, 0x07, 0x03, 0x08,
    0x01, 0x07, 0x01, 0x06, 0x04, 0x05, 0x01, 0x06, 0x03, 0x0c, 0x01, 0x08, 0x04, 0x07, 0x01, 0x08, 0x18, 0x00, 0x16, 0x00,
    0x01, 0x0c, 0x01, 0x08, 0x03, 0x07, 0x01, 0x08, 0x01, 0x0a, 0x05, 0x08, 0x04, 0x05, 0x01, 0x09, 0x01, 0x0c, 0x01, 0x08,
    0x04, 0x07, 0x03, 0x08, 0x18, 0x00, 0x16, 0x00, 0x01, 0x0c, 0x01, 0x08, 0x04, 0x07, 0x01, 0x08, 0x01, 0x0d, 0x02, 0x0e,
    0x01, 0x0d, 0x01, 0x0b, 0x01, 0x09, 0x01, 0x0a, 0x01, 0x09, 0x01, 0x06, 0x01, 0x0c, 0x05, 0x07, 0x04, 0x08, 0x18, 0x00,
    0x16, 0x00, 0x01, 0x0c, 0x01, 0x08, 0x05, 0x07, 0x01, 0x08, 0x01, 0x0c, 0x01, 0x0e, 0x01, 0x0f, 0x01, 0x0e, 0x02, 0x0c,
    0x01, 0x0b, 0x01, 0x0c, 0x06, 0x07, 0x03, 0x08, 0x19, 0x00, 0x16, 0x00, 0x02, 0x0a, 0x01, 0x0c, 0x02, 0x08, 0x02, 0x07,
    0x01, 0x08, 0x02, 0x0c, 0x01, 0x0d, 0x01, 0x0e, 0x01, 0x0c, 0x02, 0x08, 0x01, 0x07, 0x01, 0x08, 0x04, 0x07, 0x03, 0x08,
    0x01, 0x0c, 0x01, 0x0d, 0x18, 0x00, 0x16, 0x00, 0x01, 0x09, 0x02, 0x05, 0x01, 0x06, 0x02, 0x08, 0x02, 0x0c, 0x02, 0x0d,
    0x02, 0x0e, 0x02, 0x0c, 0x09, 0x08, 0x01, 0x0b, 0x01, 0x09, 0x01, 0x0a, 0x18, 0x00, 0x17, 0x00, 0x01, 0x09, 0x01, 0x06,
    0x03, 0x04, 0x02, 0x05, 0x03, 0x09, 0x03, 0x0b, 0x01, 0x0d, 0x02, 0x0a, 0x02, 0x08, 0x01, 0x06, 0x02, 0x05, 0x01, 0x06,
    0x01, 0x09, 0x01, 0x0a, 0x19, 0x00, 0x17, 0x00, 0x02, 0x0f, 0x01, 0x0b, 0x01, 0x09, 0x03, 0x06, 0x01, 0x09, 0x01, 0x0a,
    0x01, 0x0b, 0x01, 0x0e, 0x01, 0x0a, 0x01, 0x06, 0x01, 0x05, 0x05, 0x04, 0x01, 0x05, 0x01, 0x06, 0x01, 0x0a, 0x01, 0x0e,
    0x01, 0x0f, 0x19, 0x00, 0x17, 0x00, 0x03, 0x0e, 0x01, 0x0b, 0x01, 0x0d, 0x02, 0x0e, 0x01, 0x0d, 0x01, 0x0e, 0x03, 0x0f,
    0x01, 0x0e, 0x01, 0x0b, 0x01, 0x0a, 0x01, 0x09, 0x01, 0x06, 0x02, 0x09, 0x01, 0x0d, 0x01, 0x0e, 0x01, 0x0d, 0x02, 0x0e,
    0x19, 0x00, 0x17, 0x00, 0x02, 0x0e, 0x01, 0x0f, 0x01, 0x0e, 0x01, 0x0d, 0x01, 0x0b, 0x03, 0x0a, 0x03, 0x0e, 0x03, 0x0f,
    0x01, 0x0d, 0x03, 0x0b, 0x01, 0x0d, 0x01, 0x0b, 0x01, 0x0a, 0x01, 0x0d, 0x01, 0x0e, 0x01, 0x0f, 0x18, 0x00, 0x18, 0x00,
    0x01, 0x0d, 0x01, 0x0a, 0x06, 0x0b, 0x01, 0x0d, 0x06, 0x0e, 0x03, 0x0d, 0x03, 0x0b, 0x01, 0x0d, 0x01, 0x0e, 0x01, 0x0f,
    0x18, 0x00, 0x18, 0x00, 0x01, 0x0e, 0x01, 0x0b, 0x01, 0x0a, 0x02, 0x0b, 0x01, 0x0a, 0x02, 0x0b, 0x02, 0x0e, 0x02, 0x0f,
    0x01, 0x0e, 0x01, 0x0b, 0x02, 0x0a, 0x01, 0x0b, 0x04, 0x0a, 0x01, 0x0d, 0x01, 0x0e, 0x19, 0x00, 0x18, 0x00, 0x01, 0x0f,
    0x01, 0x0d, 0x05, 0x0b, 0x03, 0x0e, 0x02, 0x00, 0x01, 0x0e, 0x01, 0x0d, 0x02, 0x0a, 0x01, 0x0b, 0x01, 0x0a, 0x01, 0x0b,
    0x01, 0x0a, 0x01, 0x0d, 0x02, 0x0e, 0x19, 0x00, 0x18, 0x00, 0x01, 0x0e, 0x03, 0x0d, 0x02, 0x0b, 0x01, 0x0a, 0x02, 0x0e,
    0x01, 0x0f, 0x02, 0x00, 0x01, 0x0f, 0x01, 0x0e, 0x01, 0x0b, 0x05, 0x0a, 0x01, 0x0d, 0x01, 0x0e, 0x1a, 0x00, 0x17, 0x00,
    0x01, 0x0d, 0x01, 0x0b, 0x01, 0x0a, 0x03, 0x0b, 0x01, 0x0d, 0x01, 0x0b, 0x03, 0x0e, 0x02, 0x00, 0x01, 0x0f, 0x01, 0x0e,
    0x01, 0x0b, 0x03, 0x0a, 0x01, 0x09, 0x01, 0x0b, 0x01, 0x0d, 0x01, 0x0e, 0x1a, 0x00, 0x16, 0x00, 0x01, 0x09, 0x02, 0x0b,
    0x01, 0x0d, 0x05, 0x0b, 0x03, 0x0e, 0x02, 0x00, 0x01, 0x0e, 0x07, 0x0a, 0x01, 0x0b, 0x01, 0x0e, 0x1a, 0x00, 0x15, 0x00,
    0x03, 0x0a, 0x05, 0x0b, 0x01, 0x0d, 0x03, 0x0e, 0x01, 0x0f, 0x02, 0x00, 0x01, 0x0b, 0x01, 0x0a, 0x01, 0x0b, 0x04, 0x0a,
    0x02, 0x0b, 0x01, 0x0d, 0x01, 0x0e, 0x19, 0x00, 0x15, 0x00, 0x01, 0x0d, 0x02, 0x0b, 0x01, 0x0d, 0x01, 0x0a, 0x02, 0x0b,
    0x01, 0x0d, 0x03, 0x0e, 0x02, 0x0f, 0x02, 0x00, 0x02, 0x0a, 0x01, 0x0b, 0x02, 0x0a, 0x01, 0x0b, 0x01, 0x09, 0x02, 0x0b,
    0x01, 0x0a, 0x01, 0x0e, 0x19, 0x00, 0x15, 0x00, 0x01, 0x0d, 0x01, 0x0a, 0x01, 0x09, 0x01, 0x0b, 0x01, 0x09, 0x01, 0x0b,
    0x01, 0x0d, 0x02, 0x0e, 0x02, 0x0f, 0x03, 0x00, 0x01, 0x0f, 0x02, 0x0b, 0x01, 0x0d, 0x02, 0x0a, 0x01, 0x0d, 0x01, 0x0a,
    0x02, 0x0d, 0x01, 0x0b, 0x01, 0x0f, 0x19, 0x00, 0x17, 0x00, 0x01, 0x05, 0x01, 0x0e, 0x01, 0x05, 0x01, 0x09, 0x01, 0x0f,
    0x01, 0x0e, 0x07, 0x00, 0x01, 0x0d, 0x01, 0x0b, 0x01, 0x0f, 0x01, 0x0a, 0x01, 0x0e, 0x01, 0x0f, 0x01, 0x09, 0x01, 0x0f,
    0x02, 0x0e, 0x1a, 0x00, 0x25, 0x00, 0x01, 0x0b, 0x02, 0x09, 0x01, 0x0b, 0x02, 0x09, 0x01, 0x0d, 0x01, 0x0b, 0x1b, 0x00,
    0x48, 0x00, 0x48, 0x00, 0x48, 0x00
};
const uint8_t kFailed4[] PROGMEM = {
    0x48, 0x00, 0x48, 0x00, 0x48, 0x00, 0x48, 0x00, 0x48, 0x00, 0x48, 0x00, 0x48, 0x00, 0x23, 0x00, 0x01, 0x0b, 0x02, 0x0d,
    0x22, 0x00, 0x1d, 0x00, 0x01, 0x03, 0x03, 0x00, 0x01, 0x0a, 0x01, 0x0b, 0x01, 0x0a, 0x02, 0x0b, 0x01, 0x0d, 0x21, 0x00,
    0x1b, 0x00, 0x01, 0x04, 0x01, 0x00, 0x01, 0x02, 0x02, 0x03, 0x01, 0x04, 0x04, 0x09, 0x02, 0x0a, 0x01, 0x0b, 0x20, 0x00,
    0x19, 0x00, 0x04, 0x03, 0x01, 0x02, 0x02, 0x01, 0x01, 0x03, 0x01, 0x09, 0x01, 0x06, 0x01, 0x09, 0x01, 0x0b, 0x01, 0x0a,
    0x01, 0x09, 0x01, 0x0b, 0x20, 0x00, 0x18, 0x00, 0x01, 0x02, 0x02, 0x03, 0x04, 0x02, 0x01, 0x01, 0x01, 0x03, 0x01, 0x0f,
    0x01, 0x09, 0x01, 0x0e, 0x01, 0x0f, 0x01, 0x0e, 0x01, 0x0a, 0x01, 0x0d, 0x01, 0x0f, 0x1f, 0x00, 0x14, 0x00, 0x01, 0x0b,
    0x01, 0x0a, 0x01, 0x0b, 0x01, 0x03, 0x01, 0x01, 0x01, 0x02, 0x04, 0x03, 0x01, 0x02, 0x01, 0x01, 0x01, 0x02, 0x01, 0x05,
    0x01, 0x0d, 0x03, 0x0f, 0x01, 0x0b, 0x01, 0x0e, 0x01, 0x0a, 0x08, 0x00, 0x01, 0x05, 0x02, 0x04, 0x14, 0x00, 0x13, 0x00,
    0x01, 0x0e, 0x01, 0x0b, 0x01, 0x09, 0x01, 0x0a, 0x01, 0x03, 0x02, 0x01, 0x02, 0x02, 0x01, 0x01, 0x03, 0x02, 0x02, 0x01,
    0x02, 0x03, 0x01, 0x04, 0x01, 0x0a, 0x01, 0x0f, 0x01, 0x06, 0x01, 0x02, 0x08, 0x00, 0x01, 0x05, 0x01, 0x04, 0x01, 0x05,
    0x01, 0x09, 0x13, 0x00, 0x13, 0x00, 0x01, 0x0b, 0x02, 0x0a, 0x01, 0x0d, 0x01, 0x04, 0x03, 0x01, 0x05, 0x02, 0x01, 0x01,
    0x01, 0x02, 0x03, 0x01, 0x01, 0x02, 0x01, 0x04, 0x01, 0x02, 0x01, 0x01, 0x01, 0x03, 0x06, 0x00, 0x01, 0x05, 0x01, 0x04,
    0x01, 0x05, 0x01, 0x09, 0x14, 0x00, 0x12, 0x00, 0x01, 0x0d, 0x01, 0x0a, 0x01, 0x0b, 0x01, 0x0e, 0x01, 0x0f, 0x01, 0x06,
    0x02, 0x03, 0x06, 0x02, 0x01, 0x01, 0x04, 0x02, 0x03, 0x01, 0x01, 0x02, 0x01, 0x03, 0x06, 0x00, 0x01, 0x05, 0x01, 0x04,
    0x01, 0x06, 0x15, 0x00, 0x12, 0x00, 0x01, 0x0e, 0x01, 0x0b, 0x01, 0x0d, 0x01, 0x0f, 0x01, 0x0b, 0x02, 0x03, 0x01, 0x04,
    0x04, 0x02, 0x03, 0x01, 0x03, 0x02, 0x01, 0x01, 0x05, 0x02, 0x01, 0x03, 0x04, 0x00, 0x01, 0x05, 0x01, 0x04, 0x01, 0x06,
    0x01, 0x09, 0x15, 0x00, 0x13, 0x00, 0x01, 0x0d, 0x01, 0x0a, 0x01, 0x0f, 0x01, 0x05, 0x04, 0x01, 0x01, 0x02, 0x01, 0x01,
    0x03, 0x02, 0x01, 0x01, 0x03, 0x02, 0x01, 0x01, 0x05, 0x02, 0x01, 0x03, 0x03, 0x00, 0x01, 0x09, 0x01, 0x06, 0x01, 0x05,
    0x01, 0x09, 0x16, 0x00, 0x13, 0x00, 0x01, 0x0d, 0x01, 0x0e, 0x01, 0x0f, 0x01, 0x03, 0x02, 0x02, 0x03, 0x01, 0x06, 0x02,
    0x01, 0x01, 0x07, 0x02, 0x01, 0x03, 0x01, 0x02, 0x02, 0x00, 0x02, 0x05, 0x01, 0x0b, 0x02, 0x06, 0x15, 0x00, 0x15, 0x00,
    0x01, 0x05, 0x09, 0x02, 0x02, 0x01, 0x01, 0x02, 0x01, 0x01, 0x07, 0x02, 0x01, 0x03, 0x01, 0x05, 0x01, 0x00, 0x01, 0x05,
    0x01, 0x04, 0x01, 0x06, 0x02, 0x09, 0x01, 0x06, 0x15, 0x00, 0x15, 0x00, 0x01, 0x02, 0x01, 0x01, 0x02, 0x02, 0x02, 0x01,
    0x04, 0x02, 0x02, 0x03, 0x01, 0x02, 0x02, 0x01, 0x05, 0x02, 0x01, 0x01, 0x01, 0x04, 0x01, 0x0d, 0x01, 0x09, 0x02, 0x05,
    0x01, 0x09, 0x01, 0x00, 0x01, 0x06, 0x01, 0x05, 0x15, 0x00, 0x15, 0x00, 0x01, 0x03, 0x01, 0x01, 0x01, 0x02, 0x01, 0x01,
    0x01, 0x02, 0x01, 0x03, 0x05, 0x02, 0x03, 0x03, 0x01, 0x01, 0x06, 0x02, 0x01, 0x04, 0x01, 0x0e, 0x01, 0x06, 0x01, 0x05,
    0x01, 0x09, 0x01, 0x00, 0x02, 0x05, 0x01, 0x04, 0x15, 0x00, 0x15, 0x00, 0x01, 0x04, 0x01, 0x03, 0x01, 0x01, 0x01, 0x02,
    0x03, 0x03, 0x02, 0x02, 0x02, 0x03, 0x01, 0x02, 0x02, 0x03, 0x03, 0x02, 0x01, 0x01, 0x01, 0x02, 0x01, 0x01, 0x01, 0x02,
    0x02, 0x09, 0x01, 0x0a, 0x02, 0x09, 0x01, 0x00, 0x01, 0x05, 0x03, 0x04, 0x14, 0x00, 0x16, 0x00, 0x01, 0x03, 0x01, 0x02,
    0x02, 0x03, 0x01, 0x02, 0x01, 0x04, 0x01, 0x03, 0x02, 0x02, 0x01, 0x04, 0x01, 0x0b, 0x01, 0x0d, 0x01, 0x09, 0x01, 0x06,
    0x01, 0x0b, 0x01, 0x06, 0x01, 0x03, 0x01, 0x02, 0x01, 0x01, 0x01, 0x04, 0x01, 0x0a, 0x01, 0x06, 0x02, 0x0c, 0x01, 0x08,
    0x01, 0x00, 0x01, 0x09, 0x03, 0x04, 0x14, 0x00, 0x16, 0x00, 0x03, 0x02, 0x01, 0x04, 0x01, 0x0b, 0x01, 0x0f, 0x01, 0x03,
    0x02, 0x02, 0x01, 0x03, 0x03, 0x0f, 0x01, 0x0e, 0x01, 0x0d, 0x01, 0x0f, 0x01, 0x04, 0x01, 0x01, 0x01, 0x03, 0x01, 0x09,
    0x01, 0x05, 0x01, 0x0d, 0x01, 0x0c, 0x03, 0x07, 0x01, 0x09, 0x01, 0x06, 0x01, 0x04, 0x01, 0x06, 0x14, 0x00, 0x15, 0x00,
    0x02, 0x03, 0x01, 0x01, 0x01, 0x03, 0x03, 0x0f, 0x01, 0x05, 0x01, 0x02, 0x01, 0x03, 0x01, 0x02, 0x01, 0x04, 0x01, 0x0e,
    0x01, 0x0f, 0x01, 0x0d, 0x01, 0x0a, 0x01, 0x0f, 0x01, 0x04, 0x01, 0x03, 0x01, 0x06, 0x01, 0x05, 0x01, 0x07, 0x01, 0x0c,
    0x02, 0x07, 0x01, 0x08, 0x01, 0x07, 0x01, 0x08, 0x01, 0x0b, 0x01, 0x06, 0x15, 0x00, 0x16, 0x00, 0x01, 0x03, 0x01, 0x01,
    0x01, 0x05, 0x01, 0x0f, 0x01, 0x0a, 0x01, 0x0f, 0x01, 0x03, 0x02, 0x01, 0x01, 0x02, 0x01, 0x01, 0x01, 0x03, 0x01, 0x04,
    0x02, 0x05, 0x02, 0x03, 0x01, 0x06, 0x01, 0x05, 0x01, 0x07, 0x01, 0x0c, 0x01, 0x08, 0x02, 0x07, 0x01, 0x08, 0x02, 0x07,
    0x01, 0x08, 0x16, 0x00, 0x17, 0x00, 0x01, 0x04, 0x01, 0x03, 0x01, 0x0a, 0x01, 0x0e, 0x01, 0x04, 0x01, 0x01, 0x01, 0x04,
    0x01, 0x09, 0x01, 0x03, 0x05, 0x01, 0x01, 0x03, 0x01, 0x0d, 0x02, 0x06, 0x02, 0x08, 0x04, 0x07, 0x01, 0x08, 0x02, 0x07,
    0x01, 0x09, 0x15, 0x00, 0x17, 0x00, 0x01, 0x06, 0x01, 0x05, 0x01, 0x03, 0x01, 0x02, 0x02, 0x01, 0x01, 0x03, 0x01, 0x04,
    0x03, 0x02, 0x01, 0x01, 0x01, 0x03, 0x01, 0x06, 0x02, 0x0f, 0x01, 0x06, 0x01, 0x08, 0x01, 0x0c, 0x08, 0x07, 0x01, 0x08,
    0x15, 0x00, 0x17, 0x00, 0x01, 0x06, 0x01, 0x09, 0x01, 0x0b, 0x01, 0x04, 0x01, 0x03, 0x01, 0x02, 0x01, 0x01, 0x03, 0x02,
    0x01, 0x03, 0x01, 0x04, 0x02, 0x0f, 0x04, 0x09, 0x01, 0x0c, 0x01, 0x07, 0x02, 0x08, 0x05, 0x07, 0x01, 0x08, 0x15, 0x00,
    0x17, 0x00, 0x02, 0x0c, 0x01, 0x0b, 0x01, 0x0e, 0x01, 0x0f, 0x01, 0x0a, 0x01, 0x09, 0x02, 0x05, 0x01, 0x09, 0x01, 0x0b,
    0x01, 0x0f, 0x01, 0x0e, 0x02, 0x05, 0x02, 0x09, 0x01, 0x06, 0x01, 0x08, 0x01, 0x07, 0x02, 0x08, 0x05, 0x07, 0x01, 0x08,
    0x15, 0x00, 0x17, 0x00, 0x01, 0x08, 0x01, 0x0c, 0x01, 0x0e, 0x01, 0x0b, 0x01, 0x0d, 0x01, 0x0e, 0x02, 0x09, 0x02, 0x0f,
    0x01, 0x0d, 0x01, 0x06, 0x02, 0x04, 0x03, 0x05, 0x02, 0x07, 0x05, 0x08, 0x04, 0x07, 0x01, 0x0c, 0x14, 0x00, 0x17, 0x00,
    0x02, 0x08, 0x01, 0x0c, 0x01, 0x08, 0x01, 0x0a, 0x01, 0x0b, 0x01, 0x06, 0x02, 0x04, 0x01, 0x05, 0x01, 0x04, 0x02, 0x03,
    0x02, 0x04, 0x01, 0x05, 0x01, 0x06, 0x02, 0x07, 0x03, 0x08, 0x01, 0x07, 0x01, 0x08, 0x04, 0x07, 0x01, 0x08, 0x14, 0x00,
    0x17, 0x00, 0x02, 0x07, 0x01, 0x0d, 0x01, 0x08, 0x01, 0x0d, 0x01, 0x09, 0x01, 0x06, 0x03, 0x03, 0x02, 0x02, 0x01, 0x04,
    0x01, 0x05, 0x01, 0x04, 0x02, 0x05, 0x02, 0x07, 0x02, 0x0c, 0x03, 0x08, 0x05, 0x07, 0x14, 0x00, 0x16, 0x00, 0x01, 0x08,
    0x02, 0x07, 0x01, 0x0c, 0x01, 0x08, 0x01, 0x09, 0x01, 0x06, 0x01, 0x05, 0x01, 0x04, 0x01, 0x01, 0x01, 0x02, 0x01, 0x01,
    0x01, 0x03, 0x01, 0x06, 0x01, 0x04, 0x03, 0x05, 0x02, 0x07, 0x02, 0x0c, 0x01, 0x07, 0x01, 0x08, 0x06, 0x07, 0x01, 0x0c,
    0x13, 0x00, 0x16, 0x00, 0x01, 0x0c, 0x02, 0x07, 0x01, 0x0c, 0x01, 0x07, 0x04, 0x05, 0x01, 0x03, 0x01, 0x02, 0x01, 0x03,
    0x02, 0x04, 0x01, 0x05, 0x01, 0x06, 0x01, 0x05, 0x02, 0x06, 0x01, 0x07, 0x01, 0x08, 0x01, 0x0d, 0x01, 0x08, 0x01, 0x07,
    0x03, 0x08, 0x03, 0x07, 0x01, 0x08, 0x13, 0x00, 0x16, 0x00, 0x01, 0x07, 0x01, 0x08, 0x01, 0x0c, 0x01, 0x0d, 0x01, 0x0c,
    0x01, 0x09, 0x01, 0x06, 0x02, 0x05, 0x01, 0x04, 0x01, 0x03, 0x01, 0x04, 0x01, 0x06, 0x01, 0x05, 0x03, 0x06, 0x01, 0x09,
    0x01, 0x06, 0x02, 0x08, 0x01, 0x0d, 0x01, 0x08, 0x02, 0x0c, 0x01, 0x08, 0x01, 0x07, 0x01, 0x08, 0x02, 0x07, 0x01, 0x0c,
    0x13, 0x00, 0x16, 0x00, 0x01, 0x0c, 0x01, 0x08, 0x01, 0x0a, 0x01, 0x0e, 0x01, 0x0d, 0x02, 0x09, 0x03, 0x06, 0x01, 0x05,
    0x02, 0x06, 0x01, 0x09, 0x03, 0x06, 0x01, 0x09, 0x01, 0x06, 0x02, 0x08, 0x01, 0x0c, 0x01, 0x0a, 0x01, 0x09, 0x03, 0x06,
    0x02, 0x08, 0x01, 0x07, 0x01, 0x08, 0x13, 0x00, 0x15, 0x00, 0x01, 0x06, 0x01, 0x05, 0x02, 0x04, 0x01, 0x06, 0x01, 0x07,
    0x02, 0x06, 0x01, 0x05, 0x01, 0x09, 0x01, 0x06, 0x02, 0x05, 0x03, 0x06, 0x01, 0x05, 0x01, 0x04, 0x02, 0x06, 0x01, 0x05,
    0x01, 0x07, 0x01, 0x09, 0x01, 0x05, 0x06, 0x04, 0x01, 0x06, 0x01, 0x0c, 0x13, 0x00, 0x15, 0x00, 0x03, 0x04, 0x01, 0x05,
    0x01, 0x06, 0x01, 0x07, 0x02, 0x06, 0x01, 0x05, 0x01, 0x06, 0x02, 0x05, 0x01, 0x06, 0x06, 0x05, 0x01, 0x06, 0x01, 0x05,
    0x01, 0x0d, 0x01, 0x09, 0x07, 0x04, 0x02, 0x05, 0x13, 0x00, 0x15, 0x00, 0x01, 0x04, 0x01, 0x05, 0x02, 0x0a, 0x01, 0x0f,
    0x01, 0x0a, 0x01, 0x0b, 0x02, 0x09, 0x02, 0x05, 0x01, 0x06, 0x01, 0x05, 0x01, 0x04, 0x01, 0x05, 0x01, 0x06, 0x02, 0x05,
    0x01, 0x06, 0x01, 0x09, 0x01, 0x0b, 0x01, 0x0d, 0x02, 0x09, 0x02, 0x0a, 0x01, 0x09, 0x01, 0x06, 0x01, 0x05, 0x02, 0x04,
    0x01, 0x05, 0x13, 0x00, 0x15, 0x00, 0x01, 0x06, 0x01, 0x0a, 0x01, 0x0b, 0x01, 0x09, 0x01, 0x0b, 0x01, 0x07, 0x01, 0x09,
    0x01, 0x0e, 0x04, 0x09, 0x05, 0x06, 0x02, 0x09, 0x01, 0x0e, 0x01, 0x09, 0x01, 0x08, 0x01, 0x0e, 0x01, 0x0b, 0x01, 0x09,
    0x01, 0x0a, 0x01, 0x09, 0x01, 0x0a, 0x01, 0x0d, 0x01, 0x06, 0x01, 0x04, 0x01, 0x06, 0x13, 0x00, 0x16, 0x00, 0x01, 0x0a,
    0x02, 0x09, 0x01, 0x0a, 0x01, 0x06, 0x01, 0x0b, 0x01, 0x09, 0x01, 0x06, 0x03, 0x05, 0x02, 0x06, 0x01, 0x09, 0x01, 0x06,
    0x01, 0x09, 0x01, 0x05, 0x01, 0x06, 0x02, 0x09, 0x01, 0x06, 0x01, 0x0d, 0x01, 0x0a, 0x03, 0x09, 0x02, 0x0a, 0x01, 0x0e,
    0x01, 0x09, 0x01, 0x05, 0x13, 0x00, 0x16, 0x00, 0x01, 0x0b, 0x01, 0x0a, 0x01, 0x0b, 0x01, 0x0e, 0x01, 0x06, 0x02, 0x0a,
    0x01, 0x06, 0x04, 0x05, 0x01, 0x09, 0x01, 0x06, 0x01, 0x05, 0x01, 0x06, 0x03, 0x09, 0x01, 0x0d, 0x01, 0x05, 0x01, 0x0d,
    0x01, 0x0e, 0x02, 0x0b, 0x02, 0x0a, 0x01, 0x0b, 0x02, 0x0d, 0x14, 0x00, 0x16, 0x00, 0x01, 0x0f, 0x01, 0x0e, 0x01, 0x0d,
    0x01, 0x0a, 0x01, 0x09, 0x01, 0x0a, 0x01, 0x07, 0x01, 0x08, 0x01, 0x0a, 0x06, 0x09, 0x01, 0x0d, 0x01, 0x0b, 0x01, 0x0d,
    0x02, 0x0b, 0x01, 0x09, 0x01, 0x0f, 0x03, 0x0e, 0x01, 0x0d, 0x01, 0x0b, 0x01, 0x0d, 0x01, 0x0e, 0x15, 0x00, 0x17, 0x00,
    0x01, 0x0d, 0x01, 0x0a, 0x01, 0x05, 0x02, 0x08, 0x05, 0x07, 0x02, 0x08, 0x01, 0x0c, 0x01, 0x0d, 0x01, 0x09, 0x01, 0x05,
    0x01, 0x08, 0x01, 0x07, 0x01, 0x0a, 0x01, 0x0c, 0x01, 0x06, 0x02, 0x0b, 0x01, 0x0d, 0x03, 0x0e, 0x01, 0x0d, 0x15, 0x00,
    0x17, 0x00, 0x01, 0x0f, 0x01, 0x09, 0x01, 0x06, 0x0a, 0x07, 0x01, 0x06, 0x02, 0x05, 0x01, 0x06, 0x01, 0x08, 0x01, 0x07,
    0x01, 0x08, 0x02, 0x06, 0x01, 0x0d, 0x02, 0x0b, 0x01, 0x0e, 0x01, 0x0d, 0x01, 0x09, 0x15, 0x00, 0x18, 0x00, 0x01, 0x09,
    0x0b, 0x07, 0x04, 0x05, 0x01, 0x06, 0x02, 0x07, 0x01, 0x08, 0x01, 0x05, 0x01, 0x06, 0x01, 0x0d, 0x02, 0x0e, 0x01, 0x0b,
    0x16, 0x00, 0x18, 0x00, 0x01, 0x0c, 0x0a, 0x07, 0x01, 0x08, 0x05, 0x05, 0x01, 0x08, 0x02, 0x07, 0x01, 0x08, 0x01, 0x05,
    0x01, 0x09, 0x01, 0x0e, 0x01, 0x0d, 0x01, 0x0c, 0x16, 0x00, 0x19, 0x00, 0x01, 0x0c, 0x01, 0x08, 0x03, 0x07, 0x01, 0x08,
    0x01, 0x0c, 0x04, 0x08, 0x04, 0x05, 0x01, 0x09, 0x04, 0x07, 0x01, 0x0c, 0x02, 0x09, 0x01, 0x0a, 0x01, 0x0c, 0x16, 0x00,
    0x19, 0x00, 0x01, 0x0c, 0x02, 0x08, 0x03, 0x07, 0x01, 0x0c, 0x03, 0x0d, 0x01, 0x0b, 0x02, 0x0a, 0x01, 0x09, 0x01, 0x06,
    0x01, 0x0c, 0x03, 0x07, 0x04, 0x08, 0x01, 0x0c, 0x17, 0x00, 0x19, 0x00, 0x01, 0x0c, 0x01, 0x08, 0x04, 0x07, 0x01, 0x08,
    0x01, 0x0c, 0x01, 0x0d, 0x01, 0x0f, 0x01, 0x0d, 0x04, 0x08, 0x06, 0x07, 0x02, 0x08, 0x01, 0x0c, 0x17, 0x00, 0x1a, 0x00,
    0x01, 0x0c, 0x06, 0x08, 0x01, 0x0c, 0x01, 0x0d, 0x01, 0x0e, 0x02, 0x08, 0x08, 0x07, 0x02, 0x08, 0x01, 0x0c, 0x17, 0x00,
    0x1a, 0x00, 0x01, 0x09, 0x02, 0x06, 0x03, 0x08, 0x01, 0x0c, 0x01, 0x0d, 0x02, 0x0e, 0x01, 0x0d, 0x01, 0x0c, 0x05, 0x08,
    0x01, 0x07, 0x01, 0x08, 0x01, 0x07, 0x01, 0x08, 0x02, 0x0a, 0x17, 0x00, 0x1a, 0x00, 0x01, 0x06, 0x04, 0x04, 0x01, 0x05,
    0x01, 0x06, 0x04, 0x09, 0x06, 0x06, 0x03, 0x05, 0x02, 0x06, 0x01, 0x09, 0x17, 0x00, 0x1b, 0x00, 0x01, 0x0f, 0x01, 0x0b,
    0x01, 0x09, 0x02, 0x06, 0x01, 0x09, 0x02, 0x0b, 0x01, 0x0d, 0x01, 0x0b, 0x01, 0x06, 0x06, 0x04, 0x01, 0x05, 0x01, 0x06,
    0x01, 0x09, 0x01, 0x0e, 0x18, 0x00, 0x1b, 0x00, 0x01, 0x0f, 0x01, 0x0e, 0x02, 0x0d, 0x02, 0x0e, 0x01, 0x0d, 0x02, 0x0e,
    0x02, 0x0f, 0x01, 0x0d, 0x01, 0x0a, 0x03, 0x09, 0x01, 0x0a, 0x02, 0x0d, 0x02, 0x0e, 0x18, 0x00, 0x1b, 0x00, 0x03, 0x0e,
    0x02, 0x0d, 0x01, 0x0b, 0x01, 0x0a, 0x01, 0x0b, 0x01, 0x0d, 0x03, 0x0f, 0x01, 0x0e, 0x01, 0x0b, 0x02, 0x0a, 0x01, 0x0d,
    0x01, 0x0b, 0x01, 0x0a, 0x02, 0x0d, 0x01, 0x0e, 0x17, 0x00, 0x1b, 0x00, 0x01, 0x0d, 0x02, 0x0a, 0x04, 0x0b, 0x02, 0x0a,
    0x01, 0x0f, 0x01, 0x0e, 0x01, 0x0d, 0x01, 0x0e, 0x01, 0x0d, 0x01, 0x0e, 0x01, 0x0d, 0x01, 0x0b, 0x01, 0x0a, 0x02, 0x0b,
    0x01, 0x0d, 0x01, 0x0f, 0x17, 0x00, 0x1c, 0x00, 0x01, 0x0b, 0x02, 0x0a, 0x02, 0x0b, 0x02, 0x0a, 0x01, 0x0b, 0x01, 0x0e,
    0x01, 0x0f, 0x01, 0x0d, 0x01, 0x0a, 0x02, 0x0b, 0x01, 0x0a, 0x01, 0x09, 0x02, 0x0a, 0x01, 0x0d, 0x01, 0x0e, 0x18, 0x00,
    0x1c, 0x00, 0x01, 0x0f, 0x01, 0x0d, 0x02, 0x0a, 0x03, 0x0b, 0x01, 0x0d, 0x01, 0x0e, 0x01, 0x0f, 0x01, 0x0e, 0x01, 0x0b,
    0x05, 0x0a, 0x01, 0x0b, 0x01, 0x0d, 0x01, 0x0e, 0x18, 0x00, 0x1d, 0x00, 0x01, 0x0e, 0x05, 0x0b, 0x01, 0x0d, 0x02, 0x0e,
    0x01, 0x0d, 0x01, 0x0b, 0x03, 0x0a, 0x01, 0x0b, 0x01, 0x0a, 0x01, 0x0b, 0x01, 0x0e, 0x19, 0x00, 0x1c, 0x00, 0x01, 0x0a,
    0x01, 0x09, 0x04, 0x0a, 0x02, 0x0b, 0x03, 0x0e, 0x01, 0x0d, 0x02, 0x0a, 0x01, 0x0b, 0x01, 0x0a, 0x01, 0x0b, 0x01, 0x0d,
    0x01, 0x0e, 0x19, 0x00, 0x1b, 0x00, 0x01, 0x09, 0x01, 0x0a, 0x01, 0x09, 0x05, 0x0a, 0x01, 0x0b, 0x01, 0x0e, 0x01, 0x0f,
    0x01, 0x0d, 0x03, 0x09, 0x03, 0x0a, 0x01, 0x0b, 0x01, 0x0e, 0x19, 0x00, 0x1b, 0x00, 0x01, 0x09, 0x02, 0x0a, 0x01, 0x0d,
    0x04, 0x0a, 0x01, 0x0d, 0x01, 0x0e, 0x01, 0x0f, 0x02, 0x0b, 0x06, 0x0a, 0x01, 0x0d, 0x19, 0x00, 0x1a, 0x00, 0x01, 0x09,
    0x03, 0x0a, 0x01, 0x0b, 0x01, 0x09, 0x02, 0x0a, 0x01, 0x0d, 0x02, 0x0e, 0x01, 0x0d, 0x01, 0x09, 0x01, 0x0b, 0x02, 0x0a,
    0x01, 0x0b, 0x01, 0x09, 0x01, 0x0b, 0x02, 0x0a, 0x01, 0x0e, 0x18, 0x00, 0x1a, 0x00, 0x01, 0x09, 0x01, 0x0b, 0x01, 0x0a,
    0x01, 0x0b, 0x03, 0x0a, 0x01, 0x0b, 0x01, 0x0e, 0x02, 0x0f, 0x01, 0x0b, 0x01, 0x09, 0x01, 0x0b, 0x02, 0x0a, 0x01, 0x0b,
    0x01, 0x0a, 0x03, 0x0b, 0x01, 0x0f, 0x18, 0x00, 0x1b, 0x00, 0x01, 0x0a, 0x02, 0x09, 0x01, 0x0e, 0x01, 0x06, 0x01, 0x0d,
    0x02, 0x0e, 0x02, 0x00, 0x01, 0x0a, 0x01, 0x09, 0x01, 0x0d, 0x01, 0x09, 0x01, 0x0b, 0x01, 0x0e, 0x01, 0x09, 0x01, 0x0e,
    0x01, 0x0d, 0x01, 0x0e, 0x19, 0x00, 0x26, 0x00, 0x01, 0x0d, 0x01, 0x09, 0x01, 0x06, 0x03, 0x09, 0x01, 0x0b, 0x01, 0x0e,
    0x1a, 0x00, 0x48, 0x00, 0x48, 0x00, 0x48, 0x00
};
const uint8_t kFailed5[] PROGMEM = {
    0x48, 0x00, 0x48, 0x00, 0x48, 0x00, 0x48, 0x00, 0x48, 0x00, 0x48, 0x00, 0x48, 0x00, 0x48, 0x00, 0x48, 0x00, 0x48, 0x00,
    0x48, 0x00, 0x48, 0x00, 0x48, 0x00, 0x48, 0x00, 0x48, 0x00, 0x48, 0x00, 0x48, 0x00, 0x48, 0x00, 0x48, 0x00, 0x48, 0x00,
    0x48, 0x00, 0x48, 0x00, 0x1e, 0x00, 0x01, 0x03, 0x29, 0x00, 0x1c, 0x00, 0x02, 0x01, 0x01, 0x02, 0x29, 0x00, 0x1b, 0x00,
    0x01, 0x02, 0x01, 0x01, 0x01, 0x02, 0x2a, 0x00, 0x1a, 0x00, 0x01, 0x02, 0x02, 0x01, 0x01, 0x02, 0x01, 0x03, 0x01, 0x04,
    0x01, 0x00, 0x01, 0x01, 0x26, 0x00, 0x1a, 0x00, 0x01, 0x02, 0x01, 0x01, 0x01, 0x02, 0x01, 0x01, 0x04, 0x02, 0x02, 0x03,
    0x01, 0x04, 0x04, 0x0d, 0x1f, 0x00, 0x17, 0x00, 0x01, 0x0b, 0x01, 0x0a, 0x01, 0x0e, 0x01, 0x03, 0x01, 0x02, 0x01, 0x01,
    0x02, 0x02, 0x01, 0x01, 0x03, 0x02, 0x01, 0x01, 0x01, 0x04, 0x01, 0x0b, 0x02, 0x0a, 0x01, 0x0b, 0x01, 0x0d, 0x1e, 0x00,
    0x16, 0x00, 0x01, 0x0b, 0x01, 0x0a, 0x01, 0x09, 0x01, 0x0d, 0x01, 0x06, 0x01, 0x04, 0x01, 0x03, 0x06, 0x02, 0x01, 0x03,
    0x01, 0x0b, 0x01, 0x09, 0x03, 0x0a, 0x01, 0x0b, 0x01, 0x0d, 0x1d, 0x00, 0x15, 0x00, 0x01, 0x0d, 0x02, 0x0a, 0x01, 0x09,
    0x01, 0x0b, 0x01, 0x04, 0x02, 0x03, 0x05, 0x02, 0x01, 0x01, 0x01, 0x03, 0x01, 0x09, 0x01, 0x0d, 0x02, 0x0f, 0x01, 0x0d,
    0x01, 0x0a, 0x01, 0x0d, 0x07, 0x00, 0x01, 0x04, 0x15, 0x00, 0x15, 0x00, 0x01, 0x0b, 0x01, 0x0a, 0x01, 0x0f, 0x01, 0x0e,
    0x01, 0x04, 0x03, 0x01, 0x08, 0x02, 0x01, 0x05, 0x02, 0x0f, 0x01, 0x0d, 0x01, 0x0a, 0x01, 0x0e, 0x06, 0x00, 0x01, 0x05,
    0x01, 0x04, 0x01, 0x05, 0x14, 0x00, 0x15, 0x00, 0x01, 0x0a, 0x01, 0x09, 0x01, 0x0f, 0x01, 0x0e, 0x01, 0x03, 0x01, 0x01,
    0x07, 0x02, 0x01, 0x01, 0x03, 0x02, 0x01, 0x03, 0x03, 0x0e, 0x01, 0x0f, 0x06, 0x00, 0x01, 0x05, 0x01, 0x04, 0x01, 0x06,
    0x01, 0x09, 0x13, 0x00, 0x15, 0x00, 0x01, 0x0e, 0x01, 0x0a, 0x01, 0x0f, 0x01, 0x04, 0x01, 0x01, 0x0c, 0x02, 0x01, 0x01,
    0x01, 0x03, 0x01, 0x0d, 0x01, 0x09, 0x01, 0x04, 0x05, 0x00, 0x01, 0x05, 0x01, 0x04, 0x01, 0x05, 0x01, 0x09, 0x14, 0x00,
    0x16, 0x00, 0x01, 0x0f, 0x01, 0x09, 0x0f, 0x02, 0x01, 0x01, 0x01, 0x03, 0x01, 0x02, 0x01, 0x03, 0x04, 0x00, 0x01, 0x06,
    0x01, 0x05, 0x01, 0x06, 0x01, 0x0b, 0x15, 0x00, 0x17, 0x00, 0x01, 0x04, 0x01, 0x01, 0x01, 0x02, 0x01, 0x01, 0x02, 0x02,
    0x01, 0x01, 0x04, 0x02, 0x01, 0x01, 0x03, 0x02, 0x01, 0x01, 0x01, 0x02, 0x02, 0x01, 0x01, 0x03, 0x03, 0x00, 0x01, 0x0e,
    0x01, 0x05, 0x01, 0x04, 0x01, 0x09, 0x16, 0x00, 0x17, 0x00, 0x01, 0x03, 0x03, 0x02, 0x01, 0x03, 0x04, 0x02, 0x02, 0x03,
    0x01, 0x02, 0x01, 0x01, 0x07, 0x02, 0x01, 0x03, 0x02, 0x00, 0x02, 0x05, 0x01, 0x09, 0x01, 0x05, 0x16, 0x00, 0x16, 0x00,
    0x01, 0x03, 0x03, 0x02, 0x01, 0x03, 0x01, 0x02, 0x01, 0x03, 0x02, 0x02, 0x01, 0x03, 0x02, 0x02, 0x01, 0x03, 0x01, 0x02,
    0x01, 0x01, 0x06, 0x02, 0x01, 0x03, 0x01, 0x00, 0x01, 0x05, 0x01, 0x04, 0x01, 0x05, 0x01, 0x0d, 0x01, 0x0a, 0x16, 0x00,
    0x17, 0x00, 0x01, 0x03, 0x02, 0x02, 0x01, 0x03, 0x02, 0x04, 0x02, 0x02, 0x01, 0x03, 0x01, 0x05, 0x02, 0x04, 0x01, 0x03,
    0x02, 0x01, 0x05, 0x02, 0x01, 0x03, 0x01, 0x09, 0x02, 0x05, 0x02, 0x09, 0x01, 0x05, 0x01, 0x04, 0x15, 0x00, 0x17, 0x00,
    0x01, 0x03, 0x01, 0x02, 0x01, 0x03, 0x01, 0x09, 0x01, 0x0f, 0x01, 0x06, 0x03, 0x02, 0x01, 0x0b, 0x01, 0x0f, 0x01, 0x0d,
    0x01, 0x06, 0x01, 0x05, 0x01, 0x04, 0x01, 0x01, 0x03, 0x02, 0x01, 0x01, 0x01, 0x04, 0x01, 0x09, 0x01, 0x05, 0x01, 0x09,
    0x01, 0x00, 0x01, 0x05, 0x02, 0x04, 0x15, 0x00, 0x16, 0x00, 0x01, 0x02, 0x01, 0x01, 0x01, 0x03, 0x01, 0x0f, 0x01, 0x0e,
    0x01, 0x0f, 0x01, 0x09, 0x03, 0x02, 0x01, 0x06, 0x02, 0x0e, 0x01, 0x0f, 0x01, 0x0b, 0x01, 0x0f, 0x01, 0x03, 0x01, 0x01,
    0x01, 0x02, 0x01, 0x01, 0x01, 0x03, 0x01, 0x0a, 0x01, 0x05, 0x01, 0x09, 0x01, 0x0d, 0x01, 0x00, 0x01, 0x05, 0x02, 0x04,
    0x15, 0x00, 0x16, 0x00, 0x01, 0x06, 0x01, 0x04, 0x01, 0x05, 0x01, 0x0e, 0x01, 0x09, 0x01, 0x0f, 0x01, 0x04, 0x03, 0x02,
    0x01, 0x03, 0x01, 0x06, 0x01, 0x0f, 0x02, 0x06, 0x01, 0x0f, 0x01, 0x04, 0x01, 0x01, 0x02, 0x02, 0x01, 0x05, 0x01, 0x0b,
    0x02, 0x09, 0x02, 0x00, 0x01, 0x05, 0x03, 0x04, 0x14, 0x00, 0x15, 0x00, 0x03, 0x09, 0x01, 0x06, 0x02, 0x09, 0x01, 0x04,
    0x01, 0x02, 0x01, 0x0b, 0x01, 0x09, 0x01, 0x02, 0x01, 0x01, 0x01, 0x03, 0x01, 0x04, 0x02, 0x09, 0x01, 0x04, 0x02, 0x02,
    0x01, 0x03, 0x01, 0x05, 0x01, 0x0a, 0x01, 0x0d, 0x01, 0x0a, 0x01, 0x09, 0x02, 0x00, 0x01, 0x09, 0x02, 0x04, 0x01, 0x06,
    0x14, 0x00, 0x15, 0x00, 0x01, 0x0a, 0x01, 0x09, 0x01, 0x06, 0x01, 0x09, 0x01, 0x03, 0x03, 0x01, 0x02, 0x03, 0x01, 0x01,
    0x01, 0x02, 0x02, 0x01, 0x02, 0x02, 0x01, 0x01, 0x01, 0x02, 0x01, 0x03, 0x01, 0x05, 0x01, 0x0a, 0x02, 0x0c, 0x01, 0x07,
    0x01, 0x0c, 0x02, 0x00, 0x01, 0x0a, 0x01, 0x06, 0x01, 0x05, 0x15, 0x00, 0x15, 0x00, 0x01, 0x0b, 0x01, 0x0a, 0x01, 0x09,
    0x01, 0x0b, 0x01, 0x04, 0x01, 0x02, 0x01, 0x01, 0x02, 0x02, 0x01, 0x03, 0x04, 0x02, 0x02, 0x01, 0x01, 0x03, 0x01, 0x04,
    0x01, 0x05, 0x01, 0x0a, 0x01, 0x0c, 0x02, 0x07, 0x01, 0x08, 0x01, 0x07, 0x01, 0x0c, 0x01, 0x00, 0x02, 0x05, 0x16, 0x00,
    0x15, 0x00, 0x01, 0x0b, 0x01, 0x0a, 0x01, 0x0b, 0x02, 0x0a, 0x01, 0x09, 0x01, 0x03, 0x01, 0x01, 0x04, 0x02, 0x01, 0x01,
    0x02, 0x03, 0x01, 0x04, 0x02, 0x06, 0x02, 0x0c, 0x06, 0x07, 0x02, 0x00, 0x01, 0x04, 0x16, 0x00, 0x16, 0x00, 0x01, 0x0d,
    0x02, 0x0a, 0x01, 0x09, 0x01, 0x0a, 0x01, 0x0b, 0x01, 0x04, 0x01, 0x03, 0x02, 0x04, 0x01, 0x03, 0x01, 0x04, 0x01, 0x0a,
    0x02, 0x0f, 0x01, 0x06, 0x02, 0x0c, 0x08, 0x07, 0x03, 0x05, 0x15, 0x00, 0x16, 0x00, 0x02, 0x0f, 0x01, 0x0d, 0x01, 0x0b,
    0x01, 0x0a, 0x01, 0x0b, 0x07, 0x0f, 0x01, 0x0b, 0x01, 0x0a, 0x01, 0x09, 0x01, 0x0e, 0x01, 0x0c, 0x01, 0x07, 0x03, 0x08,
    0x01, 0x07, 0x01, 0x08, 0x02, 0x07, 0x01, 0x05, 0x01, 0x04, 0x16, 0x00, 0x15, 0x00, 0x01, 0x0c, 0x01, 0x0d, 0x02, 0x0e,
    0x01, 0x0d, 0x01, 0x0b, 0x02, 0x0f, 0x01, 0x0b, 0x01, 0x09, 0x02, 0x0d, 0x01, 0x0a, 0x02, 0x05, 0x01, 0x0a, 0x01, 0x09,
    0x01, 0x0e, 0x01, 0x0c, 0x03, 0x08, 0x05, 0x07, 0x01, 0x08, 0x17, 0x00, 0x15, 0x00, 0x03, 0x0d, 0x02, 0x0b, 0x01, 0x0d,
    0x01, 0x0e, 0x01, 0x0f, 0x01, 0x0a, 0x01, 0x04, 0x02, 0x05, 0x02, 0x03, 0x01, 0x05, 0x01, 0x06, 0x01, 0x08, 0x01, 0x0c,
    0x02, 0x08, 0x05, 0x07, 0x01, 0x08, 0x02, 0x07, 0x17, 0x00, 0x14, 0x00, 0x01, 0x0b, 0x05, 0x0d, 0x01, 0x0b, 0x02, 0x0d,
    0x01, 0x0a, 0x01, 0x04, 0x02, 0x03, 0x01, 0x02, 0x01, 0x04, 0x02, 0x06, 0x01, 0x0b, 0x04, 0x0c, 0x01, 0x08, 0x03, 0x07,
    0x02, 0x0c, 0x01, 0x07, 0x17, 0x00, 0x14, 0x00, 0x01, 0x09, 0x01, 0x0e, 0x03, 0x0d, 0x02, 0x0b, 0x01, 0x0d, 0x02, 0x0a,
    0x01, 0x04, 0x02, 0x02, 0x01, 0x03, 0x01, 0x06, 0x01, 0x05, 0x01, 0x09, 0x01, 0x06, 0x01, 0x05, 0x01, 0x06, 0x01, 0x08,
    0x01, 0x0c, 0x01, 0x08, 0x03, 0x07, 0x02, 0x0c, 0x02, 0x07, 0x16, 0x00, 0x13, 0x00, 0x01, 0x05, 0x01, 0x0a, 0x01, 0x0e,
    0x03, 0x0d, 0x01, 0x0b, 0x01, 0x0d, 0x01, 0x0f, 0x01, 0x0b, 0x01, 0x06, 0x01, 0x05, 0x01, 0x03, 0x01, 0x02, 0x01, 0x04,
    0x02, 0x06, 0x02, 0x09, 0x01, 0x05, 0x02, 0x04, 0x01, 0x08, 0x01, 0x0c, 0x02, 0x07, 0x01, 0x08, 0x01, 0x0d, 0x01, 0x08,
    0x02, 0x07, 0x16, 0x00, 0x13, 0x00, 0x01, 0x04, 0x01, 0x06, 0x01, 0x0f, 0x01, 0x0b, 0x02, 0x0d, 0x02, 0x0e, 0x01, 0x0f,
    0x01, 0x0d, 0x02, 0x06, 0x01, 0x05, 0x01, 0x04, 0x02, 0x09, 0x02, 0x0a, 0x01, 0x0b, 0x01, 0x0d, 0x01, 0x06, 0x02, 0x04,
    0x01, 0x07, 0x01, 0x08, 0x01, 0x07, 0x02, 0x0c, 0x03, 0x07, 0x16, 0x00, 0x13, 0x00, 0x01, 0x05, 0x01, 0x04, 0x01, 0x0e,
    0x01, 0x0f, 0x02, 0x0e, 0x02, 0x0f, 0x01, 0x0e, 0x01, 0x0d, 0x01, 0x0a, 0x01, 0x09, 0x01, 0x0a, 0x01, 0x0b, 0x02, 0x0a,
    0x04, 0x0b, 0x01, 0x0e, 0x02, 0x04, 0x01, 0x05, 0x02, 0x08, 0x01, 0x0c, 0x01, 0x08, 0x02, 0x07, 0x01, 0x08, 0x01, 0x0c,
    0x15, 0x00, 0x13, 0x00, 0x01, 0x0d, 0x01, 0x05, 0x01, 0x04, 0x01, 0x0d, 0x03, 0x0f, 0x01, 0x0b, 0x01, 0x0d, 0x01, 0x0f,
    0x01, 0x0d, 0x01, 0x09, 0x02, 0x0a, 0x02, 0x0b, 0x01, 0x0d, 0x03, 0x0b, 0x01, 0x0e, 0x01, 0x09, 0x02, 0x04, 0x01, 0x08,
    0x01, 0x0c, 0x01, 0x0e, 0x01, 0x0c, 0x01, 0x08, 0x01, 0x07, 0x01, 0x08, 0x01, 0x0c, 0x15, 0x00, 0x14, 0x00, 0x01, 0x0b,
    0x01, 0x05, 0x01, 0x04, 0x02, 0x05, 0x01, 0x06, 0x01, 0x09, 0x01, 0x0f, 0x01, 0x0b, 0x01, 0x0a, 0x02, 0x0b, 0x05, 0x0d,
    0x02, 0x0b, 0x02, 0x0d, 0x01, 0x04, 0x01, 0x05, 0x01, 0x0a, 0x01, 0x0e, 0x01, 0x09, 0x01, 0x08, 0x01, 0x0c, 0x01, 0x08,
    0x02, 0x07, 0x15, 0x00, 0x15, 0x00, 0x01, 0x0b, 0x03, 0x06, 0x01, 0x09, 0x01, 0x0b, 0x02, 0x0d, 0x01, 0x0a, 0x01, 0x0b,
    0x03, 0x0d, 0x03, 0x0b, 0x02, 0x0d, 0x02, 0x0e, 0x02, 0x05, 0x01, 0x0b, 0x01, 0x0c, 0x01, 0x0e, 0x01, 0x09, 0x01, 0x06,
    0x02, 0x07, 0x01, 0x0c, 0x15, 0x00, 0x15, 0x00, 0x03, 0x0e, 0x01, 0x0d, 0x02, 0x0a, 0x02, 0x0d, 0x03, 0x0b, 0x01, 0x0d,
    0x02, 0x0e, 0x01, 0x0d, 0x03, 0x0e, 0x01, 0x0f, 0x01, 0x09, 0x01, 0x05, 0x01, 0x09, 0x01, 0x0b, 0x02, 0x08, 0x01, 0x0f,
    0x01, 0x0b, 0x02, 0x06, 0x01, 0x08, 0x15, 0x00, 0x15, 0x00, 0x01, 0x0d, 0x01, 0x0a, 0x03, 0x09, 0x01, 0x0b, 0x03, 0x0d,
    0x02, 0x0b, 0x01, 0x0e, 0x02, 0x0f, 0x02, 0x0e, 0x02, 0x0f, 0x01, 0x0e, 0x01, 0x09, 0x01, 0x0e, 0x01, 0x0d, 0x01, 0x06,
    0x02, 0x08, 0x01, 0x0b, 0x01, 0x0d, 0x02, 0x0e, 0x02, 0x09, 0x14, 0x00, 0x15, 0x00, 0x01, 0x0f, 0x01, 0x0d, 0x03, 0x0b,
    0x02, 0x0a, 0x01, 0x0f, 0x01, 0x0d, 0x01, 0x0b, 0x03, 0x0f, 0x01, 0x0d, 0x01, 0x0a, 0x02, 0x0b, 0x02, 0x0a, 0x01, 0x0d,
    0x01, 0x0e, 0x01, 0x0a, 0x01, 0x06, 0x02, 0x08, 0x01, 0x0c, 0x01, 0x0e, 0x01, 0x09, 0x01, 0x0d, 0x01, 0x0e, 0x15, 0x00,
    0x16, 0x00, 0x01, 0x0d, 0x03, 0x0b, 0x02, 0x0a, 0x01, 0x0d, 0x01, 0x0e, 0x01, 0x0d, 0x01, 0x0f, 0x01, 0x0e, 0x04, 0x0b,
    0x01, 0x0a, 0x03, 0x0b, 0x01, 0x0f, 0x01, 0x0d, 0x01, 0x06, 0x03, 0x08, 0x01, 0x0d, 0x01, 0x09, 0x01, 0x06, 0x16, 0x00,
    0x17, 0x00, 0x01, 0x0b, 0x03, 0x0a, 0x01, 0x0b, 0x01, 0x0a, 0x01, 0x0b, 0x01, 0x0e, 0x02, 0x0f, 0x02, 0x0b, 0x01, 0x0d,
    0x04, 0x0b, 0x01, 0x0d, 0x01, 0x0f, 0x01, 0x0b, 0x01, 0x0a, 0x03, 0x08, 0x01, 0x0c, 0x01, 0x0b, 0x01, 0x0a, 0x16, 0x00,
    0x18, 0x00, 0x01, 0x0d, 0x01, 0x0a, 0x02, 0x0b, 0x01, 0x0a, 0x01, 0x0b, 0x01, 0x0d, 0x02, 0x0f, 0x03, 0x0d, 0x01, 0x0b,
    0x01, 0x0d, 0x01, 0x0b, 0x01, 0x0d, 0x01, 0x0e, 0x01, 0x0f, 0x02, 0x0b, 0x03, 0x08, 0x01, 0x0a, 0x01, 0x0d, 0x01, 0x0f,
    0x16, 0x00, 0x18, 0x00, 0x01, 0x0d, 0x05, 0x0a, 0x01, 0x0b, 0x02, 0x0f, 0x06, 0x0d, 0x02, 0x0e, 0x01, 0x0d, 0x01, 0x0b,
    0x01, 0x0c, 0x02, 0x08, 0x01, 0x0a, 0x01, 0x0b, 0x01, 0x0c, 0x17, 0x00, 0x17, 0x00, 0x04, 0x0a, 0x01, 0x0b, 0x02, 0x0a,
    0x01, 0x0b, 0x01, 0x0e, 0x06, 0x0b, 0x01, 0x0d, 0x01, 0x0e, 0x01, 0x0f, 0x01, 0x0d, 0x04, 0x0b, 0x01, 0x0a, 0x01, 0x0b,
    0x18, 0x00, 0x17, 0x00, 0x04, 0x0a, 0x01, 0x0b, 0x02, 0x0a, 0x01, 0x0d, 0x01, 0x0b, 0x01, 0x0a, 0x01, 0x0b, 0x01, 0x0a,
    0x02, 0x0b, 0x02, 0x0a, 0x01, 0x0d, 0x01, 0x0f, 0x01, 0x0c, 0x01, 0x0b, 0x02, 0x0a, 0x01, 0x0b, 0x02, 0x0d, 0x18, 0x00,
    0x17, 0x00, 0x01, 0x0d, 0x01, 0x0b, 0x01, 0x0a, 0x01, 0x0b, 0x01, 0x09, 0x01, 0x0a, 0x01, 0x0d, 0x01, 0x0b, 0x02, 0x0a,
    0x01, 0x0b, 0x01, 0x0a, 0x01, 0x0b, 0x02, 0x09, 0x01, 0x0b, 0x01, 0x0d, 0x02, 0x0e, 0x02, 0x0b, 0x01, 0x0a, 0x1b, 0x00,
    0x18, 0x00, 0x01, 0x0b, 0x01, 0x09, 0x01, 0x0d, 0x02, 0x09, 0x01, 0x0f, 0x01, 0x0d, 0x01, 0x0a, 0x01, 0x0b, 0x01, 0x0a,
    0x01, 0x0b, 0x01, 0x0d, 0x01, 0x09, 0x01, 0x0b, 0x02, 0x0e, 0x20, 0x00, 0x1f, 0x00, 0x01, 0x09, 0x01, 0x0d, 0x02, 0x09,
    0x01, 0x0d, 0x01, 0x09, 0x01, 0x0f, 0x22, 0x00, 0x48, 0x00, 0x48, 0x00, 0x48, 0x00
};
const uint8_t kFailed6[] PROGMEM = {
    0x48, 0x00, 0x48, 0x00, 0x48, 0x00, 0x48, 0x00, 0x48, 0x00, 0x48, 0x00, 0x48, 0x00, 0x48, 0x00, 0x48, 0x00, 0x48, 0x00,
    0x48, 0x00, 0x48, 0x00, 0x48, 0x00, 0x48, 0x00, 0x48, 0x00, 0x48, 0x00, 0x48, 0x00, 0x48, 0x00, 0x48, 0x00, 0x48, 0x00,
    0x48, 0x00, 0x48, 0x00, 0x48, 0x00, 0x48, 0x00, 0x48, 0x00, 0x48, 0x00, 0x48, 0x00, 0x1b, 0x00, 0x01, 0x01, 0x02, 0x02,
    0x07, 0x00, 0x01, 0x0e, 0x22, 0x00, 0x1a, 0x00, 0x03, 0x01, 0x02, 0x00, 0x01, 0x02, 0x03, 0x00, 0x03, 0x0d, 0x01, 0x0e,
    0x01, 0x0d, 0x20, 0x00, 0x19, 0x00, 0x02, 0x01, 0x01, 0x02, 0x01, 0x00, 0x01, 0x02, 0x04, 0x03, 0x01, 0x06, 0x05, 0x0b,
    0x01, 0x0d, 0x1f, 0x00, 0x16, 0x00, 0x01, 0x0b, 0x01, 0x0e, 0x01, 0x02, 0x02, 0x01, 0x01, 0x02, 0x02, 0x03, 0x02, 0x02,
    0x02, 0x01, 0x01, 0x06, 0x02, 0x0a, 0x03, 0x0b, 0x01, 0x0e, 0x1f, 0x00, 0x15, 0x00, 0x01, 0x0d, 0x01, 0x0a, 0x01, 0x0d,
    0x01, 0x03, 0x01, 0x01, 0x04, 0x02, 0x02, 0x03, 0x01, 0x01, 0x01, 0x03, 0x01, 0x0f, 0x01, 0x0d, 0x02, 0x0f, 0x01, 0x0d,
    0x01, 0x0a, 0x02, 0x0d, 0x07, 0x00, 0x01, 0x04, 0x16, 0x00, 0x14, 0x00, 0x01, 0x0a, 0x01, 0x09, 0x01, 0x0a, 0x01, 0x0d,
    0x01, 0x06, 0x01, 0x02, 0x01, 0x01, 0x07, 0x02, 0x01, 0x04, 0x01, 0x06, 0x02, 0x0f, 0x01, 0x0e, 0x01, 0x0a, 0x01, 0x0d,
    0x01, 0x0f, 0x07, 0x00, 0x01, 0x04, 0x01, 0x05, 0x01, 0x06, 0x14, 0x00, 0x14, 0x00, 0x01, 0x0b, 0x01, 0x0a, 0x01, 0x0e,
    0x01, 0x0b, 0x01, 0x0a, 0x01, 0x04, 0x01, 0x03, 0x07, 0x02, 0x01, 0x01, 0x01, 0x02, 0x01, 0x03, 0x01, 0x06, 0x01, 0x0f,
    0x02, 0x0e, 0x07, 0x00, 0x01, 0x05, 0x01, 0x04, 0x01, 0x05, 0x01, 0x09, 0x14, 0x00, 0x14, 0x00, 0x01, 0x0b, 0x01, 0x0a,
    0x01, 0x0f, 0x01, 0x0e, 0x03, 0x03, 0x09, 0x02, 0x01, 0x01, 0x01, 0x02, 0x01, 0x04, 0x01, 0x0e, 0x01, 0x03, 0x01, 0x02,
    0x05, 0x00, 0x01, 0x05, 0x01, 0x04, 0x01, 0x05, 0x01, 0x09, 0x15, 0x00, 0x14, 0x00, 0x01, 0x0e, 0x01, 0x0a, 0x01, 0x0f,
    0x01, 0x04, 0x01, 0x01, 0x01, 0x02, 0x01, 0x01, 0x0b, 0x02, 0x01, 0x01, 0x01, 0x02, 0x01, 0x01, 0x01, 0x03, 0x05, 0x00,
    0x01, 0x05, 0x01, 0x04, 0x01, 0x09, 0x16, 0x00, 0x14, 0x00, 0x01, 0x0f, 0x01, 0x0e, 0x01, 0x0b, 0x01, 0x02, 0x01, 0x01,
    0x11, 0x02, 0x01, 0x04, 0x03, 0x00, 0x01, 0x06, 0x01, 0x04, 0x01, 0x09, 0x01, 0x0f, 0x16, 0x00, 0x15, 0x00, 0x01, 0x0f,
    0x01, 0x04, 0x01, 0x01, 0x02, 0x02, 0x01, 0x01, 0x0f, 0x02, 0x01, 0x03, 0x01, 0x04, 0x01, 0x00, 0x01, 0x09, 0x01, 0x05,
    0x02, 0x06, 0x01, 0x04, 0x16, 0x00, 0x16, 0x00, 0x01, 0x03, 0x01, 0x01, 0x12, 0x02, 0x01, 0x04, 0x02, 0x00, 0x01, 0x05,
    0x01, 0x04, 0x01, 0x09, 0x01, 0x0a, 0x01, 0x06, 0x16, 0x00, 0x15, 0x00, 0x01, 0x04, 0x01, 0x02, 0x01, 0x01, 0x01, 0x02,
    0x01, 0x01, 0x07, 0x02, 0x01, 0x01, 0x01, 0x02, 0x01, 0x01, 0x07, 0x02, 0x01, 0x03, 0x01, 0x09, 0x01, 0x04, 0x01, 0x06,
    0x02, 0x09, 0x01, 0x06, 0x16, 0x00, 0x16, 0x00, 0x01, 0x03, 0x03, 0x02, 0x02, 0x03, 0x03, 0x02, 0x03, 0x03, 0x08, 0x02,
    0x01, 0x03, 0x01, 0x09, 0x02, 0x06, 0x01, 0x09, 0x01, 0x00, 0x01, 0x06, 0x01, 0x04, 0x16, 0x00, 0x16, 0x00, 0x01, 0x03,
    0x01, 0x02, 0x02, 0x03, 0x01, 0x01, 0x02, 0x03, 0x01, 0x02, 0x02, 0x03, 0x01, 0x02, 0x02, 0x03, 0x02, 0x01, 0x05, 0x02,
    0x01, 0x09, 0x01, 0x0b, 0x01, 0x05, 0x01, 0x09, 0x02, 0x00, 0x01, 0x06, 0x02, 0x04, 0x15, 0x00, 0x16, 0x00, 0x03, 0x02,
    0x01, 0x03, 0x01, 0x04, 0x01, 0x06, 0x03, 0x02, 0x01, 0x04, 0x02, 0x06, 0x01, 0x05, 0x02, 0x04, 0x04, 0x02, 0x01, 0x03,
    0x01, 0x05, 0x01, 0x0c, 0x01, 0x0a, 0x01, 0x09, 0x02, 0x00, 0x01, 0x05, 0x02, 0x04, 0x15, 0x00, 0x15, 0x00, 0x02, 0x03,
    0x01, 0x02, 0x01, 0x03, 0x01, 0x0b, 0x02, 0x0f, 0x01, 0x03, 0x02, 0x02, 0x01, 0x03, 0x01, 0x0f, 0x01, 0x0e, 0x03, 0x0f,
    0x01, 0x06, 0x02, 0x02, 0x01, 0x03, 0x01, 0x09, 0x04, 0x0c, 0x02, 0x00, 0x01, 0x06, 0x01, 0x04, 0x01, 0x06, 0x15, 0x00,
    0x16, 0x00, 0x01, 0x03, 0x01, 0x01, 0x01, 0x0b, 0x01, 0x0d, 0x01, 0x09, 0x01, 0x0f, 0x01, 0x03, 0x01, 0x01, 0x02, 0x02,
    0x01, 0x05, 0x01, 0x0d, 0x01, 0x0f, 0x01, 0x05, 0x01, 0x0e, 0x01, 0x0a, 0x02, 0x02, 0x01, 0x05, 0x02, 0x0c, 0x02, 0x08,
    0x02, 0x07, 0x01, 0x00, 0x01, 0x09, 0x01, 0x05, 0x01, 0x06, 0x15, 0x00, 0x16, 0x00, 0x01, 0x03, 0x01, 0x02, 0x01, 0x06,
    0x01, 0x0d, 0x01, 0x0e, 0x01, 0x04, 0x01, 0x02, 0x02, 0x03, 0x01, 0x02, 0x01, 0x01, 0x01, 0x03, 0x01, 0x06, 0x01, 0x09,
    0x01, 0x06, 0x02, 0x03, 0x01, 0x06, 0x01, 0x0c, 0x03, 0x07, 0x01, 0x08, 0x01, 0x07, 0x01, 0x08, 0x01, 0x00, 0x01, 0x06,
    0x17, 0x00, 0x16, 0x00, 0x01, 0x0e, 0x01, 0x04, 0x01, 0x02, 0x02, 0x04, 0x01, 0x02, 0x01, 0x03, 0x01, 0x0d, 0x01, 0x04,
    0x03, 0x01, 0x02, 0x02, 0x01, 0x01, 0x01, 0x03, 0x01, 0x06, 0x01, 0x0c, 0x07, 0x07, 0x01, 0x0c, 0x01, 0x06, 0x01, 0x05,
    0x16, 0x00, 0x16, 0x00, 0x01, 0x07, 0x01, 0x0c, 0x01, 0x06, 0x01, 0x03, 0x03, 0x01, 0x05, 0x02, 0x01, 0x01, 0x01, 0x03,
    0x01, 0x04, 0x01, 0x06, 0x01, 0x0d, 0x07, 0x07, 0x02, 0x08, 0x01, 0x07, 0x01, 0x04, 0x16, 0x00, 0x15, 0x00, 0x02, 0x08,
    0x01, 0x06, 0x01, 0x0a, 0x01, 0x0d, 0x01, 0x04, 0x05, 0x03, 0x02, 0x02, 0x01, 0x05, 0x01, 0x0d, 0x01, 0x0f, 0x01, 0x0d,
    0x01, 0x0c, 0x01, 0x07, 0x01, 0x08, 0x05, 0x07, 0x01, 0x08, 0x02, 0x07, 0x17, 0x00, 0x14, 0x00, 0x01, 0x0c, 0x01, 0x08,
    0x01, 0x04, 0x01, 0x05, 0x01, 0x09, 0x01, 0x0a, 0x02, 0x0b, 0x01, 0x09, 0x01, 0x06, 0x02, 0x05, 0x01, 0x06, 0x01, 0x0a,
    0x01, 0x0f, 0x01, 0x0d, 0x01, 0x0a, 0x01, 0x0c, 0x08, 0x07, 0x01, 0x08, 0x01, 0x07, 0x01, 0x08, 0x17, 0x00, 0x14, 0x00,
    0x01, 0x08, 0x02, 0x04, 0x01, 0x0b, 0x01, 0x0a, 0x01, 0x0b, 0x03, 0x0a, 0x01, 0x0b, 0x01, 0x0d, 0x02, 0x0b, 0x01, 0x0a,
    0x01, 0x09, 0x01, 0x0a, 0x01, 0x09, 0x01, 0x08, 0x02, 0x0c, 0x06, 0x07, 0x01, 0x08, 0x02, 0x07, 0x17, 0x00, 0x14, 0x00,
    0x02, 0x04, 0x01, 0x06, 0x01, 0x0b, 0x01, 0x0a, 0x01, 0x0b, 0x02, 0x0a, 0x03, 0x0b, 0x02, 0x0a, 0x02, 0x0b, 0x01, 0x06,
    0x01, 0x05, 0x01, 0x04, 0x01, 0x05, 0x01, 0x08, 0x01, 0x0c, 0x04, 0x07, 0x01, 0x08, 0x01, 0x0c, 0x01, 0x08, 0x01, 0x07,
    0x01, 0x0c, 0x16, 0x00, 0x14, 0x00, 0x02, 0x04, 0x01, 0x0d, 0x02, 0x0b, 0x02, 0x0a, 0x01, 0x09, 0x01, 0x0b, 0x02, 0x0e,
    0x02, 0x0d, 0x02, 0x0b, 0x01, 0x0d, 0x01, 0x0a, 0x02, 0x04, 0x01, 0x05, 0x01, 0x08, 0x04, 0x07, 0x02, 0x0c, 0x03, 0x07,
    0x16, 0x00, 0x14, 0x00, 0x01, 0x06, 0x01, 0x05, 0x01, 0x0d, 0x01, 0x0b, 0x01, 0x0d, 0x01, 0x0b, 0x03, 0x0a, 0x01, 0x0d,
    0x02, 0x0b, 0x01, 0x0a, 0x02, 0x0b, 0x01, 0x0a, 0x01, 0x0d, 0x01, 0x09, 0x02, 0x04, 0x01, 0x05, 0x01, 0x08, 0x02, 0x07,
    0x01, 0x08, 0x01, 0x0e, 0x01, 0x0c, 0x01, 0x08, 0x02, 0x07, 0x16, 0x00, 0x14, 0x00, 0x02, 0x06, 0x01, 0x0f, 0x01, 0x0e,
    0x02, 0x0b, 0x02, 0x0a, 0x08, 0x0b, 0x01, 0x0a, 0x01, 0x0d, 0x01, 0x06, 0x02, 0x04, 0x03, 0x08, 0x02, 0x0c, 0x03, 0x07,
    0x01, 0x08, 0x16, 0x00, 0x14, 0x00, 0x01, 0x09, 0x01, 0x06, 0x01, 0x0b, 0x01, 0x0f, 0x01, 0x0b, 0x02, 0x0a, 0x06, 0x0b,
    0x01, 0x0a, 0x03, 0x0b, 0x01, 0x0d, 0x01, 0x09, 0x02, 0x04, 0x01, 0x0a, 0x02, 0x0c, 0x01, 0x0d, 0x01, 0x08, 0x04, 0x07,
    0x16, 0x00, 0x15, 0x00, 0x01, 0x06, 0x01, 0x09, 0x02, 0x0f, 0x01, 0x0e, 0x03, 0x0b, 0x02, 0x0a, 0x02, 0x0b, 0x02, 0x0a,
    0x01, 0x0b, 0x01, 0x0a, 0x01, 0x0d, 0x01, 0x0a, 0x01, 0x04, 0x01, 0x05, 0x01, 0x0a, 0x01, 0x0c, 0x01, 0x0d, 0x02, 0x0c,
    0x01, 0x08, 0x01, 0x07, 0x01, 0x08, 0x01, 0x07, 0x01, 0x0c, 0x15, 0x00, 0x16, 0x00, 0x01, 0x0f, 0x01, 0x0d, 0x01, 0x0e,
    0x01, 0x0f, 0x03, 0x0e, 0x01, 0x0d, 0x01, 0x0b, 0x04, 0x0a, 0x02, 0x0b, 0x01, 0x0e, 0x01, 0x0d, 0x02, 0x05, 0x01, 0x0b,
    0x01, 0x0d, 0x01, 0x0e, 0x01, 0x0a, 0x01, 0x08, 0x01, 0x0c, 0x01, 0x08, 0x01, 0x07, 0x02, 0x0c, 0x15, 0x00, 0x16, 0x00,
    0x01, 0x0f, 0x01, 0x0d, 0x01, 0x0b, 0x01, 0x0d, 0x05, 0x0f, 0x02, 0x0d, 0x01, 0x0e, 0x02, 0x0d, 0x02, 0x0e, 0x01, 0x09,
    0x01, 0x05, 0x01, 0x09, 0x01, 0x0e, 0x02, 0x0c, 0x01, 0x0e, 0x01, 0x09, 0x01, 0x06, 0x02, 0x07, 0x01, 0x08, 0x16, 0x00,
    0x16, 0x00, 0x06, 0x0d, 0x01, 0x0e, 0x01, 0x0f, 0x08, 0x0e, 0x01, 0x0a, 0x01, 0x0b, 0x01, 0x0e, 0x01, 0x09, 0x01, 0x08,
    0x01, 0x07, 0x01, 0x0c, 0x01, 0x0e, 0x01, 0x06, 0x01, 0x05, 0x02, 0x07, 0x01, 0x0c, 0x15, 0x00, 0x16, 0x00, 0x01, 0x0b,
    0x01, 0x09, 0x01, 0x0a, 0x01, 0x0b, 0x02, 0x0a, 0x01, 0x0b, 0x01, 0x0f, 0x01, 0x0e, 0x05, 0x0b, 0x01, 0x0a, 0x01, 0x0b,
    0x01, 0x0e, 0x01, 0x0f, 0x01, 0x0b, 0x01, 0x06, 0x01, 0x08, 0x01, 0x07, 0x01, 0x08, 0x01, 0x0b, 0x01, 0x0e, 0x01, 0x09,
    0x01, 0x05, 0x01, 0x08, 0x01, 0x0a, 0x15, 0x00, 0x17, 0x00, 0x04, 0x0a, 0x02, 0x0b, 0x02, 0x0e, 0x08, 0x0a, 0x01, 0x0f,
    0x01, 0x0b, 0x01, 0x06, 0x01, 0x0c, 0x02, 0x08, 0x01, 0x0c, 0x01, 0x0a, 0x01, 0x0e, 0x01, 0x0d, 0x02, 0x06, 0x15, 0x00,
    0x17, 0x00, 0x01, 0x0e, 0x04, 0x0a, 0x01, 0x0b, 0x01, 0x0d, 0x01, 0x0e, 0x01, 0x0a, 0x01, 0x0b, 0x02, 0x0a, 0x03, 0x0b,
    0x01, 0x0d, 0x01, 0x0f, 0x01, 0x0b, 0x01, 0x0a, 0x03, 0x08, 0x01, 0x0c, 0x01, 0x0d, 0x01, 0x06, 0x01, 0x0b, 0x17, 0x00,
    0x17, 0x00, 0x01, 0x0b, 0x04, 0x0a, 0x01, 0x0b, 0x02, 0x0e, 0x02, 0x0b, 0x01, 0x0a, 0x01, 0x0b, 0x01, 0x0a, 0x01, 0x0b,
    0x01, 0x0d, 0x01, 0x0f, 0x01, 0x0e, 0x01, 0x0a, 0x01, 0x0c, 0x03, 0x08, 0x01, 0x0c, 0x01, 0x0b, 0x02, 0x09, 0x17, 0x00,
    0x17, 0x00, 0x06, 0x0a, 0x01, 0x0d, 0x05, 0x0a, 0x01, 0x0b, 0x01, 0x0d, 0x02, 0x0e, 0x01, 0x0b, 0x01, 0x0d, 0x01, 0x0c,
    0x03, 0x08, 0x01, 0x0c, 0x01, 0x0d, 0x01, 0x09, 0x18, 0x00, 0x16, 0x00, 0x02, 0x0a, 0x01, 0x0b, 0x01, 0x0a, 0x01, 0x0b,
    0x01, 0x0a, 0x01, 0x0b, 0x07, 0x0a, 0x01, 0x0b, 0x02, 0x0f, 0x01, 0x0d, 0x05, 0x0b, 0x01, 0x0c, 0x01, 0x0d, 0x01, 0x0e,
    0x18, 0x00, 0x16, 0x00, 0x01, 0x0b, 0x01, 0x0a, 0x01, 0x09, 0x06, 0x0a, 0x01, 0x09, 0x04, 0x0a, 0x01, 0x0b, 0x02, 0x0e,
    0x01, 0x0d, 0x04, 0x0b, 0x01, 0x0d, 0x02, 0x0e, 0x19, 0x00, 0x16, 0x00, 0x01, 0x0d, 0x01, 0x0b, 0x01, 0x09, 0x01, 0x0b,
    0x01, 0x09, 0x01, 0x0d, 0x01, 0x0a, 0x02, 0x0b, 0x01, 0x0a, 0x01, 0x0b, 0x03, 0x0a, 0x01, 0x0b, 0x01, 0x0d, 0x03, 0x0e,
    0x02, 0x0b, 0x1d, 0x00, 0x17, 0x00, 0x01, 0x0d, 0x01, 0x09, 0x01, 0x0d, 0x01, 0x06, 0x01, 0x0e, 0x01, 0x0b, 0x01, 0x0d,
    0x01, 0x09, 0x01, 0x0b, 0x01, 0x0a, 0x01, 0x09, 0x02, 0x0b, 0x01, 0x0e, 0x01, 0x0f, 0x22, 0x00, 0x1e, 0x00, 0x04, 0x09,
    0x01, 0x0e, 0x25, 0x00, 0x48, 0x00, 0x48, 0x00
};
const uint8_t kFailed7[] PROGMEM = {
    0x48, 0x00, 0x48, 0x00, 0x48, 0x00, 0x1c, 0x00, 0x01, 0x04, 0x2b, 0x00, 0x1a, 0x00, 0x01, 0x02, 0x01, 0x03, 0x2c, 0x00,
    0x19, 0x00, 0x01, 0x02, 0x01, 0x01, 0x01, 0x03, 0x2c, 0x00, 0x18, 0x00, 0x01, 0x02, 0x01, 0x01, 0x02, 0x02, 0x05, 0x03,
    0x01, 0x04, 0x03, 0x00, 0x01, 0x0e, 0x01, 0x0f, 0x02, 0x0e, 0x1f, 0x00, 0x18, 0x00, 0x03, 0x02, 0x02, 0x01, 0x01, 0x02,
    0x01, 0x01, 0x04, 0x03, 0x01, 0x04, 0x01, 0x0d, 0x01, 0x0a, 0x01, 0x0b, 0x02, 0x0d, 0x01, 0x0f, 0x1e, 0x00, 0x14, 0x00,
    0x01, 0x0e, 0x01, 0x0d, 0x01, 0x0e, 0x01, 0x0a, 0x01, 0x02, 0x01, 0x01, 0x07, 0x02, 0x02, 0x01, 0x01, 0x04, 0x01, 0x0a,
    0x01, 0x06, 0x01, 0x08, 0x01, 0x09, 0x01, 0x0a, 0x01, 0x0d, 0x01, 0x0f, 0x1d, 0x00, 0x13, 0x00, 0x02, 0x0b, 0x02, 0x0a,
    0x01, 0x0d, 0x01, 0x09, 0x01, 0x03, 0x09, 0x02, 0x02, 0x0b, 0x01, 0x09, 0x01, 0x0d, 0x01, 0x0b, 0x01, 0x09, 0x01, 0x0a,
    0x01, 0x0e, 0x1d, 0x00, 0x13, 0x00, 0x01, 0x0b, 0x01, 0x09, 0x01, 0x08, 0x01, 0x06, 0x01, 0x0b, 0x01, 0x06, 0x02, 0x04,
    0x08, 0x02, 0x01, 0x03, 0x01, 0x09, 0x03, 0x0f, 0x02, 0x0a, 0x01, 0x0e, 0x08, 0x00, 0x01, 0x05, 0x01, 0x04, 0x13, 0x00,
    0x13, 0x00, 0x02, 0x0b, 0x01, 0x0f, 0x01, 0x0d, 0x01, 0x05, 0x0b, 0x02, 0x01, 0x01, 0x01, 0x03, 0x01, 0x05, 0x01, 0x0e,
    0x01, 0x0f, 0x01, 0x09, 0x01, 0x0d, 0x01, 0x0f, 0x07, 0x00, 0x01, 0x05, 0x01, 0x04, 0x01, 0x05, 0x01, 0x09, 0x12, 0x00,
    0x13, 0x00, 0x02, 0x0b, 0x02, 0x0f, 0x01, 0x03, 0x01, 0x01, 0x0c, 0x02, 0x01, 0x01, 0x01, 0x03, 0x01, 0x0a, 0x02, 0x0f,
    0x01, 0x0d, 0x07, 0x00, 0x01, 0x05, 0x01, 0x04, 0x01, 0x06, 0x01, 0x0b, 0x12, 0x00, 0x13, 0x00, 0x01, 0x0e, 0x01, 0x0a,
    0x01, 0x0f, 0x01, 0x05, 0x01, 0x01, 0x01, 0x02, 0x01, 0x01, 0x0e, 0x02, 0x01, 0x04, 0x02, 0x03, 0x06, 0x00, 0x01, 0x05,
    0x01, 0x04, 0x01, 0x05, 0x01, 0x09, 0x13, 0x00, 0x13, 0x00, 0x02, 0x0f, 0x01, 0x0e, 0x01, 0x03, 0x01, 0x01, 0x04, 0x02,
    0x01, 0x01, 0x0b, 0x02, 0x02, 0x01, 0x01, 0x03, 0x05, 0x00, 0x03, 0x05, 0x01, 0x09, 0x14, 0x00, 0x14, 0x00, 0x01, 0x0f,
    0x01, 0x04, 0x0a, 0x02, 0x02, 0x01, 0x09, 0x02, 0x01, 0x03, 0x04, 0x00, 0x01, 0x09, 0x01, 0x04, 0x01, 0x09, 0x01, 0x0f,
    0x14, 0x00, 0x15, 0x00, 0x01, 0x02, 0x01, 0x01, 0x02, 0x02, 0x02, 0x01, 0x05, 0x02, 0x01, 0x03, 0x01, 0x02, 0x01, 0x01,
    0x07, 0x02, 0x01, 0x01, 0x01, 0x03, 0x01, 0x04, 0x02, 0x00, 0x01, 0x06, 0x01, 0x05, 0x01, 0x09, 0x01, 0x06, 0x01, 0x05,
    0x14, 0x00, 0x14, 0x00, 0x01, 0x03, 0x03, 0x02, 0x01, 0x01, 0x01, 0x02, 0x01, 0x03, 0x04, 0x02, 0x04, 0x03, 0x08, 0x02,
    0x01, 0x04, 0x03, 0x00, 0x01, 0x05, 0x01, 0x04, 0x01, 0x09, 0x01, 0x0b, 0x01, 0x09, 0x14, 0x00, 0x15, 0x00, 0x01, 0x03,
    0x03, 0x02, 0x01, 0x03, 0x01, 0x02, 0x01, 0x03, 0x03, 0x02, 0x01, 0x03, 0x02, 0x02, 0x02, 0x03, 0x01, 0x01, 0x07, 0x02,
    0x01, 0x03, 0x01, 0x00, 0x01, 0x05, 0x01, 0x04, 0x01, 0x06, 0x02, 0x09, 0x01, 0x06, 0x14, 0x00, 0x15, 0x00, 0x01, 0x03,
    0x01, 0x01, 0x01, 0x02, 0x01, 0x03, 0x02, 0x02, 0x01, 0x04, 0x03, 0x02, 0x01, 0x03, 0x02, 0x04, 0x01, 0x06, 0x02, 0x04,
    0x01, 0x03, 0x04, 0x02, 0x01, 0x01, 0x01, 0x03, 0x01, 0x04, 0x01, 0x09, 0x01, 0x05, 0x01, 0x06, 0x01, 0x0a, 0x01, 0x00,
    0x01, 0x09, 0x02, 0x04, 0x13, 0x00, 0x15, 0x00, 0x01, 0x03, 0x02, 0x02, 0x01, 0x03, 0x01, 0x05, 0x01, 0x06, 0x01, 0x0a,
    0x04, 0x02, 0x01, 0x0b, 0x01, 0x0f, 0x02, 0x0e, 0x01, 0x0f, 0x01, 0x0e, 0x01, 0x04, 0x01, 0x01, 0x03, 0x02, 0x01, 0x04,
    0x01, 0x0b, 0x02, 0x05, 0x01, 0x09, 0x02, 0x00, 0x01, 0x09, 0x02, 0x04, 0x13, 0x00, 0x14, 0x00, 0x01, 0x03, 0x02, 0x02,
    0x01, 0x03, 0x01, 0x0d, 0x03, 0x0f, 0x01, 0x03, 0x01, 0x02, 0x01, 0x03, 0x01, 0x02, 0x01, 0x06, 0x01, 0x0d, 0x01, 0x0a,
    0x01, 0x0f, 0x02, 0x0a, 0x01, 0x0b, 0x03, 0x02, 0x01, 0x03, 0x01, 0x0e, 0x01, 0x09, 0x01, 0x05, 0x01, 0x06, 0x01, 0x09,
    0x02, 0x00, 0x01, 0x05, 0x03, 0x04, 0x12, 0x00, 0x14, 0x00, 0x01, 0x04, 0x01, 0x03, 0x01, 0x01, 0x01, 0x05, 0x01, 0x0f,
    0x01, 0x0a, 0x02, 0x0f, 0x01, 0x03, 0x02, 0x01, 0x01, 0x02, 0x01, 0x03, 0x01, 0x04, 0x01, 0x09, 0x01, 0x0e, 0x01, 0x06,
    0x01, 0x0d, 0x01, 0x09, 0x01, 0x02, 0x01, 0x01, 0x01, 0x03, 0x01, 0x0a, 0x01, 0x0d, 0x02, 0x09, 0x01, 0x0b, 0x03, 0x00,
    0x01, 0x06, 0x01, 0x04, 0x02, 0x05, 0x12, 0x00, 0x15, 0x00, 0x01, 0x03, 0x01, 0x01, 0x01, 0x05, 0x01, 0x0b, 0x01, 0x04,
    0x01, 0x0f, 0x01, 0x05, 0x01, 0x02, 0x03, 0x03, 0x01, 0x01, 0x01, 0x02, 0x01, 0x04, 0x01, 0x06, 0x01, 0x09, 0x01, 0x05,
    0x01, 0x03, 0x01, 0x02, 0x01, 0x03, 0x01, 0x06, 0x01, 0x0b, 0x01, 0x06, 0x01, 0x0d, 0x01, 0x09, 0x01, 0x06, 0x03, 0x00,
    0x01, 0x09, 0x01, 0x05, 0x01, 0x06, 0x13, 0x00, 0x15, 0x00, 0x01, 0x04, 0x02, 0x03, 0x01, 0x06, 0x01, 0x0b, 0x01, 0x06,
    0x02, 0x02, 0x01, 0x0a, 0x01, 0x0e, 0x01, 0x03, 0x01, 0x01, 0x01, 0x02, 0x01, 0x01, 0x02, 0x02, 0x01, 0x01, 0x01, 0x02,
    0x01, 0x04, 0x01, 0x0e, 0x01, 0x09, 0x01, 0x04, 0x02, 0x0c, 0x01, 0x0b, 0x01, 0x0d, 0x03, 0x00, 0x01, 0x06, 0x15, 0x00,
    0x16, 0x00, 0x01, 0x09, 0x01, 0x03, 0x01, 0x02, 0x01, 0x03, 0x02, 0x02, 0x01, 0x01, 0x02, 0x02, 0x01, 0x01, 0x03, 0x02,
    0x02, 0x01, 0x01, 0x03, 0x01, 0x05, 0x01, 0x0f, 0x01, 0x06, 0x01, 0x05, 0x01, 0x0c, 0x01, 0x0d, 0x01, 0x08, 0x01, 0x07,
    0x01, 0x0c, 0x03, 0x00, 0x01, 0x04, 0x15, 0x00, 0x15, 0x00, 0x01, 0x05, 0x01, 0x06, 0x01, 0x0d, 0x01, 0x04, 0x01, 0x02,
    0x02, 0x01, 0x02, 0x02, 0x01, 0x03, 0x01, 0x02, 0x02, 0x03, 0x01, 0x01, 0x01, 0x04, 0x01, 0x05, 0x02, 0x0e, 0x02, 0x05,
    0x01, 0x07, 0x01, 0x0c, 0x01, 0x08, 0x03, 0x07, 0x01, 0x0c, 0x01, 0x00, 0x01, 0x06, 0x01, 0x00, 0x01, 0x04, 0x14, 0x00,
    0x15, 0x00, 0x02, 0x05, 0x01, 0x0c, 0x01, 0x0e, 0x01, 0x09, 0x01, 0x05, 0x07, 0x03, 0x01, 0x05, 0x02, 0x0f, 0x01, 0x0e,
    0x01, 0x09, 0x01, 0x06, 0x01, 0x07, 0x02, 0x0c, 0x02, 0x07, 0x02, 0x08, 0x01, 0x07, 0x01, 0x0c, 0x01, 0x05, 0x01, 0x04,
    0x01, 0x05, 0x14, 0x00, 0x15, 0x00, 0x01, 0x0e, 0x01, 0x0c, 0x01, 0x06, 0x01, 0x0c, 0x04, 0x0f, 0x01, 0x0b, 0x01, 0x0a,
    0x04, 0x0f, 0x01, 0x0d, 0x02, 0x05, 0x01, 0x09, 0x01, 0x06, 0x02, 0x0c, 0x01, 0x07, 0x02, 0x08, 0x04, 0x07, 0x01, 0x00,
    0x01, 0x04, 0x15, 0x00, 0x15, 0x00, 0x02, 0x0c, 0x01, 0x0b, 0x01, 0x08, 0x01, 0x0f, 0x01, 0x0d, 0x01, 0x06, 0x01, 0x05,
    0x01, 0x0d, 0x03, 0x0f, 0x01, 0x0e, 0x01, 0x09, 0x02, 0x04, 0x03, 0x09, 0x01, 0x0c, 0x08, 0x07, 0x01, 0x08, 0x16, 0x00,
    0x14, 0x00, 0x01, 0x08, 0x01, 0x07, 0x02, 0x0c, 0x01, 0x0a, 0x02, 0x0d, 0x01, 0x06, 0x02, 0x04, 0x01, 0x05, 0x01, 0x0b,
    0x01, 0x06, 0x01, 0x04, 0x02, 0x03, 0x02, 0x06, 0x01, 0x09, 0x01, 0x06, 0x01, 0x08, 0x01, 0x07, 0x01, 0x08, 0x06, 0x07,
    0x01, 0x08, 0x16, 0x00, 0x14, 0x00, 0x01, 0x0c, 0x01, 0x07, 0x02, 0x0c, 0x01, 0x08, 0x01, 0x0d, 0x01, 0x09, 0x01, 0x05,
    0x03, 0x03, 0x01, 0x04, 0x02, 0x03, 0x01, 0x02, 0x01, 0x04, 0x03, 0x05, 0x02, 0x07, 0x01, 0x08, 0x01, 0x0c, 0x06, 0x07,
    0x01, 0x08, 0x16, 0x00, 0x14, 0x00, 0x01, 0x08, 0x01, 0x07, 0x01, 0x0c, 0x02, 0x08, 0x01, 0x0d, 0x01, 0x06, 0x01, 0x05,
    0x02, 0x02, 0x01, 0x03, 0x03, 0x02, 0x01, 0x04, 0x01, 0x06, 0x01, 0x04, 0x02, 0x06, 0x02, 0x07, 0x01, 0x0c, 0x01, 0x08,
    0x07, 0x07, 0x01, 0x0c, 0x15, 0x00, 0x14, 0x00, 0x02, 0x07, 0x01, 0x0c, 0x02, 0x08, 0x01, 0x0a, 0x01, 0x06, 0x01, 0x05,
    0x01, 0x03, 0x04, 0x02, 0x01, 0x03, 0x03, 0x05, 0x02, 0x06, 0x02, 0x07, 0x01, 0x0c, 0x01, 0x08, 0x07, 0x07, 0x01, 0x0c,
    0x15, 0x00, 0x13, 0x00, 0x03, 0x07, 0x01, 0x0c, 0x02, 0x08, 0x01, 0x06, 0x02, 0x05, 0x01, 0x03, 0x01, 0x01, 0x03, 0x02,
    0x01, 0x04, 0x01, 0x06, 0x01, 0x04, 0x03, 0x05, 0x01, 0x07, 0x01, 0x08, 0x02, 0x0c, 0x07, 0x07, 0x01, 0x08, 0x15, 0x00,
    0x13, 0x00, 0x01, 0x0c, 0x02, 0x07, 0x01, 0x0c, 0x01, 0x08, 0x02, 0x06, 0x02, 0x05, 0x01, 0x04, 0x03, 0x02, 0x01, 0x03,
    0x02, 0x05, 0x02, 0x06, 0x02, 0x05, 0x02, 0x07, 0x01, 0x0e, 0x01, 0x0c, 0x01, 0x07, 0x01, 0x08, 0x05, 0x07, 0x01, 0x0c,
    0x15, 0x00, 0x13, 0x00, 0x01, 0x07, 0x02, 0x08, 0x02, 0x0c, 0x01, 0x06, 0x04, 0x05, 0x01, 0x03, 0x01, 0x02, 0x01, 0x03,
    0x03, 0x05, 0x01, 0x06, 0x02, 0x05, 0x02, 0x06, 0x01, 0x07, 0x01, 0x0c, 0x02, 0x08, 0x01, 0x07, 0x02, 0x08, 0x04, 0x07,
    0x15, 0x00, 0x12, 0x00, 0x04, 0x0c, 0x01, 0x0d, 0x01, 0x0c, 0x01, 0x09, 0x01, 0x06, 0x03, 0x05, 0x01, 0x04, 0x01, 0x03,
    0x03, 0x05, 0x01, 0x06, 0x02, 0x05, 0x01, 0x06, 0x01, 0x09, 0x01, 0x06, 0x01, 0x08, 0x02, 0x0c, 0x01, 0x07, 0x02, 0x08,
    0x01, 0x07, 0x02, 0x08, 0x02, 0x07, 0x01, 0x0c, 0x14, 0x00, 0x12, 0x00, 0x01, 0x0a, 0x01, 0x08, 0x01, 0x06, 0x01, 0x08,
    0x02, 0x0d, 0x01, 0x0a, 0x01, 0x0b, 0x03, 0x05, 0x02, 0x06, 0x02, 0x05, 0x02, 0x06, 0x01, 0x05, 0x02, 0x06, 0x01, 0x09,
    0x01, 0x06, 0x01, 0x07, 0x04, 0x0c, 0x01, 0x08, 0x04, 0x07, 0x01, 0x08, 0x15, 0x00, 0x12, 0x00, 0x04, 0x04, 0x01, 0x06,
    0x02, 0x08, 0x01, 0x0a, 0x02, 0x05, 0x01, 0x09, 0x01, 0x06, 0x02, 0x05, 0x01, 0x06, 0x05, 0x05, 0x01, 0x09, 0x01, 0x05,
    0x01, 0x07, 0x01, 0x0c, 0x01, 0x09, 0x03, 0x05, 0x01, 0x04, 0x02, 0x05, 0x01, 0x07, 0x01, 0x08, 0x15, 0x00, 0x12, 0x00,
    0x04, 0x04, 0x01, 0x06, 0x01, 0x07, 0x01, 0x06, 0x01, 0x09, 0x01, 0x05, 0x02, 0x06, 0x01, 0x04, 0x01, 0x05, 0x02, 0x06,
    0x05, 0x05, 0x02, 0x06, 0x01, 0x08, 0x01, 0x0d, 0x01, 0x05, 0x06, 0x04, 0x01, 0x05, 0x01, 0x09, 0x15, 0x00, 0x12, 0x00,
    0x01, 0x05, 0x01, 0x06, 0x02, 0x09, 0x01, 0x0d, 0x01, 0x08, 0x02, 0x0d, 0x02, 0x09, 0x02, 0x05, 0x02, 0x06, 0x05, 0x05,
    0x01, 0x06, 0x01, 0x09, 0x01, 0x0a, 0x01, 0x08, 0x01, 0x0a, 0x03, 0x05, 0x05, 0x04, 0x01, 0x05, 0x01, 0x06, 0x14, 0x00,
    0x12, 0x00, 0x01, 0x06, 0x01, 0x0e, 0x02, 0x0d, 0x01, 0x0f, 0x01, 0x08, 0x01, 0x09, 0x01, 0x0f, 0x05, 0x09, 0x01, 0x06,
    0x01, 0x09, 0x04, 0x0a, 0x03, 0x09, 0x01, 0x06, 0x01, 0x0c, 0x01, 0x0d, 0x01, 0x0e, 0x03, 0x0d, 0x01, 0x0a, 0x01, 0x05,
    0x01, 0x04, 0x02, 0x05, 0x14, 0x00, 0x12, 0x00, 0x04, 0x0a, 0x01, 0x0d, 0x01, 0x07, 0x01, 0x0b, 0x01, 0x0f, 0x01, 0x06,
    0x05, 0x05, 0x01, 0x06, 0x04, 0x09, 0x01, 0x06, 0x01, 0x09, 0x01, 0x0e, 0x01, 0x09, 0x01, 0x0c, 0x01, 0x0d, 0x05, 0x0a,
    0x01, 0x0e, 0x01, 0x0a, 0x01, 0x05, 0x01, 0x06, 0x14, 0x00, 0x13, 0x00, 0x01, 0x0d, 0x01, 0x0b, 0x01, 0x0d, 0x01, 0x0b,
    0x01, 0x06, 0x01, 0x0b, 0x01, 0x0d, 0x01, 0x09, 0x01, 0x06, 0x03, 0x05, 0x01, 0x06, 0x01, 0x09, 0x01, 0x06, 0x01, 0x05,
    0x01, 0x06, 0x03, 0x09, 0x01, 0x0e, 0x01, 0x06, 0x01, 0x09, 0x01, 0x0e, 0x05, 0x0a, 0x01, 0x0b, 0x01, 0x0e, 0x01, 0x09,
    0x15, 0x00, 0x13, 0x00, 0x03, 0x0e, 0x01, 0x0f, 0x01, 0x06, 0x01, 0x0a, 0x02, 0x08, 0x01, 0x0c, 0x01, 0x0b, 0x01, 0x0a,
    0x01, 0x06, 0x02, 0x09, 0x01, 0x0d, 0x01, 0x09, 0x01, 0x0e, 0x01, 0x09, 0x01, 0x0b, 0x02, 0x0c, 0x01, 0x06, 0x01, 0x0a,
    0x01, 0x0f, 0x01, 0x0e, 0x01, 0x0d, 0x01, 0x0b, 0x01, 0x0a, 0x02, 0x0b, 0x01, 0x0d, 0x16, 0x00, 0x13, 0x00, 0x01, 0x0f,
    0x01, 0x0d, 0x01, 0x0b, 0x01, 0x06, 0x02, 0x0c, 0x04, 0x07, 0x05, 0x0c, 0x01, 0x0e, 0x01, 0x09, 0x01, 0x05, 0x01, 0x09,
    0x03, 0x0c, 0x02, 0x0b, 0x05, 0x0d, 0x01, 0x0e, 0x01, 0x0d, 0x16, 0x00, 0x14, 0x00, 0x01, 0x0e, 0x01, 0x09, 0x01, 0x07,
    0x02, 0x08, 0x02, 0x07, 0x05, 0x08, 0x02, 0x07, 0x01, 0x09, 0x02, 0x06, 0x01, 0x05, 0x01, 0x0b, 0x02, 0x0c, 0x01, 0x08,
    0x01, 0x06, 0x03, 0x0b, 0x01, 0x0d, 0x01, 0x0e, 0x01, 0x0b, 0x01, 0x09, 0x16, 0x00, 0x14, 0x00, 0x01, 0x0e, 0x01, 0x09,
    0x02, 0x07, 0x01, 0x08, 0x03, 0x07, 0x02, 0x08, 0x01, 0x07, 0x01, 0x08, 0x01, 0x07, 0x01, 0x08, 0x01, 0x06, 0x04, 0x05,
    0x01, 0x0c, 0x01, 0x08, 0x01, 0x0c, 0x01, 0x06, 0x01, 0x05, 0x01, 0x0d, 0x02, 0x0b, 0x01, 0x0e, 0x01, 0x0d, 0x17, 0x00,
    0x15, 0x00, 0x01, 0x0b, 0x03, 0x08, 0x01, 0x07, 0x02, 0x08, 0x01, 0x07, 0x05, 0x08, 0x01, 0x06, 0x04, 0x05, 0x01, 0x0a,
    0x01, 0x07, 0x02, 0x08, 0x01, 0x05, 0x01, 0x06, 0x02, 0x0e, 0x01, 0x0b, 0x01, 0x0c, 0x17, 0x00, 0x15, 0x00, 0x02, 0x0c,
    0x04, 0x08, 0x05, 0x0c, 0x01, 0x08, 0x01, 0x0c, 0x01, 0x06, 0x04, 0x05, 0x01, 0x0c, 0x02, 0x07, 0x01, 0x08, 0x01, 0x0c,
    0x02, 0x09, 0x01, 0x0d, 0x01, 0x0c, 0x01, 0x08, 0x17, 0x00, 0x16, 0x00, 0x02, 0x0c, 0x02, 0x08, 0x01, 0x07, 0x01, 0x08,
    0x01, 0x0c, 0x01, 0x0e, 0x01, 0x0f, 0x01, 0x0c, 0x01, 0x0d, 0x01, 0x0c, 0x02, 0x0a, 0x01, 0x0d, 0x01, 0x06, 0x01, 0x0b,
    0x01, 0x0c, 0x02, 0x07, 0x01, 0x08, 0x02, 0x0c, 0x02, 0x0a, 0x02, 0x0c, 0x17, 0x00, 0x16, 0x00, 0x02, 0x0c, 0x01, 0x08,
    0x03, 0x07, 0x01, 0x08, 0x02, 0x0c, 0x01, 0x0e, 0x02, 0x0f, 0x05, 0x0c, 0x03, 0x07, 0x02, 0x08, 0x01, 0x0c, 0x01, 0x08,
    0x02, 0x0c, 0x18, 0x00, 0x16, 0x00, 0x03, 0x0c, 0x02, 0x08, 0x02, 0x07, 0x01, 0x08, 0x02, 0x0c, 0x01, 0x0e, 0x01, 0x0f,
    0x01, 0x0c, 0x01, 0x08, 0x02, 0x07, 0x04, 0x08, 0x03, 0x07, 0x02, 0x08, 0x01, 0x0c, 0x18, 0x00, 0x16, 0x00, 0x01, 0x09,
    0x02, 0x07, 0x01, 0x08, 0x06, 0x0c, 0x01, 0x0d, 0x01, 0x0f, 0x01, 0x0e, 0x03, 0x0c, 0x02, 0x08, 0x01, 0x0c, 0x04, 0x08,
    0x01, 0x0c, 0x02, 0x0b, 0x18, 0x00, 0x16, 0x00, 0x02, 0x06, 0x03, 0x04, 0x01, 0x05, 0x02, 0x06, 0x01, 0x08, 0x02, 0x0a,
    0x02, 0x0b, 0x01, 0x0c, 0x01, 0x08, 0x04, 0x0c, 0x01, 0x08, 0x02, 0x07, 0x03, 0x06, 0x01, 0x09, 0x18, 0x00, 0x17, 0x00,
    0x01, 0x0f, 0x01, 0x0d, 0x01, 0x08, 0x01, 0x06, 0x02, 0x05, 0x01, 0x06, 0x02, 0x09, 0x01, 0x0a, 0x01, 0x0e, 0x01, 0x0d,
    0x01, 0x06, 0x08, 0x04, 0x01, 0x06, 0x01, 0x09, 0x02, 0x0b, 0x18, 0x00, 0x17, 0x00, 0x02, 0x0f, 0x01, 0x0e, 0x01, 0x0d,
    0x03, 0x0e, 0x01, 0x0d, 0x02, 0x0e, 0x01, 0x0f, 0x03, 0x0d, 0x01, 0x0b, 0x04, 0x08, 0x01, 0x0a, 0x02, 0x0d, 0x01, 0x0e,
    0x02, 0x0d, 0x18, 0x00, 0x17, 0x00, 0x01, 0x0e, 0x01, 0x0d, 0x01, 0x0e, 0x02, 0x0d, 0x04, 0x0b, 0x01, 0x0d, 0x04, 0x0e,
    0x01, 0x0f, 0x01, 0x0e, 0x01, 0x0d, 0x01, 0x0b, 0x01, 0x0d, 0x01, 0x0e, 0x01, 0x0b, 0x01, 0x0a, 0x02, 0x0b, 0x01, 0x0d,
    0x18, 0x00, 0x18, 0x00, 0x01, 0x0d, 0x06, 0x0b, 0x01, 0x0a, 0x01, 0x0d, 0x03, 0x0e, 0x01, 0x0b, 0x01, 0x0d, 0x01, 0x0e,
    0x02, 0x0d, 0x01, 0x0e, 0x01, 0x0b, 0x02, 0x0a, 0x02, 0x0b, 0x01, 0x0e, 0x18, 0x00, 0x18, 0x00, 0x01, 0x0f, 0x01, 0x0d,
    0x06, 0x0b, 0x01, 0x0d, 0x02, 0x0e, 0x01, 0x00, 0x01, 0x0d, 0x05, 0x0b, 0x03, 0x0a, 0x01, 0x0b, 0x02, 0x0d, 0x18, 0x00,
    0x19, 0x00, 0x01, 0x0e, 0x04, 0x0b, 0x01, 0x0a, 0x03, 0x0d, 0x01, 0x0e, 0x01, 0x00, 0x01, 0x0e, 0x06, 0x0b, 0x01, 0x0a,
    0x02, 0x0b, 0x01, 0x0d, 0x19, 0x00, 0x18, 0x00, 0x01, 0x0d, 0x01, 0x0b, 0x01, 0x0d, 0x01, 0x0b, 0x01, 0x0a, 0x01, 0x0b,
    0x01, 0x0a, 0x01, 0x0b, 0x02, 0x0e, 0x02, 0x00, 0x01, 0x0e, 0x01, 0x0d, 0x01, 0x0b, 0x02, 0x0d, 0x02, 0x0b, 0x01, 0x0a,
    0x02, 0x0b, 0x01, 0x0f, 0x19, 0x00, 0x17, 0x00, 0x01, 0x0b, 0x04, 0x0a, 0x04, 0x0b, 0x02, 0x0d, 0x02, 0x00, 0x01, 0x0e,
    0x01, 0x0d, 0x07, 0x0b, 0x01, 0x0d, 0x01, 0x0e, 0x19, 0x00, 0x16, 0x00, 0x03, 0x0a, 0x04, 0x0b, 0x01, 0x0a, 0x02, 0x0b,
    0x02, 0x0d, 0x02, 0x00, 0x01, 0x0d, 0x01, 0x0a, 0x08, 0x0b, 0x01, 0x0e, 0x19, 0x00, 0x15, 0x00, 0x02, 0x0a, 0x01, 0x08,
    0x06, 0x0a, 0x03, 0x0b, 0x01, 0x0d, 0x02, 0x00, 0x02, 0x0a, 0x01, 0x0d, 0x01, 0x0a, 0x01, 0x0d, 0x01, 0x0b, 0x01, 0x0a,
    0x01, 0x0b, 0x02, 0x0a, 0x01, 0x0e, 0x19, 0x00, 0x15, 0x00, 0x01, 0x0b, 0x01, 0x0a, 0x01, 0x0b, 0x03, 0x0a, 0x01, 0x08,
    0x02, 0x0a, 0x03, 0x0d, 0x01, 0x0e, 0x01, 0x00, 0x01, 0x0d, 0x01, 0x0a, 0x01, 0x0b, 0x01, 0x0a, 0x01, 0x08, 0x02, 0x0a,
    0x01, 0x09, 0x01, 0x0b, 0x02, 0x0a, 0x01, 0x0e, 0x19, 0x00, 0x16, 0x00, 0x02, 0x09, 0x01, 0x0b, 0x01, 0x05, 0x01, 0x09,
    0x02, 0x0b, 0x01, 0x0d, 0x05, 0x00, 0x01, 0x0f, 0x01, 0x09, 0x01, 0x0d, 0x01, 0x0b, 0x01, 0x09, 0x01, 0x0d, 0x01, 0x0b,
    0x01, 0x0a, 0x01, 0x0e, 0x01, 0x09, 0x01, 0x0b, 0x01, 0x0f, 0x19, 0x00, 0x24, 0x00, 0x04, 0x09, 0x01, 0x0d, 0x02, 0x09,
    0x01, 0x0e, 0x01, 0x09, 0x01, 0x0f, 0x1a, 0x00, 0x48, 0x00, 0x48, 0x00, 0x48, 0x00
};
const Frame kFailedFrames[] PROGMEM = {
    {kFailed0, 2622, 140},
    {kFailed1, 2112, 140},
    {kFailed2, 2476, 140},
    {kFailed3, 2486, 140},
    {kFailed4, 2288, 140},
    {kFailed5, 1814, 140},
    {kFailed6, 1608, 140},
    {kFailed7, 2474, 240},
};

const uint8_t kWaiting0[] PROGMEM = {
    0x48, 0x00, 0x48, 0x00, 0x48, 0x00, 0x1f, 0x00, 0x01, 0x02, 0x01, 0x03, 0x27, 0x00, 0x1e, 0x00, 0x01, 0x02, 0x01, 0x01,
    0x01, 0x03, 0x27, 0x00, 0x1d, 0x00, 0x01, 0x02, 0x01, 0x01, 0x02, 0x02, 0x27, 0x00, 0x1c, 0x00, 0x01, 0x03, 0x01, 0x01,
    0x06, 0x02, 0x01, 0x01, 0x04, 0x00, 0x02, 0x0d, 0x1d, 0x00, 0x1d, 0x00, 0x02, 0x02, 0x01, 0x01, 0x02, 0x02, 0x01, 0x01,
    0x01, 0x02, 0x02, 0x03, 0x01, 0x02, 0x01, 0x0e, 0x05, 0x0d, 0x1b, 0x00, 0x17, 0x00, 0x01, 0x0d, 0x01, 0x0e, 0x01, 0x0b,
    0x01, 0x0d, 0x01, 0x04, 0x01, 0x01, 0x02, 0x04, 0x06, 0x02, 0x01, 0x01, 0x01, 0x02, 0x01, 0x09, 0x01, 0x0f, 0x01, 0x0e,
    0x01, 0x0f, 0x02, 0x0d, 0x1b, 0x00, 0x16, 0x00, 0x02, 0x0d, 0x01, 0x0e, 0x01, 0x0d, 0x01, 0x0f, 0x01, 0x06, 0x02, 0x02,
    0x01, 0x03, 0x09, 0x02, 0x01, 0x04, 0x02, 0x0f, 0x02, 0x0d, 0x01, 0x0e, 0x1a, 0x00, 0x15, 0x00, 0x01, 0x0e, 0x01, 0x0d,
    0x01, 0x0e, 0x02, 0x0f, 0x01, 0x09, 0x01, 0x03, 0x02, 0x02, 0x02, 0x01, 0x04, 0x02, 0x02, 0x01, 0x01, 0x02, 0x02, 0x01,
    0x01, 0x03, 0x01, 0x0f, 0x01, 0x0e, 0x01, 0x0d, 0x01, 0x0e, 0x1a, 0x00, 0x15, 0x00, 0x02, 0x0d, 0x03, 0x0f, 0x01, 0x03,
    0x01, 0x01, 0x02, 0x02, 0x01, 0x01, 0x01, 0x02, 0x01, 0x01, 0x03, 0x02, 0x01, 0x03, 0x04, 0x02, 0x01, 0x01, 0x01, 0x04,
    0x01, 0x0f, 0x01, 0x0e, 0x07, 0x00, 0x01, 0x05, 0x02, 0x04, 0x11, 0x00, 0x15, 0x00, 0x01, 0x0e, 0x01, 0x0d, 0x02, 0x0f,
    0x01, 0x03, 0x01, 0x01, 0x01, 0x02, 0x01, 0x01, 0x05, 0x02, 0x01, 0x01, 0x01, 0x03, 0x02, 0x02, 0x01, 0x03, 0x01, 0x02,
    0x01, 0x01, 0x01, 0x02, 0x01, 0x01, 0x01, 0x05, 0x01, 0x0f, 0x07, 0x00, 0x01, 0x05, 0x01, 0x04, 0x01, 0x05, 0x01, 0x09,
    0x10, 0x00, 0x16, 0x00, 0x01, 0x0e, 0x01, 0x0f, 0x01, 0x06, 0x01, 0x01, 0x03, 0x02, 0x02, 0x03, 0x03, 0x02, 0x01, 0x01,
    0x02, 0x02, 0x01, 0x03, 0x02, 0x05, 0x01, 0x02, 0x02, 0x01, 0x02, 0x02, 0x06, 0x00, 0x01, 0x06, 0x02, 0x04, 0x01, 0x09,
    0x11, 0x00, 0x17, 0x00, 0x01, 0x0f, 0x01, 0x03, 0x01, 0x01, 0x01, 0x02, 0x02, 0x03, 0x02, 0x02, 0x01, 0x03, 0x01, 0x01,
    0x01, 0x02, 0x02, 0x01, 0x01, 0x05, 0x03, 0x0e, 0x01, 0x09, 0x01, 0x03, 0x02, 0x01, 0x01, 0x03, 0x06, 0x00, 0x01, 0x05,
    0x01, 0x04, 0x01, 0x06, 0x01, 0x0b, 0x11, 0x00, 0x17, 0x00, 0x01, 0x03, 0x01, 0x01, 0x01, 0x02, 0x01, 0x01, 0x01, 0x03,
    0x01, 0x06, 0x01, 0x04, 0x01, 0x06, 0x01, 0x04, 0x01, 0x01, 0x02, 0x02, 0x01, 0x01, 0x01, 0x06, 0x01, 0x0f, 0x01, 0x0e,
    0x02, 0x0f, 0x01, 0x05, 0x01, 0x01, 0x03, 0x02, 0x04, 0x00, 0x01, 0x06, 0x01, 0x04, 0x01, 0x05, 0x01, 0x0a, 0x12, 0x00,
    0x17, 0x00, 0x01, 0x03, 0x02, 0x02, 0x01, 0x03, 0x01, 0x0a, 0x03, 0x0f, 0x01, 0x06, 0x03, 0x02, 0x01, 0x01, 0x01, 0x04,
    0x01, 0x09, 0x01, 0x08, 0x01, 0x0f, 0x01, 0x09, 0x01, 0x0d, 0x01, 0x03, 0x01, 0x01, 0x01, 0x02, 0x01, 0x03, 0x03, 0x00,
    0x01, 0x09, 0x01, 0x05, 0x01, 0x04, 0x01, 0x09, 0x13, 0x00, 0x17, 0x00, 0x01, 0x03, 0x02, 0x01, 0x01, 0x04, 0x01, 0x0f,
    0x01, 0x0e, 0x01, 0x0d, 0x01, 0x0f, 0x01, 0x0b, 0x01, 0x02, 0x01, 0x01, 0x02, 0x02, 0x02, 0x03, 0x01, 0x0e, 0x01, 0x09,
    0x01, 0x04, 0x01, 0x0d, 0x01, 0x03, 0x02, 0x01, 0x01, 0x02, 0x03, 0x00, 0x02, 0x05, 0x01, 0x0b, 0x01, 0x09, 0x01, 0x06,
    0x12, 0x00, 0x17, 0x00, 0x01, 0x03, 0x01, 0x01, 0x01, 0x02, 0x02, 0x09, 0x01, 0x05, 0x01, 0x0d, 0x01, 0x0f, 0x01, 0x05,
    0x01, 0x01, 0x01, 0x04, 0x01, 0x0f, 0x01, 0x04, 0x01, 0x01, 0x01, 0x02, 0x01, 0x04, 0x01, 0x09, 0x01, 0x0a, 0x01, 0x04,
    0x01, 0x01, 0x01, 0x02, 0x02, 0x01, 0x01, 0x03, 0x01, 0x00, 0x01, 0x05, 0x01, 0x04, 0x01, 0x05, 0x01, 0x09, 0x01, 0x0d,
    0x01, 0x09, 0x12, 0x00, 0x16, 0x00, 0x01, 0x03, 0x01, 0x01, 0x02, 0x02, 0x01, 0x09, 0x01, 0x05, 0x01, 0x03, 0x02, 0x09,
    0x01, 0x03, 0x01, 0x01, 0x02, 0x03, 0x01, 0x02, 0x01, 0x01, 0x01, 0x02, 0x01, 0x01, 0x02, 0x02, 0x01, 0x01, 0x03, 0x02,
    0x01, 0x04, 0x01, 0x00, 0x01, 0x09, 0x02, 0x05, 0x01, 0x09, 0x01, 0x00, 0x01, 0x09, 0x01, 0x06, 0x12, 0x00, 0x16, 0x00,
    0x01, 0x04, 0x01, 0x03, 0x01, 0x02, 0x01, 0x01, 0x01, 0x04, 0x01, 0x0f, 0x01, 0x0b, 0x01, 0x0a, 0x01, 0x04, 0x04, 0x01,
    0x01, 0x02, 0x01, 0x01, 0x02, 0x03, 0x01, 0x01, 0x03, 0x02, 0x01, 0x01, 0x01, 0x03, 0x02, 0x00, 0x02, 0x05, 0x01, 0x09,
    0x02, 0x00, 0x01, 0x05, 0x02, 0x04, 0x11, 0x00, 0x16, 0x00, 0x01, 0x04, 0x04, 0x02, 0x01, 0x03, 0x01, 0x04, 0x01, 0x03,
    0x01, 0x01, 0x01, 0x02, 0x01, 0x03, 0x01, 0x02, 0x04, 0x03, 0x04, 0x01, 0x01, 0x03, 0x01, 0x04, 0x01, 0x0e, 0x01, 0x0a,
    0x01, 0x09, 0x02, 0x05, 0x01, 0x09, 0x02, 0x00, 0x01, 0x06, 0x02, 0x04, 0x11, 0x00, 0x17, 0x00, 0x01, 0x04, 0x01, 0x03,
    0x03, 0x02, 0x02, 0x01, 0x02, 0x02, 0x01, 0x03, 0x01, 0x02, 0x04, 0x01, 0x01, 0x02, 0x02, 0x03, 0x01, 0x04, 0x01, 0x0b,
    0x01, 0x0f, 0x01, 0x0b, 0x01, 0x08, 0x01, 0x09, 0x01, 0x05, 0x01, 0x09, 0x03, 0x00, 0x01, 0x05, 0x01, 0x04, 0x01, 0x05,
    0x11, 0x00, 0x18, 0x00, 0x01, 0x04, 0x01, 0x03, 0x03, 0x02, 0x03, 0x01, 0x06, 0x03, 0x01, 0x06, 0x01, 0x0a, 0x01, 0x0b,
    0x01, 0x0d, 0x01, 0x09, 0x01, 0x06, 0x01, 0x08, 0x01, 0x0d, 0x02, 0x09, 0x04, 0x00, 0x01, 0x06, 0x01, 0x04, 0x01, 0x06,
    0x11, 0x00, 0x17, 0x00, 0x01, 0x05, 0x02, 0x0d, 0x02, 0x04, 0x02, 0x03, 0x01, 0x04, 0x01, 0x06, 0x02, 0x0b, 0x01, 0x0a,
    0x01, 0x0d, 0x01, 0x0b, 0x02, 0x0d, 0x01, 0x0b, 0x02, 0x06, 0x01, 0x07, 0x03, 0x0c, 0x01, 0x08, 0x01, 0x0b, 0x03, 0x00,
    0x02, 0x09, 0x01, 0x06, 0x12, 0x00, 0x16, 0x00, 0x01, 0x04, 0x01, 0x05, 0x01, 0x0c, 0x01, 0x0e, 0x05, 0x0f, 0x03, 0x0e,
    0x01, 0x0a, 0x01, 0x0b, 0x02, 0x0d, 0x01, 0x0a, 0x01, 0x06, 0x01, 0x07, 0x03, 0x0c, 0x01, 0x08, 0x03, 0x07, 0x01, 0x0c,
    0x03, 0x00, 0x01, 0x06, 0x13, 0x00, 0x17, 0x00, 0x02, 0x06, 0x01, 0x0c, 0x01, 0x0f, 0x01, 0x0e, 0x01, 0x05, 0x01, 0x09,
    0x01, 0x0d, 0x01, 0x0b, 0x01, 0x0a, 0x02, 0x0b, 0x01, 0x0a, 0x01, 0x0d, 0x01, 0x06, 0x01, 0x04, 0x01, 0x05, 0x01, 0x07,
    0x02, 0x0c, 0x01, 0x08, 0x06, 0x07, 0x02, 0x00, 0x02, 0x04, 0x12, 0x00, 0x16, 0x00, 0x01, 0x08, 0x01, 0x0e, 0x01, 0x0a,
    0x01, 0x0c, 0x01, 0x0e, 0x01, 0x06, 0x01, 0x03, 0x01, 0x05, 0x07, 0x0b, 0x01, 0x03, 0x01, 0x05, 0x02, 0x0a, 0x01, 0x0d,
    0x02, 0x0c, 0x01, 0x08, 0x05, 0x07, 0x01, 0x00, 0x01, 0x04, 0x01, 0x00, 0x01, 0x05, 0x12, 0x00, 0x15, 0x00, 0x01, 0x08,
    0x01, 0x07, 0x01, 0x0c, 0x01, 0x0a, 0x01, 0x0b, 0x01, 0x09, 0x01, 0x04, 0x01, 0x02, 0x01, 0x06, 0x01, 0x0f, 0x06, 0x0b,
    0x01, 0x09, 0x01, 0x06, 0x01, 0x09, 0x01, 0x0c, 0x01, 0x0f, 0x01, 0x0c, 0x07, 0x07, 0x01, 0x0c, 0x02, 0x04, 0x01, 0x05,
    0x12, 0x00, 0x15, 0x00, 0x01, 0x08, 0x01, 0x0c, 0x01, 0x07, 0x01, 0x08, 0x01, 0x0a, 0x01, 0x06, 0x01, 0x04, 0x01, 0x03,
    0x01, 0x04, 0x02, 0x0d, 0x05, 0x0b, 0x01, 0x0e, 0x01, 0x0d, 0x01, 0x09, 0x02, 0x06, 0x02, 0x0c, 0x06, 0x07, 0x01, 0x08,
    0x15, 0x00, 0x14, 0x00, 0x01, 0x0c, 0x01, 0x08, 0x01, 0x0c, 0x01, 0x07, 0x01, 0x0b, 0x01, 0x06, 0x02, 0x05, 0x01, 0x03,
    0x02, 0x04, 0x01, 0x0d, 0x04, 0x0b, 0x01, 0x0d, 0x01, 0x0b, 0x01, 0x0d, 0x01, 0x0e, 0x01, 0x09, 0x02, 0x04, 0x01, 0x0a,
    0x01, 0x0c, 0x05, 0x07, 0x01, 0x0c, 0x15, 0x00, 0x14, 0x00, 0x01, 0x08, 0x02, 0x0c, 0x01, 0x08, 0x01, 0x09, 0x03, 0x05,
    0x02, 0x03, 0x01, 0x04, 0x01, 0x06, 0x01, 0x0f, 0x01, 0x0b, 0x02, 0x0d, 0x02, 0x0b, 0x02, 0x0d, 0x01, 0x0e, 0x01, 0x05,
    0x02, 0x04, 0x02, 0x0c, 0x01, 0x08, 0x02, 0x07, 0x01, 0x08, 0x01, 0x0c, 0x15, 0x00, 0x13, 0x00, 0x01, 0x0c, 0x01, 0x07,
    0x02, 0x0c, 0x01, 0x07, 0x01, 0x06, 0x02, 0x05, 0x01, 0x06, 0x01, 0x03, 0x01, 0x01, 0x01, 0x03, 0x01, 0x04, 0x01, 0x0d,
    0x01, 0x0f, 0x01, 0x0e, 0x02, 0x0d, 0x01, 0x0b, 0x03, 0x0d, 0x01, 0x09, 0x02, 0x04, 0x01, 0x06, 0x01, 0x0c, 0x02, 0x07,
    0x01, 0x08, 0x02, 0x0c, 0x15, 0x00, 0x13, 0x00, 0x01, 0x0c, 0x01, 0x07, 0x02, 0x0c, 0x02, 0x06, 0x03, 0x05, 0x01, 0x04,
    0x02, 0x02, 0x01, 0x04, 0x01, 0x09, 0x01, 0x0e, 0x01, 0x0f, 0x01, 0x0d, 0x02, 0x0b, 0x03, 0x0d, 0x01, 0x0b, 0x02, 0x04,
    0x01, 0x05, 0x01, 0x0c, 0x02, 0x08, 0x01, 0x07, 0x01, 0x0c, 0x16, 0x00, 0x12, 0x00, 0x03, 0x0c, 0x01, 0x0f, 0x01, 0x0c,
    0x01, 0x09, 0x01, 0x06, 0x04, 0x05, 0x02, 0x04, 0x02, 0x06, 0x01, 0x09, 0x02, 0x0f, 0x01, 0x0e, 0x02, 0x0d, 0x01, 0x0b,
    0x02, 0x0d, 0x03, 0x04, 0x01, 0x08, 0x01, 0x07, 0x01, 0x08, 0x01, 0x07, 0x01, 0x0c, 0x16, 0x00, 0x12, 0x00, 0x01, 0x0c,
    0x02, 0x06, 0x01, 0x0d, 0x01, 0x08, 0x01, 0x09, 0x01, 0x06, 0x04, 0x05, 0x01, 0x06, 0x03, 0x05, 0x01, 0x06, 0x01, 0x0d,
    0x02, 0x0f, 0x01, 0x0e, 0x01, 0x0d, 0x01, 0x0b, 0x01, 0x0d, 0x01, 0x0b, 0x03, 0x04, 0x01, 0x0c, 0x01, 0x07, 0x01, 0x08,
    0x02, 0x0c, 0x16, 0x00, 0x11, 0x00, 0x01, 0x06, 0x03, 0x04, 0x01, 0x09, 0x01, 0x08, 0x01, 0x0b, 0x01, 0x06, 0x02, 0x05,
    0x02, 0x06, 0x01, 0x04, 0x04, 0x05, 0x01, 0x09, 0x01, 0x0d, 0x02, 0x0f, 0x02, 0x0e, 0x01, 0x0f, 0x01, 0x09, 0x02, 0x04,
    0x01, 0x05, 0x04, 0x0c, 0x17, 0x00, 0x11, 0x00, 0x02, 0x04, 0x01, 0x06, 0x01, 0x09, 0x01, 0x0b, 0x01, 0x08, 0x01, 0x0a,
    0x01, 0x06, 0x02, 0x05, 0x01, 0x06, 0x02, 0x05, 0x01, 0x06, 0x02, 0x05, 0x01, 0x04, 0x01, 0x05, 0x01, 0x09, 0x01, 0x0e,
    0x04, 0x0f, 0x01, 0x05, 0x02, 0x04, 0x01, 0x09, 0x03, 0x0c, 0x01, 0x0e, 0x17, 0x00, 0x10, 0x00, 0x01, 0x05, 0x01, 0x04,
    0x01, 0x0b, 0x01, 0x0e, 0x01, 0x0f, 0x01, 0x0c, 0x01, 0x08, 0x01, 0x0e, 0x01, 0x06, 0x01, 0x09, 0x01, 0x06, 0x01, 0x05,
    0x02, 0x06, 0x01, 0x05, 0x01, 0x04, 0x04, 0x05, 0x01, 0x08, 0x01, 0x0a, 0x01, 0x0b, 0x01, 0x0d, 0x01, 0x06, 0x02, 0x05,
    0x01, 0x06, 0x01, 0x0d, 0x01, 0x0c, 0x01, 0x0d, 0x01, 0x0e, 0x01, 0x0c, 0x17, 0x00, 0x10, 0x00, 0x01, 0x05, 0x01, 0x06,
    0x01, 0x0e, 0x01, 0x0b, 0x01, 0x0d, 0x02, 0x08, 0x01, 0x0e, 0x03, 0x09, 0x01, 0x06, 0x04, 0x09, 0x02, 0x0a, 0x01, 0x09,
    0x01, 0x06, 0x01, 0x09, 0x01, 0x0d, 0x01, 0x09, 0x02, 0x05, 0x02, 0x06, 0x04, 0x0d, 0x02, 0x09, 0x17, 0x00, 0x10, 0x00,
    0x01, 0x05, 0x01, 0x09, 0x01, 0x0e, 0x01, 0x0d, 0x01, 0x0e, 0x01, 0x06, 0x01, 0x09, 0x01, 0x0e, 0x01, 0x09, 0x02, 0x06,
    0x02, 0x05, 0x03, 0x06, 0x04, 0x09, 0x01, 0x06, 0x01, 0x09, 0x01, 0x0e, 0x02, 0x09, 0x01, 0x0a, 0x02, 0x0d, 0x01, 0x0a,
    0x03, 0x09, 0x18, 0x00, 0x11, 0x00, 0x04, 0x0d, 0x03, 0x0f, 0x01, 0x09, 0x01, 0x06, 0x05, 0x05, 0x02, 0x09, 0x02, 0x05,
    0x02, 0x09, 0x02, 0x06, 0x03, 0x09, 0x01, 0x0a, 0x02, 0x0e, 0x02, 0x0f, 0x01, 0x0e, 0x18, 0x00, 0x11, 0x00, 0x01, 0x0f,
    0x04, 0x0d, 0x01, 0x0e, 0x02, 0x0c, 0x01, 0x0e, 0x03, 0x09, 0x02, 0x06, 0x02, 0x09, 0x01, 0x06, 0x02, 0x09, 0x01, 0x0b,
    0x01, 0x09, 0x01, 0x0a, 0x01, 0x0d, 0x01, 0x0e, 0x01, 0x0f, 0x01, 0x0e, 0x01, 0x0f, 0x01, 0x0d, 0x03, 0x0c, 0x18, 0x00,
    0x12, 0x00, 0x01, 0x0d, 0x01, 0x0e, 0x01, 0x0b, 0x01, 0x06, 0x02, 0x0c, 0x02, 0x08, 0x04, 0x0c, 0x01, 0x0a, 0x01, 0x0c,
    0x01, 0x0e, 0x01, 0x0f, 0x01, 0x0e, 0x01, 0x06, 0x01, 0x09, 0x05, 0x0c, 0x01, 0x07, 0x01, 0x08, 0x01, 0x07, 0x03, 0x08,
    0x18, 0x00, 0x12, 0x00, 0x01, 0x0e, 0x01, 0x0d, 0x01, 0x06, 0x0c, 0x08, 0x01, 0x0b, 0x01, 0x09, 0x01, 0x05, 0x01, 0x06,
    0x01, 0x0a, 0x04, 0x08, 0x01, 0x07, 0x02, 0x08, 0x01, 0x07, 0x01, 0x08, 0x01, 0x07, 0x01, 0x0c, 0x17, 0x00, 0x12, 0x00,
    0x01, 0x0f, 0x01, 0x0d, 0x0d, 0x08, 0x01, 0x09, 0x03, 0x05, 0x01, 0x06, 0x01, 0x08, 0x01, 0x07, 0x01, 0x08, 0x03, 0x07,
    0x02, 0x08, 0x01, 0x0c, 0x01, 0x08, 0x01, 0x0c, 0x17, 0x00, 0x13, 0x00, 0x01, 0x0a, 0x0d, 0x08, 0x01, 0x06, 0x04, 0x05,
    0x01, 0x0a, 0x01, 0x07, 0x02, 0x08, 0x03, 0x07, 0x01, 0x08, 0x03, 0x0c, 0x17, 0x00, 0x13, 0x00, 0x01, 0x0b, 0x01, 0x0c,
    0x01, 0x08, 0x01, 0x07, 0x02, 0x08, 0x01, 0x0c, 0x07, 0x08, 0x01, 0x06, 0x03, 0x05, 0x01, 0x06, 0x01, 0x08, 0x01, 0x07,
    0x01, 0x08, 0x03, 0x07, 0x02, 0x08, 0x03, 0x0c, 0x17, 0x00, 0x14, 0x00, 0x02, 0x0c, 0x04, 0x08, 0x01, 0x0c, 0x01, 0x0d,
    0x03, 0x0c, 0x01, 0x08, 0x01, 0x0c, 0x03, 0x0b, 0x01, 0x06, 0x01, 0x0a, 0x01, 0x08, 0x03, 0x07, 0x03, 0x08, 0x04, 0x0c,
    0x17, 0x00, 0x14, 0x00, 0x02, 0x0c, 0x05, 0x08, 0x01, 0x0c, 0x01, 0x0e, 0x03, 0x0f, 0x01, 0x0e, 0x04, 0x0c, 0x01, 0x08,
    0x01, 0x07, 0x02, 0x08, 0x01, 0x07, 0x05, 0x08, 0x02, 0x0c, 0x17, 0x00, 0x14, 0x00, 0x02, 0x0c, 0x06, 0x08, 0x02, 0x0c,
    0x01, 0x0e, 0x02, 0x0f, 0x01, 0x0d, 0x02, 0x08, 0x02, 0x07, 0x02, 0x08, 0x05, 0x07, 0x02, 0x08, 0x02, 0x0c, 0x17, 0x00,
    0x14, 0x00, 0x02, 0x0c, 0x04, 0x08, 0x01, 0x07, 0x02, 0x08, 0x02, 0x0c, 0x01, 0x0e, 0x02, 0x0f, 0x01, 0x0c, 0x01, 0x08,
    0x02, 0x07, 0x01, 0x08, 0x05, 0x07, 0x03, 0x08, 0x01, 0x0b, 0x01, 0x09, 0x01, 0x06, 0x16, 0x00, 0x14, 0x00, 0x01, 0x09,
    0x07, 0x08, 0x02, 0x0c, 0x03, 0x0d, 0x01, 0x0e, 0x01, 0x0d, 0x01, 0x0c, 0x08, 0x08, 0x01, 0x06, 0x02, 0x05, 0x01, 0x06,
    0x01, 0x09, 0x17, 0x00, 0x14, 0x00, 0x01, 0x06, 0x01, 0x05, 0x01, 0x04, 0x02, 0x05, 0x05, 0x06, 0x02, 0x09, 0x01, 0x0a,
    0x01, 0x0e, 0x01, 0x09, 0x01, 0x06, 0x01, 0x09, 0x04, 0x06, 0x04, 0x05, 0x01, 0x06, 0x01, 0x09, 0x01, 0x0d, 0x01, 0x0f,
    0x17, 0x00, 0x15, 0x00, 0x02, 0x0a, 0x01, 0x09, 0x02, 0x06, 0x01, 0x05, 0x01, 0x06, 0x01, 0x09, 0x01, 0x0a, 0x02, 0x0e,
    0x01, 0x0f, 0x02, 0x00, 0x02, 0x06, 0x01, 0x05, 0x04, 0x06, 0x01, 0x09, 0x01, 0x0a, 0x01, 0x0b, 0x01, 0x0e, 0x01, 0x0f,
    0x01, 0x0e, 0x01, 0x0f, 0x17, 0x00, 0x16, 0x00, 0x01, 0x0f, 0x04, 0x0e, 0x07, 0x0f, 0x02, 0x00, 0x03, 0x0f, 0x01, 0x0e,
    0x02, 0x0d, 0x02, 0x0b, 0x01, 0x0a, 0x02, 0x0d, 0x02, 0x0f, 0x17, 0x00, 0x16, 0x00, 0x01, 0x0f, 0x01, 0x0d, 0x02, 0x0b,
    0x01, 0x0d, 0x02, 0x0e, 0x01, 0x0b, 0x01, 0x0e, 0x03, 0x0f, 0x03, 0x00, 0x01, 0x0d, 0x02, 0x0e, 0x01, 0x0b, 0x03, 0x0a,
    0x02, 0x0d, 0x01, 0x0b, 0x01, 0x0d, 0x02, 0x0e, 0x16, 0x00, 0x16, 0x00, 0x03, 0x0f, 0x01, 0x0e, 0x01, 0x0f, 0x01, 0x0d,
    0x01, 0x0b, 0x02, 0x0d, 0x03, 0x0e, 0x04, 0x00, 0x03, 0x0f, 0x02, 0x0b, 0x01, 0x0e, 0x01, 0x0f, 0x03, 0x0b, 0x01, 0x0d,
    0x01, 0x0e, 0x16, 0x00, 0x17, 0x00, 0x01, 0x0f, 0x01, 0x0d, 0x01, 0x0e, 0x05, 0x0b, 0x01, 0x0d, 0x02, 0x0e, 0x04, 0x00,
    0x01, 0x0e, 0x01, 0x0d, 0x01, 0x0e, 0x01, 0x0f, 0x02, 0x0e, 0x01, 0x0b, 0x01, 0x0a, 0x02, 0x0b, 0x01, 0x0d, 0x01, 0x0f,
    0x16, 0x00, 0x17, 0x00, 0x01, 0x0f, 0x01, 0x0d, 0x02, 0x0b, 0x01, 0x0d, 0x02, 0x0b, 0x01, 0x0d, 0x01, 0x0e, 0x02, 0x0f,
    0x04, 0x00, 0x02, 0x0e, 0x01, 0x0d, 0x01, 0x0b, 0x01, 0x0d, 0x01, 0x0b, 0x02, 0x0a, 0x01, 0x0b, 0x02, 0x0d, 0x01, 0x0e,
    0x16, 0x00, 0x18, 0x00, 0x01, 0x0e, 0x05, 0x0b, 0x01, 0x0d, 0x01, 0x0f, 0x01, 0x0e, 0x01, 0x0f, 0x05, 0x00, 0x01, 0x0e,
    0x01, 0x0d, 0x01, 0x0b, 0x01, 0x0a, 0x04, 0x0b, 0x01, 0x0d, 0x01, 0x0e, 0x17, 0x00, 0x18, 0x00, 0x01, 0x0f, 0x01, 0x0d,
    0x02, 0x0b, 0x01, 0x0d, 0x01, 0x0b, 0x01, 0x0d, 0x02, 0x0f, 0x07, 0x00, 0x01, 0x0e, 0x01, 0x0d, 0x01, 0x0b, 0x02, 0x0a,
    0x02, 0x0b, 0x01, 0x0d, 0x01, 0x0e, 0x17, 0x00, 0x18, 0x00, 0x01, 0x0f, 0x01, 0x0e, 0x01, 0x0d, 0x04, 0x0b, 0x01, 0x0f,
    0x01, 0x0e, 0x07, 0x00, 0x01, 0x0f, 0x01, 0x0d, 0x05, 0x0b, 0x01, 0x0d, 0x01, 0x0e, 0x17, 0x00, 0x17, 0x00, 0x03, 0x0d,
    0x03, 0x0b, 0x02, 0x0d, 0x01, 0x0f, 0x01, 0x0e, 0x01, 0x0d, 0x07, 0x00, 0x01, 0x0e, 0x01, 0x0b, 0x01, 0x0a, 0x03, 0x0b,
    0x01, 0x0d, 0x01, 0x0f, 0x17, 0x00, 0x15, 0x00, 0x01, 0x0a, 0x01, 0x0d, 0x01, 0x0b, 0x02, 0x0d, 0x02, 0x0b, 0x01, 0x0a,
    0x01, 0x0b, 0x01, 0x0d, 0x01, 0x0f, 0x01, 0x0e, 0x01, 0x0f, 0x06, 0x00, 0x01, 0x0d, 0x07, 0x0b, 0x01, 0x0e, 0x17, 0x00,
    0x15, 0x00, 0x01, 0x0b, 0x03, 0x0d, 0x04, 0x0b, 0x01, 0x0d, 0x04, 0x0f, 0x06, 0x00, 0x01, 0x0b, 0x01, 0x0a, 0x05, 0x0b,
    0x01, 0x0d, 0x01, 0x0b, 0x01, 0x0d, 0x16, 0x00, 0x14, 0x00, 0x01, 0x0f, 0x03, 0x0e, 0x03, 0x0b, 0x01, 0x0d, 0x01, 0x0e,
    0x04, 0x0f, 0x07, 0x00, 0x01, 0x0b, 0x01, 0x0a, 0x01, 0x0d, 0x01, 0x0a, 0x02, 0x0b, 0x01, 0x0a, 0x01, 0x0b, 0x01, 0x0a,
    0x01, 0x0d, 0x16, 0x00, 0x15, 0x00, 0x01, 0x0e, 0x01, 0x0b, 0x01, 0x0e, 0x01, 0x0a, 0x01, 0x0b, 0x04, 0x0f, 0x0a, 0x00,
    0x01, 0x0d, 0x01, 0x0b, 0x01, 0x0d, 0x02, 0x0b, 0x01, 0x0d, 0x01, 0x0a, 0x01, 0x0e, 0x01, 0x0d, 0x01, 0x0f, 0x16, 0x00,
    0x17, 0x00, 0x01, 0x0e, 0x01, 0x05, 0x01, 0x06, 0x01, 0x0f, 0x0d, 0x00, 0x01, 0x0e, 0x02, 0x0d, 0x01, 0x0a, 0x02, 0x0d,
    0x01, 0x0a, 0x01, 0x0f, 0x01, 0x0e, 0x17, 0x00, 0x2a, 0x00, 0x05, 0x09, 0x01, 0x0d, 0x18, 0x00, 0x48, 0x00, 0x48, 0x00
};
const uint8_t kWaiting1[] PROGMEM = {
    0x48, 0x00, 0x48, 0x00, 0x48, 0x00, 0x48, 0x00, 0x1f, 0x00, 0x01, 0x03, 0x02, 0x02, 0x01, 0x03, 0x25, 0x00, 0x1e, 0x00,
    0x01, 0x02, 0x02, 0x01, 0x27, 0x00, 0x1e, 0x00, 0x01, 0x01, 0x01, 0x02, 0x02, 0x01, 0x01, 0x03, 0x01, 0x02, 0x24, 0x00,
    0x19, 0x00, 0x02, 0x0d, 0x01, 0x0a, 0x02, 0x00, 0x01, 0x01, 0x02, 0x02, 0x04, 0x01, 0x01, 0x02, 0x22, 0x00, 0x18, 0x00,
    0x03, 0x0d, 0x01, 0x0b, 0x01, 0x0a, 0x01, 0x02, 0x02, 0x03, 0x03, 0x02, 0x01, 0x01, 0x01, 0x02, 0x02, 0x03, 0x02, 0x00,
    0x01, 0x0b, 0x01, 0x0d, 0x02, 0x0b, 0x1b, 0x00, 0x17, 0x00, 0x02, 0x0d, 0x01, 0x0f, 0x01, 0x0e, 0x01, 0x0f, 0x01, 0x06,
    0x04, 0x03, 0x05, 0x02, 0x01, 0x01, 0x01, 0x02, 0x02, 0x0d, 0x01, 0x0b, 0x01, 0x0d, 0x01, 0x0b, 0x01, 0x0d, 0x1a, 0x00,
    0x16, 0x00, 0x02, 0x0d, 0x01, 0x0e, 0x02, 0x0f, 0x01, 0x06, 0x01, 0x03, 0x01, 0x02, 0x02, 0x01, 0x06, 0x02, 0x01, 0x01,
    0x01, 0x02, 0x01, 0x04, 0x01, 0x0b, 0x02, 0x0f, 0x02, 0x0d, 0x1a, 0x00, 0x16, 0x00, 0x01, 0x0e, 0x01, 0x0d, 0x01, 0x0e,
    0x01, 0x0f, 0x01, 0x09, 0x01, 0x02, 0x01, 0x01, 0x07, 0x02, 0x02, 0x01, 0x02, 0x02, 0x01, 0x01, 0x01, 0x04, 0x02, 0x0f,
    0x01, 0x0d, 0x01, 0x0b, 0x01, 0x0d, 0x19, 0x00, 0x17, 0x00, 0x01, 0x0d, 0x01, 0x0f, 0x01, 0x0a, 0x01, 0x02, 0x01, 0x01,
    0x01, 0x02, 0x02, 0x01, 0x02, 0x02, 0x01, 0x01, 0x01, 0x02, 0x01, 0x01, 0x01, 0x02, 0x02, 0x01, 0x02, 0x02, 0x01, 0x01,
    0x01, 0x04, 0x01, 0x0f, 0x01, 0x0d, 0x02, 0x0e, 0x05, 0x00, 0x01, 0x04, 0x13, 0x00, 0x17, 0x00, 0x01, 0x0e, 0x01, 0x0f,
    0x01, 0x03, 0x01, 0x01, 0x07, 0x02, 0x01, 0x01, 0x01, 0x02, 0x02, 0x03, 0x03, 0x02, 0x01, 0x01, 0x01, 0x02, 0x01, 0x0a,
    0x02, 0x0f, 0x05, 0x00, 0x01, 0x05, 0x01, 0x04, 0x01, 0x05, 0x12, 0x00, 0x18, 0x00, 0x01, 0x03, 0x01, 0x01, 0x02, 0x02,
    0x02, 0x03, 0x01, 0x02, 0x01, 0x03, 0x03, 0x01, 0x01, 0x03, 0x02, 0x02, 0x02, 0x03, 0x01, 0x01, 0x01, 0x02, 0x01, 0x01,
    0x01, 0x03, 0x01, 0x0f, 0x06, 0x00, 0x01, 0x05, 0x01, 0x04, 0x01, 0x09, 0x12, 0x00, 0x17, 0x00, 0x01, 0x03, 0x01, 0x01,
    0x01, 0x02, 0x01, 0x01, 0x02, 0x03, 0x01, 0x02, 0x02, 0x03, 0x01, 0x01, 0x01, 0x02, 0x01, 0x01, 0x01, 0x02, 0x02, 0x03,
    0x01, 0x09, 0x01, 0x06, 0x01, 0x02, 0x02, 0x01, 0x01, 0x02, 0x01, 0x03, 0x05, 0x00, 0x01, 0x05, 0x01, 0x04, 0x01, 0x06,
    0x01, 0x0a, 0x12, 0x00, 0x17, 0x00, 0x01, 0x03, 0x01, 0x02, 0x01, 0x01, 0x01, 0x02, 0x01, 0x08, 0x01, 0x0e, 0x01, 0x0b,
    0x01, 0x0d, 0x01, 0x03, 0x01, 0x01, 0x01, 0x02, 0x01, 0x01, 0x01, 0x03, 0x01, 0x0d, 0x01, 0x0f, 0x01, 0x0e, 0x01, 0x0d,
    0x01, 0x06, 0x04, 0x02, 0x04, 0x00, 0x01, 0x05, 0x01, 0x04, 0x01, 0x05, 0x01, 0x0a, 0x13, 0x00, 0x17, 0x00, 0x01, 0x03,
    0x02, 0x01, 0x01, 0x05, 0x01, 0x0f, 0x01, 0x0e, 0x02, 0x0f, 0x01, 0x04, 0x01, 0x01, 0x01, 0x02, 0x01, 0x01, 0x01, 0x03,
    0x01, 0x0e, 0x01, 0x0d, 0x01, 0x0e, 0x02, 0x0f, 0x01, 0x04, 0x01, 0x01, 0x02, 0x02, 0x03, 0x00, 0x01, 0x0d, 0x02, 0x05,
    0x01, 0x09, 0x14, 0x00, 0x17, 0x00, 0x02, 0x01, 0x01, 0x03, 0x01, 0x0d, 0x02, 0x0a, 0x02, 0x0f, 0x01, 0x04, 0x03, 0x01,
    0x01, 0x03, 0x02, 0x06, 0x01, 0x0f, 0x01, 0x0e, 0x01, 0x0a, 0x01, 0x05, 0x01, 0x01, 0x02, 0x02, 0x01, 0x03, 0x02, 0x00,
    0x01, 0x06, 0x01, 0x05, 0x01, 0x09, 0x01, 0x06, 0x14, 0x00, 0x16, 0x00, 0x01, 0x03, 0x01, 0x02, 0x01, 0x01, 0x01, 0x03,
    0x01, 0x0e, 0x01, 0x03, 0x01, 0x06, 0x01, 0x0f, 0x01, 0x06, 0x01, 0x02, 0x01, 0x04, 0x01, 0x06, 0x01, 0x04, 0x02, 0x02,
    0x01, 0x05, 0x01, 0x0e, 0x01, 0x04, 0x01, 0x08, 0x01, 0x05, 0x01, 0x01, 0x02, 0x02, 0x01, 0x03, 0x01, 0x00, 0x01, 0x06,
    0x01, 0x04, 0x01, 0x05, 0x01, 0x0e, 0x01, 0x0a, 0x01, 0x06, 0x13, 0x00, 0x16, 0x00, 0x01, 0x03, 0x03, 0x02, 0x01, 0x0a,
    0x01, 0x08, 0x01, 0x06, 0x01, 0x09, 0x01, 0x03, 0x01, 0x01, 0x01, 0x04, 0x01, 0x0a, 0x01, 0x03, 0x02, 0x01, 0x01, 0x03,
    0x01, 0x09, 0x01, 0x0a, 0x01, 0x09, 0x01, 0x03, 0x01, 0x01, 0x01, 0x02, 0x01, 0x01, 0x01, 0x02, 0x03, 0x05, 0x01, 0x09,
    0x01, 0x0f, 0x01, 0x09, 0x01, 0x05, 0x13, 0x00, 0x16, 0x00, 0x02, 0x03, 0x01, 0x02, 0x01, 0x01, 0x01, 0x03, 0x02, 0x05,
    0x01, 0x03, 0x06, 0x01, 0x03, 0x02, 0x01, 0x03, 0x01, 0x02, 0x01, 0x01, 0x01, 0x02, 0x01, 0x01, 0x01, 0x03, 0x01, 0x04,
    0x02, 0x05, 0x01, 0x09, 0x01, 0x00, 0x01, 0x09, 0x01, 0x05, 0x01, 0x04, 0x13, 0x00, 0x17, 0x00, 0x01, 0x04, 0x03, 0x02,
    0x03, 0x01, 0x03, 0x02, 0x02, 0x03, 0x01, 0x02, 0x01, 0x03, 0x01, 0x02, 0x01, 0x01, 0x03, 0x02, 0x01, 0x01, 0x01, 0x03,
    0x01, 0x04, 0x01, 0x0a, 0x01, 0x05, 0x01, 0x06, 0x01, 0x09, 0x01, 0x00, 0x01, 0x06, 0x01, 0x05, 0x02, 0x04, 0x12, 0x00,
    0x18, 0x00, 0x01, 0x04, 0x01, 0x03, 0x04, 0x01, 0x01, 0x02, 0x02, 0x03, 0x02, 0x02, 0x01, 0x03, 0x01, 0x02, 0x04, 0x01,
    0x01, 0x02, 0x01, 0x03, 0x01, 0x0b, 0x01, 0x0f, 0x01, 0x09, 0x01, 0x05, 0x01, 0x09, 0x02, 0x00, 0x04, 0x04, 0x12, 0x00,
    0x17, 0x00, 0x01, 0x06, 0x01, 0x0b, 0x01, 0x06, 0x01, 0x04, 0x03, 0x03, 0x01, 0x02, 0x02, 0x01, 0x01, 0x02, 0x02, 0x01,
    0x01, 0x02, 0x03, 0x03, 0x01, 0x04, 0x01, 0x06, 0x01, 0x0f, 0x01, 0x0b, 0x01, 0x08, 0x02, 0x0a, 0x03, 0x00, 0x01, 0x09,
    0x01, 0x05, 0x01, 0x04, 0x01, 0x06, 0x12, 0x00, 0x16, 0x00, 0x01, 0x04, 0x01, 0x05, 0x01, 0x0c, 0x02, 0x0f, 0x01, 0x0e,
    0x01, 0x0a, 0x01, 0x09, 0x01, 0x06, 0x01, 0x05, 0x01, 0x09, 0x01, 0x0a, 0x01, 0x05, 0x01, 0x04, 0x01, 0x05, 0x01, 0x0b,
    0x01, 0x09, 0x01, 0x0b, 0x01, 0x0e, 0x01, 0x0d, 0x02, 0x06, 0x01, 0x0c, 0x02, 0x0d, 0x03, 0x00, 0x01, 0x09, 0x01, 0x0a,
    0x01, 0x06, 0x13, 0x00, 0x16, 0x00, 0x01, 0x06, 0x01, 0x05, 0x01, 0x07, 0x01, 0x0c, 0x02, 0x0f, 0x01, 0x0b, 0x02, 0x0d,
    0x02, 0x0e, 0x01, 0x0d, 0x01, 0x0e, 0x04, 0x0d, 0x01, 0x0a, 0x02, 0x06, 0x01, 0x07, 0x02, 0x0c, 0x01, 0x08, 0x01, 0x07,
    0x01, 0x0c, 0x02, 0x00, 0x02, 0x06, 0x14, 0x00, 0x16, 0x00, 0x01, 0x08, 0x01, 0x0c, 0x01, 0x06, 0x01, 0x0c, 0x01, 0x0f,
    0x01, 0x0a, 0x01, 0x04, 0x01, 0x06, 0x02, 0x0d, 0x01, 0x0a, 0x03, 0x0b, 0x01, 0x06, 0x01, 0x05, 0x02, 0x04, 0x01, 0x05,
    0x01, 0x07, 0x02, 0x0c, 0x01, 0x08, 0x02, 0x07, 0x01, 0x08, 0x01, 0x0c, 0x02, 0x00, 0x01, 0x04, 0x14, 0x00, 0x15, 0x00,
    0x02, 0x07, 0x01, 0x0c, 0x01, 0x0b, 0x01, 0x0a, 0x01, 0x0b, 0x01, 0x06, 0x01, 0x03, 0x01, 0x04, 0x01, 0x0e, 0x01, 0x0d,
    0x01, 0x0e, 0x01, 0x0b, 0x01, 0x0d, 0x01, 0x0b, 0x01, 0x03, 0x01, 0x01, 0x01, 0x02, 0x01, 0x04, 0x01, 0x0a, 0x01, 0x08,
    0x01, 0x0c, 0x02, 0x08, 0x04, 0x07, 0x01, 0x08, 0x01, 0x06, 0x02, 0x04, 0x13, 0x00, 0x14, 0x00, 0x01, 0x0c, 0x02, 0x07,
    0x01, 0x0c, 0x01, 0x0d, 0x01, 0x0a, 0x01, 0x06, 0x01, 0x05, 0x01, 0x04, 0x05, 0x0b, 0x01, 0x0a, 0x01, 0x0e, 0x01, 0x04,
    0x01, 0x01, 0x01, 0x04, 0x02, 0x06, 0x01, 0x08, 0x03, 0x0c, 0x05, 0x07, 0x01, 0x04, 0x01, 0x05, 0x14, 0x00, 0x13, 0x00,
    0x01, 0x08, 0x01, 0x07, 0x01, 0x08, 0x02, 0x0c, 0x01, 0x09, 0x01, 0x0a, 0x02, 0x05, 0x01, 0x09, 0x01, 0x0b, 0x01, 0x0e,
    0x01, 0x0d, 0x01, 0x0a, 0x02, 0x0b, 0x01, 0x0d, 0x01, 0x06, 0x01, 0x04, 0x02, 0x05, 0x01, 0x06, 0x01, 0x0c, 0x01, 0x0e,
    0x01, 0x0c, 0x05, 0x07, 0x01, 0x08, 0x16, 0x00, 0x13, 0x00, 0x01, 0x07, 0x01, 0x0c, 0x01, 0x0a, 0x01, 0x05, 0x01, 0x04,
    0x01, 0x05, 0x01, 0x09, 0x02, 0x0a, 0x01, 0x0d, 0x01, 0x0a, 0x01, 0x0d, 0x01, 0x0f, 0x01, 0x0a, 0x02, 0x0b, 0x01, 0x0a,
    0x01, 0x0d, 0x01, 0x0a, 0x02, 0x06, 0x01, 0x0a, 0x01, 0x08, 0x01, 0x09, 0x01, 0x08, 0x01, 0x0c, 0x01, 0x08, 0x03, 0x07,
    0x01, 0x08, 0x01, 0x0c, 0x15, 0x00, 0x12, 0x00, 0x01, 0x0c, 0x01, 0x07, 0x01, 0x08, 0x02, 0x04, 0x01, 0x09, 0x01, 0x0d,
    0x05, 0x0b, 0x01, 0x0d, 0x01, 0x0e, 0x01, 0x0b, 0x03, 0x0a, 0x01, 0x0b, 0x01, 0x0d, 0x01, 0x0b, 0x01, 0x0d, 0x01, 0x0b,
    0x01, 0x09, 0x02, 0x04, 0x01, 0x05, 0x02, 0x0c, 0x01, 0x08, 0x02, 0x07, 0x01, 0x0c, 0x15, 0x00, 0x12, 0x00, 0x02, 0x0c,
    0x02, 0x04, 0x01, 0x06, 0x01, 0x0e, 0x07, 0x0b, 0x01, 0x0e, 0x01, 0x0b, 0x02, 0x0a, 0x08, 0x0b, 0x02, 0x04, 0x01, 0x05,
    0x01, 0x0c, 0x01, 0x08, 0x02, 0x07, 0x01, 0x0c, 0x15, 0x00, 0x12, 0x00, 0x01, 0x07, 0x01, 0x08, 0x02, 0x04, 0x08, 0x0b,
    0x01, 0x0d, 0x01, 0x0f, 0x01, 0x0d, 0x04, 0x0a, 0x01, 0x0b, 0x01, 0x0a, 0x02, 0x0b, 0x01, 0x0a, 0x01, 0x0d, 0x01, 0x06,
    0x02, 0x04, 0x01, 0x07, 0x02, 0x08, 0x01, 0x07, 0x01, 0x0c, 0x15, 0x00, 0x11, 0x00, 0x02, 0x07, 0x01, 0x06, 0x01, 0x04,
    0x01, 0x05, 0x01, 0x0d, 0x06, 0x0b, 0x01, 0x0e, 0x01, 0x0f, 0x02, 0x0a, 0x01, 0x0e, 0x01, 0x0d, 0x02, 0x0b, 0x01, 0x0a,
    0x05, 0x0b, 0x01, 0x0a, 0x02, 0x04, 0x01, 0x06, 0x02, 0x08, 0x01, 0x07, 0x01, 0x0c, 0x15, 0x00, 0x11, 0x00, 0x02, 0x08,
    0x01, 0x06, 0x01, 0x04, 0x01, 0x05, 0x01, 0x0d, 0x06, 0x0b, 0x02, 0x0f, 0x02, 0x09, 0x01, 0x0b, 0x01, 0x0f, 0x01, 0x0d,
    0x01, 0x0a, 0x04, 0x0b, 0x01, 0x0a, 0x01, 0x0b, 0x01, 0x0a, 0x02, 0x04, 0x01, 0x05, 0x01, 0x0c, 0x01, 0x07, 0x02, 0x0c,
    0x15, 0x00, 0x11, 0x00, 0x02, 0x0c, 0x01, 0x06, 0x02, 0x04, 0x02, 0x0d, 0x03, 0x0b, 0x01, 0x0e, 0x02, 0x0f, 0x01, 0x0a,
    0x02, 0x06, 0x01, 0x09, 0x01, 0x0b, 0x01, 0x0f, 0x01, 0x0e, 0x01, 0x0d, 0x03, 0x0b, 0x01, 0x0a, 0x02, 0x0b, 0x03, 0x04,
    0x02, 0x08, 0x02, 0x0c, 0x15, 0x00, 0x12, 0x00, 0x01, 0x0c, 0x01, 0x0a, 0x01, 0x05, 0x01, 0x04, 0x01, 0x0b, 0x01, 0x0e,
    0x01, 0x0d, 0x02, 0x0e, 0x02, 0x0f, 0x01, 0x0a, 0x02, 0x05, 0x01, 0x06, 0x01, 0x05, 0x01, 0x06, 0x01, 0x0a, 0x02, 0x0f,
    0x01, 0x0e, 0x02, 0x0d, 0x01, 0x0b, 0x01, 0x0d, 0x01, 0x0a, 0x02, 0x04, 0x01, 0x05, 0x03, 0x0c, 0x16, 0x00, 0x12, 0x00,
    0x02, 0x0c, 0x01, 0x06, 0x01, 0x05, 0x01, 0x06, 0x05, 0x0f, 0x01, 0x0a, 0x01, 0x06, 0x01, 0x05, 0x01, 0x06, 0x01, 0x05,
    0x01, 0x04, 0x01, 0x05, 0x01, 0x06, 0x01, 0x0a, 0x01, 0x0e, 0x03, 0x0f, 0x01, 0x0e, 0x01, 0x0f, 0x01, 0x09, 0x02, 0x04,
    0x01, 0x09, 0x03, 0x0c, 0x16, 0x00, 0x13, 0x00, 0x01, 0x0d, 0x01, 0x0b, 0x02, 0x06, 0x01, 0x09, 0x02, 0x0d, 0x01, 0x0e,
    0x01, 0x0d, 0x01, 0x09, 0x01, 0x06, 0x02, 0x09, 0x01, 0x06, 0x04, 0x09, 0x01, 0x0d, 0x04, 0x0f, 0x01, 0x0b, 0x02, 0x05,
    0x01, 0x06, 0x01, 0x0d, 0x02, 0x0c, 0x17, 0x00, 0x15, 0x00, 0x06, 0x09, 0x01, 0x06, 0x05, 0x05, 0x01, 0x06, 0x03, 0x09,
    0x01, 0x0d, 0x01, 0x09, 0x01, 0x0d, 0x01, 0x09, 0x01, 0x06, 0x03, 0x05, 0x01, 0x0b, 0x01, 0x0d, 0x01, 0x0c, 0x18, 0x00,
    0x15, 0x00, 0x01, 0x0a, 0x01, 0x0d, 0x01, 0x0f, 0x01, 0x0e, 0x02, 0x09, 0x05, 0x05, 0x03, 0x06, 0x01, 0x05, 0x01, 0x06,
    0x03, 0x09, 0x01, 0x0e, 0x02, 0x09, 0x01, 0x0a, 0x01, 0x0d, 0x02, 0x0e, 0x19, 0x00, 0x15, 0x00, 0x04, 0x0c, 0x01, 0x08,
    0x02, 0x0b, 0x01, 0x0a, 0x01, 0x09, 0x03, 0x06, 0x01, 0x09, 0x01, 0x0b, 0x01, 0x09, 0x01, 0x0d, 0x01, 0x09, 0x02, 0x0b,
    0x02, 0x0d, 0x01, 0x0e, 0x01, 0x0f, 0x01, 0x0e, 0x01, 0x0d, 0x01, 0x0c, 0x19, 0x00, 0x15, 0x00, 0x01, 0x0a, 0x0b, 0x08,
    0x02, 0x0c, 0x01, 0x0e, 0x01, 0x09, 0x01, 0x05, 0x01, 0x09, 0x01, 0x08, 0x02, 0x0c, 0x01, 0x08, 0x01, 0x0c, 0x01, 0x08,
    0x02, 0x0c, 0x19, 0x00, 0x15, 0x00, 0x01, 0x08, 0x01, 0x07, 0x02, 0x08, 0x01, 0x07, 0x09, 0x08, 0x01, 0x09, 0x03, 0x05,
    0x01, 0x09, 0x02, 0x08, 0x03, 0x07, 0x03, 0x08, 0x18, 0x00, 0x15, 0x00, 0x01, 0x08, 0x01, 0x07, 0x0c, 0x08, 0x01, 0x06,
    0x04, 0x05, 0x01, 0x08, 0x01, 0x07, 0x01, 0x08, 0x01, 0x07, 0x01, 0x08, 0x03, 0x0c, 0x18, 0x00, 0x15, 0x00, 0x01, 0x0c,
    0x09, 0x08, 0x01, 0x07, 0x03, 0x08, 0x01, 0x06, 0x04, 0x05, 0x01, 0x0a, 0x01, 0x07, 0x01, 0x08, 0x01, 0x07, 0x01, 0x08,
    0x03, 0x0c, 0x18, 0x00, 0x15, 0x00, 0x01, 0x0c, 0x01, 0x08, 0x02, 0x07, 0x02, 0x08, 0x02, 0x0c, 0x06, 0x08, 0x01, 0x09,
    0x01, 0x05, 0x01, 0x06, 0x01, 0x05, 0x01, 0x09, 0x01, 0x08, 0x01, 0x07, 0x02, 0x08, 0x04, 0x0c, 0x18, 0x00, 0x15, 0x00,
    0x01, 0x0c, 0x06, 0x08, 0x01, 0x0b, 0x04, 0x0d, 0x01, 0x0c, 0x01, 0x08, 0x01, 0x0a, 0x01, 0x0d, 0x01, 0x0b, 0x01, 0x09,
    0x01, 0x08, 0x01, 0x07, 0x03, 0x08, 0x04, 0x0c, 0x18, 0x00, 0x15, 0x00, 0x01, 0x0c, 0x01, 0x08, 0x01, 0x07, 0x01, 0x08,
    0x02, 0x07, 0x02, 0x08, 0x01, 0x0c, 0x01, 0x0d, 0x02, 0x0f, 0x01, 0x0e, 0x01, 0x0c, 0x02, 0x08, 0x01, 0x07, 0x01, 0x08,
    0x03, 0x07, 0x03, 0x08, 0x03, 0x0c, 0x18, 0x00, 0x15, 0x00, 0x01, 0x0c, 0x02, 0x08, 0x03, 0x07, 0x01, 0x08, 0x01, 0x07,
    0x01, 0x08, 0x01, 0x0c, 0x01, 0x0d, 0x01, 0x0e, 0x01, 0x0f, 0x01, 0x0c, 0x02, 0x08, 0x06, 0x07, 0x02, 0x08, 0x02, 0x0c,
    0x01, 0x0b, 0x18, 0x00, 0x15, 0x00, 0x01, 0x09, 0x08, 0x08, 0x01, 0x0c, 0x02, 0x0d, 0x01, 0x0e, 0x01, 0x0d, 0x01, 0x0c,
    0x02, 0x08, 0x02, 0x07, 0x06, 0x08, 0x02, 0x09, 0x18, 0x00, 0x15, 0x00, 0x01, 0x05, 0x01, 0x04, 0x01, 0x05, 0x02, 0x06,
    0x01, 0x08, 0x01, 0x07, 0x02, 0x08, 0x03, 0x0a, 0x02, 0x0b, 0x01, 0x0a, 0x04, 0x08, 0x01, 0x07, 0x02, 0x06, 0x03, 0x05,
    0x01, 0x09, 0x01, 0x0b, 0x18, 0x00, 0x16, 0x00, 0x01, 0x09, 0x02, 0x06, 0x01, 0x05, 0x01, 0x04, 0x02, 0x05, 0x01, 0x06,
    0x01, 0x09, 0x01, 0x0a, 0x01, 0x0d, 0x01, 0x0f, 0x02, 0x06, 0x07, 0x05, 0x01, 0x06, 0x01, 0x0a, 0x02, 0x0e, 0x01, 0x0f,
    0x18, 0x00, 0x16, 0x00, 0x01, 0x0f, 0x01, 0x0e, 0x05, 0x0d, 0x05, 0x0f, 0x01, 0x00, 0x01, 0x0b, 0x01, 0x0d, 0x02, 0x0b,
    0x01, 0x0a, 0x03, 0x0b, 0x01, 0x0d, 0x02, 0x0f, 0x02, 0x0e, 0x18, 0x00, 0x17, 0x00, 0x01, 0x0e, 0x01, 0x0d, 0x02, 0x0b,
    0x01, 0x0d, 0x01, 0x0e, 0x01, 0x0d, 0x01, 0x0b, 0x03, 0x0e, 0x02, 0x00, 0x03, 0x0f, 0x01, 0x0b, 0x03, 0x0a, 0x02, 0x0d,
    0x01, 0x0b, 0x02, 0x0e, 0x18, 0x00, 0x17, 0x00, 0x02, 0x0f, 0x03, 0x0e, 0x01, 0x0b, 0x01, 0x0a, 0x01, 0x0b, 0x01, 0x0d,
    0x02, 0x0e, 0x03, 0x00, 0x02, 0x0f, 0x01, 0x0e, 0x02, 0x0b, 0x01, 0x0d, 0x01, 0x0e, 0x01, 0x0b, 0x01, 0x0a, 0x01, 0x0d,
    0x01, 0x0e, 0x01, 0x0f, 0x17, 0x00, 0x17, 0x00, 0x01, 0x0e, 0x01, 0x0b, 0x02, 0x0d, 0x05, 0x0b, 0x01, 0x0e, 0x02, 0x0d,
    0x02, 0x00, 0x06, 0x0e, 0x01, 0x0b, 0x01, 0x0a, 0x02, 0x0b, 0x01, 0x0d, 0x01, 0x0e, 0x17, 0x00, 0x18, 0x00, 0x01, 0x0d,
    0x02, 0x0a, 0x02, 0x0b, 0x01, 0x0a, 0x02, 0x0b, 0x01, 0x0e, 0x01, 0x0f, 0x03, 0x00, 0x05, 0x0d, 0x01, 0x0b, 0x02, 0x0a,
    0x02, 0x0b, 0x02, 0x0e, 0x17, 0x00, 0x18, 0x00, 0x01, 0x0f, 0x01, 0x0b, 0x01, 0x0a, 0x04, 0x0b, 0x02, 0x0e, 0x01, 0x0f,
    0x04, 0x00, 0x01, 0x0e, 0x01, 0x0d, 0x01, 0x0b, 0x03, 0x0a, 0x02, 0x0b, 0x01, 0x0d, 0x01, 0x0e, 0x18, 0x00, 0x19, 0x00,
    0x01, 0x0d, 0x02, 0x0a, 0x02, 0x0b, 0x01, 0x0d, 0x03, 0x0e, 0x05, 0x00, 0x01, 0x0e, 0x01, 0x0b, 0x03, 0x0a, 0x02, 0x0b,
    0x01, 0x0d, 0x01, 0x0e, 0x18, 0x00, 0x18, 0x00, 0x01, 0x0e, 0x01, 0x0d, 0x02, 0x0b, 0x01, 0x0a, 0x01, 0x0b, 0x01, 0x0a,
    0x02, 0x0e, 0x01, 0x0f, 0x05, 0x00, 0x01, 0x0f, 0x01, 0x0e, 0x05, 0x0b, 0x02, 0x0d, 0x18, 0x00, 0x17, 0x00, 0x01, 0x0d,
    0x03, 0x0b, 0x02, 0x0a, 0x02, 0x0b, 0x02, 0x0e, 0x01, 0x0d, 0x05, 0x00, 0x01, 0x0f, 0x01, 0x0e, 0x01, 0x0b, 0x01, 0x0a,
    0x03, 0x0b, 0x01, 0x0d, 0x01, 0x0e, 0x18, 0x00, 0x16, 0x00, 0x03, 0x0b, 0x01, 0x0d, 0x01, 0x0b, 0x03, 0x0a, 0x01, 0x0d,
    0x03, 0x0e, 0x05, 0x00, 0x01, 0x0e, 0x02, 0x0b, 0x02, 0x0a, 0x01, 0x0b, 0x01, 0x0a, 0x01, 0x0b, 0x01, 0x0e, 0x18, 0x00,
    0x15, 0x00, 0x04, 0x0b, 0x03, 0x0a, 0x01, 0x0b, 0x01, 0x0d, 0x03, 0x0e, 0x01, 0x0f, 0x05, 0x00, 0x01, 0x0d, 0x01, 0x0a,
    0x01, 0x0b, 0x01, 0x0a, 0x05, 0x0b, 0x18, 0x00, 0x15, 0x00, 0x01, 0x0e, 0x03, 0x0d, 0x03, 0x0b, 0x01, 0x0d, 0x04, 0x0f,
    0x06, 0x00, 0x01, 0x0b, 0x01, 0x0a, 0x01, 0x0b, 0x01, 0x0a, 0x02, 0x0b, 0x01, 0x0a, 0x02, 0x0b, 0x01, 0x0e, 0x17, 0x00,
    0x15, 0x00, 0x01, 0x0e, 0x01, 0x0a, 0x01, 0x0e, 0x01, 0x0b, 0x01, 0x09, 0x02, 0x0e, 0x01, 0x0f, 0x0a, 0x00, 0x02, 0x0b,
    0x01, 0x0d, 0x01, 0x0b, 0x02, 0x0d, 0x01, 0x0a, 0x01, 0x0e, 0x01, 0x0d, 0x01, 0x0f, 0x17, 0x00, 0x19, 0x00, 0x01, 0x06,
    0x0d, 0x00, 0x01, 0x0d, 0x02, 0x0e, 0x01, 0x0b, 0x02, 0x0d, 0x01, 0x0b, 0x01, 0x0f, 0x01, 0x0d, 0x18, 0x00, 0x29, 0x00,
    0x02, 0x09, 0x02, 0x0a, 0x01, 0x09, 0x1a, 0x00, 0x48, 0x00, 0x48, 0x00
};
const uint8_t kWaiting2[] PROGMEM = {
    0x48, 0x00, 0x48, 0x00, 0x23, 0x00, 0x02, 0x02, 0x01, 0x03, 0x22, 0x00, 0x22, 0x00, 0x01, 0x02, 0x01, 0x01, 0x01, 0x02,
    0x01, 0x03, 0x22, 0x00, 0x21, 0x00, 0x03, 0x01, 0x01, 0x02, 0x23, 0x00, 0x1e, 0x00, 0x01, 0x0d, 0x01, 0x09, 0x01, 0x00,
    0x01, 0x03, 0x01, 0x01, 0x04, 0x02, 0x21, 0x00, 0x1c, 0x00, 0x02, 0x0d, 0x02, 0x0b, 0x01, 0x0a, 0x02, 0x03, 0x01, 0x01,
    0x02, 0x02, 0x01, 0x01, 0x01, 0x02, 0x01, 0x01, 0x1f, 0x00, 0x1b, 0x00, 0x01, 0x0e, 0x01, 0x0b, 0x01, 0x0e, 0x01, 0x0f,
    0x01, 0x0e, 0x01, 0x04, 0x01, 0x03, 0x01, 0x04, 0x01, 0x03, 0x02, 0x02, 0x01, 0x01, 0x02, 0x02, 0x01, 0x03, 0x1e, 0x00,
    0x1b, 0x00, 0x02, 0x0d, 0x01, 0x0f, 0x01, 0x06, 0x01, 0x03, 0x01, 0x01, 0x01, 0x02, 0x01, 0x01, 0x01, 0x02, 0x01, 0x01,
    0x04, 0x02, 0x02, 0x03, 0x01, 0x00, 0x01, 0x0e, 0x01, 0x0b, 0x01, 0x0d, 0x19, 0x00, 0x1b, 0x00, 0x01, 0x0e, 0x01, 0x0f,
    0x01, 0x04, 0x02, 0x01, 0x04, 0x02, 0x03, 0x01, 0x01, 0x02, 0x02, 0x01, 0x01, 0x03, 0x01, 0x0e, 0x01, 0x0d, 0x02, 0x0b,
    0x01, 0x0d, 0x18, 0x00, 0x1b, 0x00, 0x01, 0x0f, 0x01, 0x04, 0x01, 0x01, 0x02, 0x03, 0x06, 0x02, 0x02, 0x01, 0x03, 0x02,
    0x01, 0x04, 0x01, 0x0e, 0x01, 0x0f, 0x01, 0x0d, 0x02, 0x0b, 0x17, 0x00, 0x1b, 0x00, 0x01, 0x03, 0x01, 0x01, 0x01, 0x03,
    0x02, 0x02, 0x01, 0x03, 0x01, 0x01, 0x02, 0x02, 0x03, 0x03, 0x03, 0x02, 0x01, 0x01, 0x01, 0x02, 0x01, 0x0b, 0x02, 0x0f,
    0x02, 0x0d, 0x17, 0x00, 0x1a, 0x00, 0x01, 0x03, 0x01, 0x01, 0x01, 0x04, 0x01, 0x0d, 0x01, 0x06, 0x01, 0x04, 0x02, 0x02,
    0x01, 0x01, 0x04, 0x02, 0x01, 0x03, 0x03, 0x02, 0x01, 0x01, 0x01, 0x04, 0x01, 0x0f, 0x01, 0x0e, 0x01, 0x0b, 0x01, 0x0d,
    0x17, 0x00, 0x1a, 0x00, 0x01, 0x02, 0x01, 0x03, 0x03, 0x0f, 0x01, 0x05, 0x01, 0x01, 0x03, 0x02, 0x04, 0x06, 0x01, 0x02,
    0x01, 0x01, 0x01, 0x02, 0x01, 0x01, 0x01, 0x03, 0x03, 0x0d, 0x01, 0x0e, 0x05, 0x00, 0x01, 0x05, 0x01, 0x04, 0x10, 0x00,
    0x19, 0x00, 0x01, 0x03, 0x01, 0x02, 0x01, 0x0d, 0x02, 0x0f, 0x01, 0x0d, 0x01, 0x04, 0x01, 0x01, 0x01, 0x02, 0x01, 0x01,
    0x01, 0x03, 0x02, 0x0f, 0x01, 0x0e, 0x01, 0x0f, 0x01, 0x05, 0x01, 0x01, 0x02, 0x02, 0x01, 0x01, 0x01, 0x06, 0x01, 0x0f,
    0x01, 0x0e, 0x05, 0x00, 0x01, 0x05, 0x02, 0x04, 0x01, 0x09, 0x0f, 0x00, 0x18, 0x00, 0x01, 0x03, 0x01, 0x01, 0x01, 0x03,
    0x01, 0x0d, 0x01, 0x09, 0x03, 0x04, 0x01, 0x03, 0x01, 0x02, 0x01, 0x01, 0x01, 0x05, 0x01, 0x0f, 0x01, 0x0e, 0x01, 0x0f,
    0x01, 0x0e, 0x01, 0x0d, 0x01, 0x03, 0x01, 0x01, 0x01, 0x02, 0x01, 0x01, 0x01, 0x04, 0x01, 0x0f, 0x06, 0x00, 0x01, 0x05,
    0x01, 0x04, 0x01, 0x05, 0x01, 0x09, 0x0f, 0x00, 0x18, 0x00, 0x01, 0x04, 0x01, 0x01, 0x01, 0x03, 0x01, 0x0f, 0x01, 0x06,
    0x01, 0x03, 0x01, 0x02, 0x01, 0x0a, 0x01, 0x0b, 0x01, 0x03, 0x01, 0x01, 0x01, 0x04, 0x01, 0x0e, 0x01, 0x0f, 0x01, 0x04,
    0x01, 0x05, 0x01, 0x0f, 0x01, 0x03, 0x01, 0x01, 0x01, 0x02, 0x01, 0x01, 0x01, 0x02, 0x01, 0x03, 0x05, 0x00, 0x01, 0x05,
    0x01, 0x04, 0x01, 0x05, 0x01, 0x0b, 0x10, 0x00, 0x18, 0x00, 0x01, 0x03, 0x01, 0x01, 0x01, 0x02, 0x02, 0x04, 0x01, 0x02,
    0x01, 0x01, 0x02, 0x02, 0x02, 0x01, 0x01, 0x02, 0x02, 0x04, 0x01, 0x01, 0x01, 0x04, 0x01, 0x0f, 0x01, 0x03, 0x01, 0x01,
    0x01, 0x02, 0x01, 0x01, 0x01, 0x03, 0x01, 0x04, 0x04, 0x00, 0x01, 0x06, 0x01, 0x04, 0x01, 0x06, 0x01, 0x0d, 0x11, 0x00,
    0x18, 0x00, 0x01, 0x03, 0x02, 0x02, 0x02, 0x01, 0x03, 0x02, 0x04, 0x01, 0x01, 0x03, 0x01, 0x06, 0x01, 0x0a, 0x01, 0x0e,
    0x01, 0x06, 0x01, 0x02, 0x01, 0x01, 0x02, 0x02, 0x01, 0x01, 0x01, 0x02, 0x03, 0x00, 0x02, 0x06, 0x01, 0x05, 0x01, 0x06,
    0x12, 0x00, 0x18, 0x00, 0x01, 0x04, 0x04, 0x02, 0x02, 0x03, 0x01, 0x04, 0x01, 0x03, 0x01, 0x02, 0x02, 0x03, 0x01, 0x01,
    0x01, 0x02, 0x02, 0x03, 0x01, 0x02, 0x01, 0x01, 0x01, 0x02, 0x01, 0x01, 0x01, 0x02, 0x02, 0x03, 0x03, 0x00, 0x01, 0x05,
    0x01, 0x04, 0x01, 0x0e, 0x01, 0x09, 0x01, 0x06, 0x11, 0x00, 0x19, 0x00, 0x01, 0x04, 0x01, 0x02, 0x03, 0x01, 0x04, 0x02,
    0x01, 0x03, 0x03, 0x02, 0x02, 0x01, 0x01, 0x02, 0x02, 0x01, 0x01, 0x02, 0x01, 0x01, 0x01, 0x03, 0x03, 0x00, 0x01, 0x05,
    0x01, 0x04, 0x01, 0x06, 0x02, 0x09, 0x01, 0x08, 0x11, 0x00, 0x19, 0x00, 0x01, 0x09, 0x01, 0x05, 0x01, 0x04, 0x01, 0x03,
    0x04, 0x01, 0x01, 0x02, 0x02, 0x01, 0x05, 0x02, 0x03, 0x01, 0x02, 0x03, 0x02, 0x00, 0x01, 0x06, 0x01, 0x05, 0x01, 0x06,
    0x01, 0x0a, 0x01, 0x00, 0x01, 0x06, 0x01, 0x05, 0x11, 0x00, 0x18, 0x00, 0x01, 0x06, 0x01, 0x0b, 0x02, 0x0f, 0x01, 0x0b,
    0x03, 0x04, 0x03, 0x01, 0x01, 0x02, 0x04, 0x01, 0x02, 0x02, 0x02, 0x03, 0x01, 0x06, 0x01, 0x09, 0x01, 0x00, 0x01, 0x09,
    0x01, 0x05, 0x01, 0x06, 0x01, 0x09, 0x01, 0x00, 0x01, 0x06, 0x01, 0x05, 0x01, 0x04, 0x11, 0x00, 0x17, 0x00, 0x01, 0x05,
    0x01, 0x08, 0x01, 0x0d, 0x02, 0x0f, 0x01, 0x0b, 0x02, 0x0e, 0x01, 0x0d, 0x01, 0x06, 0x01, 0x05, 0x01, 0x04, 0x01, 0x06,
    0x04, 0x04, 0x01, 0x05, 0x01, 0x04, 0x01, 0x05, 0x01, 0x06, 0x01, 0x08, 0x01, 0x0b, 0x01, 0x09, 0x02, 0x05, 0x01, 0x09,
    0x02, 0x00, 0x01, 0x05, 0x03, 0x04, 0x10, 0x00, 0x17, 0x00, 0x01, 0x05, 0x01, 0x08, 0x01, 0x0c, 0x01, 0x0e, 0x01, 0x0f,
    0x01, 0x0e, 0x01, 0x0b, 0x01, 0x0a, 0x01, 0x0b, 0x02, 0x0d, 0x02, 0x0b, 0x02, 0x0d, 0x01, 0x0f, 0x01, 0x0a, 0x01, 0x06,
    0x02, 0x07, 0x03, 0x0c, 0x01, 0x09, 0x01, 0x05, 0x01, 0x09, 0x03, 0x00, 0x01, 0x09, 0x02, 0x04, 0x01, 0x05, 0x10, 0x00,
    0x16, 0x00, 0x01, 0x0c, 0x01, 0x0b, 0x01, 0x05, 0x01, 0x0c, 0x01, 0x0f, 0x01, 0x09, 0x01, 0x05, 0x01, 0x0f, 0x01, 0x0b,
    0x01, 0x0a, 0x01, 0x0b, 0x04, 0x0d, 0x01, 0x0b, 0x01, 0x09, 0x01, 0x06, 0x01, 0x07, 0x03, 0x0c, 0x01, 0x08, 0x01, 0x07,
    0x01, 0x0c, 0x01, 0x09, 0x01, 0x0d, 0x03, 0x00, 0x01, 0x09, 0x01, 0x05, 0x01, 0x06, 0x11, 0x00, 0x15, 0x00, 0x02, 0x07,
    0x01, 0x0c, 0x01, 0x0a, 0x01, 0x0c, 0x01, 0x0f, 0x01, 0x05, 0x01, 0x03, 0x01, 0x05, 0x02, 0x0e, 0x01, 0x0b, 0x01, 0x09,
    0x01, 0x06, 0x03, 0x04, 0x01, 0x05, 0x01, 0x06, 0x03, 0x0c, 0x06, 0x07, 0x03, 0x00, 0x02, 0x09, 0x12, 0x00, 0x14, 0x00,
    0x02, 0x07, 0x01, 0x08, 0x02, 0x0c, 0x01, 0x0b, 0x01, 0x09, 0x01, 0x04, 0x01, 0x01, 0x01, 0x02, 0x01, 0x03, 0x01, 0x04,
    0x01, 0x03, 0x03, 0x02, 0x01, 0x03, 0x01, 0x05, 0x01, 0x0b, 0x01, 0x09, 0x01, 0x0c, 0x01, 0x08, 0x07, 0x07, 0x01, 0x08,
    0x02, 0x00, 0x01, 0x05, 0x01, 0x04, 0x12, 0x00, 0x13, 0x00, 0x03, 0x07, 0x01, 0x0c, 0x02, 0x08, 0x01, 0x0a, 0x01, 0x06,
    0x01, 0x03, 0x01, 0x01, 0x05, 0x02, 0x01, 0x01, 0x01, 0x02, 0x01, 0x04, 0x02, 0x06, 0x02, 0x08, 0x09, 0x07, 0x01, 0x0c,
    0x02, 0x00, 0x01, 0x04, 0x12, 0x00, 0x12, 0x00, 0x03, 0x07, 0x02, 0x0c, 0x01, 0x07, 0x01, 0x0a, 0x02, 0x06, 0x01, 0x04,
    0x01, 0x01, 0x04, 0x02, 0x01, 0x01, 0x01, 0x03, 0x01, 0x04, 0x01, 0x05, 0x02, 0x06, 0x04, 0x07, 0x01, 0x08, 0x06, 0x07,
    0x02, 0x08, 0x02, 0x05, 0x12, 0x00, 0x11, 0x00, 0x01, 0x08, 0x01, 0x0c, 0x01, 0x08, 0x01, 0x07, 0x01, 0x0c, 0x01, 0x0e,
    0x01, 0x07, 0x01, 0x09, 0x01, 0x05, 0x01, 0x06, 0x01, 0x04, 0x04, 0x02, 0x01, 0x01, 0x01, 0x03, 0x01, 0x04, 0x02, 0x05,
    0x01, 0x06, 0x01, 0x08, 0x03, 0x07, 0x02, 0x08, 0x08, 0x07, 0x01, 0x04, 0x13, 0x00, 0x11, 0x00, 0x01, 0x0c, 0x02, 0x08,
    0x01, 0x0a, 0x01, 0x0e, 0x01, 0x0c, 0x01, 0x07, 0x01, 0x06, 0x01, 0x04, 0x01, 0x05, 0x01, 0x04, 0x03, 0x02, 0x01, 0x01,
    0x01, 0x03, 0x05, 0x05, 0x04, 0x07, 0x02, 0x0c, 0x08, 0x07, 0x14, 0x00, 0x10, 0x00, 0x01, 0x0b, 0x01, 0x05, 0x03, 0x04,
    0x01, 0x09, 0x01, 0x08, 0x02, 0x06, 0x01, 0x04, 0x02, 0x05, 0x01, 0x03, 0x01, 0x02, 0x01, 0x01, 0x01, 0x03, 0x06, 0x05,
    0x01, 0x06, 0x03, 0x07, 0x02, 0x0c, 0x05, 0x08, 0x03, 0x07, 0x01, 0x0c, 0x13, 0x00, 0x10, 0x00, 0x02, 0x04, 0x01, 0x05,
    0x01, 0x06, 0x01, 0x09, 0x01, 0x0a, 0x01, 0x08, 0x01, 0x06, 0x02, 0x05, 0x01, 0x04, 0x01, 0x05, 0x01, 0x04, 0x01, 0x02,
    0x01, 0x04, 0x06, 0x05, 0x01, 0x06, 0x04, 0x07, 0x01, 0x0c, 0x01, 0x0e, 0x03, 0x0c, 0x01, 0x08, 0x01, 0x07, 0x01, 0x08,
    0x02, 0x07, 0x01, 0x0c, 0x13, 0x00, 0x0f, 0x00, 0x01, 0x05, 0x01, 0x04, 0x01, 0x09, 0x01, 0x0e, 0x01, 0x0d, 0x01, 0x0e,
    0x01, 0x0f, 0x01, 0x07, 0x01, 0x09, 0x01, 0x06, 0x01, 0x04, 0x02, 0x05, 0x02, 0x04, 0x01, 0x06, 0x06, 0x05, 0x02, 0x06,
    0x03, 0x07, 0x01, 0x08, 0x01, 0x0e, 0x01, 0x08, 0x01, 0x05, 0x03, 0x04, 0x01, 0x05, 0x02, 0x08, 0x01, 0x07, 0x01, 0x08,
    0x12, 0x00, 0x0f, 0x00, 0x01, 0x04, 0x01, 0x05, 0x01, 0x0f, 0x01, 0x0a, 0x01, 0x0b, 0x01, 0x0d, 0x01, 0x0c, 0x01, 0x07,
    0x01, 0x0a, 0x04, 0x05, 0x01, 0x06, 0x08, 0x05, 0x02, 0x06, 0x03, 0x07, 0x01, 0x0c, 0x01, 0x0d, 0x07, 0x04, 0x01, 0x06,
    0x01, 0x07, 0x01, 0x08, 0x12, 0x00, 0x0f, 0x00, 0x01, 0x05, 0x01, 0x09, 0x01, 0x0d, 0x02, 0x0b, 0x01, 0x0d, 0x01, 0x0c,
    0x01, 0x06, 0x01, 0x0a, 0x01, 0x06, 0x01, 0x04, 0x02, 0x06, 0x02, 0x04, 0x04, 0x05, 0x01, 0x04, 0x02, 0x05, 0x02, 0x06,
    0x03, 0x07, 0x01, 0x0c, 0x01, 0x09, 0x01, 0x06, 0x01, 0x09, 0x01, 0x0a, 0x01, 0x09, 0x01, 0x05, 0x03, 0x04, 0x01, 0x0c,
    0x01, 0x0d, 0x12, 0x00, 0x0f, 0x00, 0x01, 0x05, 0x01, 0x09, 0x01, 0x0d, 0x02, 0x0b, 0x01, 0x0d, 0x01, 0x07, 0x01, 0x06,
    0x01, 0x09, 0x02, 0x05, 0x01, 0x06, 0x01, 0x05, 0x01, 0x04, 0x01, 0x06, 0x01, 0x05, 0x01, 0x04, 0x03, 0x05, 0x01, 0x04,
    0x01, 0x05, 0x01, 0x06, 0x01, 0x05, 0x03, 0x07, 0x01, 0x0c, 0x01, 0x0b, 0x02, 0x0d, 0x02, 0x0b, 0x01, 0x0d, 0x01, 0x06,
    0x02, 0x04, 0x01, 0x06, 0x01, 0x0f, 0x12, 0x00, 0x10, 0x00, 0x01, 0x0a, 0x03, 0x0b, 0x01, 0x0d, 0x01, 0x07, 0x01, 0x0a,
    0x01, 0x0d, 0x01, 0x09, 0x01, 0x0a, 0x01, 0x06, 0x01, 0x05, 0x02, 0x06, 0x01, 0x05, 0x01, 0x04, 0x02, 0x05, 0x02, 0x04,
    0x01, 0x05, 0x01, 0x06, 0x01, 0x05, 0x01, 0x07, 0x01, 0x08, 0x02, 0x0c, 0x01, 0x0f, 0x01, 0x0a, 0x02, 0x0b, 0x02, 0x0a,
    0x01, 0x0f, 0x01, 0x06, 0x01, 0x04, 0x01, 0x06, 0x13, 0x00, 0x11, 0x00, 0x01, 0x0d, 0x02, 0x0b, 0x01, 0x0a, 0x01, 0x05,
    0x01, 0x0a, 0x01, 0x0e, 0x02, 0x09, 0x02, 0x06, 0x01, 0x09, 0x02, 0x06, 0x01, 0x0a, 0x01, 0x06, 0x04, 0x09, 0x01, 0x0e,
    0x01, 0x06, 0x01, 0x07, 0x03, 0x0c, 0x01, 0x0d, 0x05, 0x0b, 0x02, 0x0d, 0x01, 0x05, 0x01, 0x06, 0x13, 0x00, 0x11, 0x00,
    0x01, 0x0f, 0x01, 0x0d, 0x01, 0x0b, 0x01, 0x0d, 0x01, 0x06, 0x01, 0x0d, 0x01, 0x09, 0x01, 0x06, 0x06, 0x05, 0x01, 0x06,
    0x01, 0x09, 0x01, 0x06, 0x01, 0x09, 0x01, 0x06, 0x01, 0x09, 0x01, 0x0e, 0x02, 0x06, 0x01, 0x07, 0x01, 0x08, 0x01, 0x0a,
    0x01, 0x0d, 0x05, 0x0b, 0x01, 0x0e, 0x01, 0x0f, 0x01, 0x05, 0x01, 0x06, 0x13, 0x00, 0x12, 0x00, 0x02, 0x0d, 0x01, 0x0b,
    0x02, 0x0f, 0x01, 0x0d, 0x01, 0x09, 0x01, 0x06, 0x05, 0x05, 0x01, 0x09, 0x01, 0x06, 0x01, 0x05, 0x01, 0x06, 0x02, 0x09,
    0x01, 0x06, 0x01, 0x09, 0x01, 0x04, 0x01, 0x06, 0x01, 0x09, 0x02, 0x0d, 0x04, 0x0b, 0x01, 0x0e, 0x01, 0x0f, 0x01, 0x0a,
    0x01, 0x05, 0x14, 0x00, 0x13, 0x00, 0x02, 0x0d, 0x01, 0x0b, 0x03, 0x0c, 0x01, 0x0b, 0x01, 0x0a, 0x01, 0x09, 0x02, 0x06,
    0x01, 0x09, 0x01, 0x0d, 0x02, 0x09, 0x01, 0x0d, 0x01, 0x0b, 0x01, 0x0a, 0x03, 0x0d, 0x01, 0x0f, 0x01, 0x0e, 0x02, 0x0b,
    0x01, 0x0d, 0x02, 0x0b, 0x01, 0x0e, 0x02, 0x0f, 0x01, 0x09, 0x15, 0x00, 0x13, 0x00, 0x01, 0x0f, 0x01, 0x0a, 0x01, 0x08,
    0x01, 0x0c, 0x02, 0x08, 0x01, 0x07, 0x01, 0x08, 0x03, 0x0c, 0x01, 0x08, 0x01, 0x0c, 0x01, 0x0d, 0x01, 0x0e, 0x01, 0x09,
    0x01, 0x06, 0x01, 0x0c, 0x01, 0x08, 0x02, 0x0c, 0x01, 0x08, 0x01, 0x09, 0x01, 0x0a, 0x03, 0x0b, 0x01, 0x0d, 0x01, 0x0e,
    0x01, 0x0f, 0x17, 0x00, 0x13, 0x00, 0x01, 0x0f, 0x01, 0x09, 0x0c, 0x08, 0x01, 0x09, 0x02, 0x05, 0x01, 0x09, 0x04, 0x08,
    0x01, 0x0a, 0x01, 0x09, 0x01, 0x0d, 0x01, 0x0b, 0x01, 0x0d, 0x01, 0x0e, 0x01, 0x0f, 0x18, 0x00, 0x14, 0x00, 0x01, 0x0a,
    0x04, 0x08, 0x01, 0x07, 0x07, 0x08, 0x01, 0x06, 0x03, 0x05, 0x01, 0x09, 0x02, 0x07, 0x02, 0x08, 0x01, 0x0a, 0x01, 0x06,
    0x02, 0x0e, 0x01, 0x0f, 0x19, 0x00, 0x14, 0x00, 0x01, 0x0c, 0x02, 0x07, 0x06, 0x08, 0x01, 0x07, 0x03, 0x08, 0x04, 0x05,
    0x01, 0x06, 0x01, 0x08, 0x01, 0x07, 0x03, 0x08, 0x01, 0x06, 0x01, 0x09, 0x02, 0x0f, 0x19, 0x00, 0x14, 0x00, 0x01, 0x0c,
    0x01, 0x08, 0x02, 0x07, 0x09, 0x08, 0x04, 0x05, 0x01, 0x09, 0x04, 0x07, 0x01, 0x08, 0x01, 0x0c, 0x01, 0x09, 0x02, 0x0d,
    0x19, 0x00, 0x14, 0x00, 0x02, 0x0c, 0x01, 0x08, 0x02, 0x07, 0x01, 0x08, 0x01, 0x0c, 0x01, 0x0d, 0x01, 0x0b, 0x03, 0x0c,
    0x01, 0x08, 0x01, 0x0a, 0x01, 0x0d, 0x01, 0x09, 0x01, 0x06, 0x01, 0x0c, 0x01, 0x07, 0x04, 0x08, 0x01, 0x0c, 0x03, 0x0d,
    0x19, 0x00, 0x14, 0x00, 0x01, 0x0c, 0x03, 0x08, 0x02, 0x07, 0x01, 0x08, 0x01, 0x0c, 0x01, 0x0d, 0x01, 0x0e, 0x01, 0x0f,
    0x01, 0x0e, 0x01, 0x0c, 0x01, 0x08, 0x01, 0x0c, 0x01, 0x0a, 0x01, 0x08, 0x01, 0x07, 0x01, 0x08, 0x01, 0x07, 0x02, 0x08,
    0x03, 0x0c, 0x01, 0x0d, 0x01, 0x0c, 0x19, 0x00, 0x14, 0x00, 0x01, 0x0c, 0x02, 0x08, 0x05, 0x07, 0x01, 0x08, 0x01, 0x0c,
    0x01, 0x0d, 0x01, 0x0e, 0x01, 0x0d, 0x01, 0x08, 0x03, 0x07, 0x02, 0x08, 0x02, 0x07, 0x03, 0x08, 0x01, 0x0c, 0x01, 0x0d,
    0x01, 0x0c, 0x19, 0x00, 0x14, 0x00, 0x01, 0x0a, 0x03, 0x08, 0x03, 0x07, 0x02, 0x08, 0x02, 0x0c, 0x02, 0x0e, 0x02, 0x08,
    0x06, 0x07, 0x02, 0x08, 0x02, 0x0c, 0x01, 0x0d, 0x01, 0x0b, 0x01, 0x09, 0x18, 0x00, 0x14, 0x00, 0x01, 0x06, 0x01, 0x05,
    0x01, 0x06, 0x06, 0x08, 0x02, 0x0c, 0x01, 0x0b, 0x02, 0x0d, 0x01, 0x0c, 0x08, 0x08, 0x02, 0x06, 0x03, 0x09, 0x18, 0x00,
    0x15, 0x00, 0x01, 0x06, 0x06, 0x05, 0x01, 0x06, 0x03, 0x09, 0x01, 0x0d, 0x08, 0x06, 0x03, 0x05, 0x01, 0x06, 0x01, 0x0b,
    0x01, 0x0f, 0x19, 0x00, 0x15, 0x00, 0x01, 0x0f, 0x01, 0x0d, 0x01, 0x0b, 0x02, 0x09, 0x01, 0x06, 0x01, 0x09, 0x01, 0x0a,
    0x01, 0x0d, 0x02, 0x0e, 0x01, 0x0f, 0x01, 0x05, 0x01, 0x06, 0x05, 0x05, 0x02, 0x06, 0x01, 0x0a, 0x01, 0x0d, 0x03, 0x0f,
    0x19, 0x00, 0x16, 0x00, 0x01, 0x0e, 0x02, 0x0b, 0x02, 0x0d, 0x02, 0x0f, 0x01, 0x0e, 0x03, 0x0f, 0x02, 0x00, 0x03, 0x0e,
    0x02, 0x0d, 0x03, 0x0b, 0x01, 0x0d, 0x02, 0x0e, 0x02, 0x0f, 0x18, 0x00, 0x16, 0x00, 0x02, 0x0e, 0x01, 0x0d, 0x01, 0x0b,
    0x02, 0x0d, 0x02, 0x0b, 0x04, 0x0e, 0x02, 0x00, 0x01, 0x0e, 0x01, 0x0f, 0x01, 0x0d, 0x03, 0x0a, 0x01, 0x0b, 0x01, 0x0e,
    0x01, 0x0b, 0x01, 0x0d, 0x01, 0x0e, 0x01, 0x0f, 0x18, 0x00, 0x16, 0x00, 0x01, 0x0f, 0x01, 0x0e, 0x01, 0x0f, 0x01, 0x0e,
    0x01, 0x0d, 0x02, 0x0a, 0x02, 0x0b, 0x03, 0x0e, 0x02, 0x00, 0x03, 0x0f, 0x01, 0x0d, 0x02, 0x0b, 0x01, 0x0e, 0x01, 0x0d,
    0x02, 0x0b, 0x01, 0x0d, 0x01, 0x0e, 0x18, 0x00, 0x17, 0x00, 0x01, 0x0d, 0x02, 0x0b, 0x01, 0x0a, 0x02, 0x0b, 0x01, 0x0a,
    0x01, 0x0b, 0x01, 0x0d, 0x02, 0x0e, 0x03, 0x00, 0x05, 0x0e, 0x01, 0x0d, 0x02, 0x0a, 0x01, 0x0b, 0x01, 0x0d, 0x01, 0x0e,
    0x18, 0x00, 0x17, 0x00, 0x01, 0x0f, 0x01, 0x0b, 0x01, 0x0a, 0x02, 0x0b, 0x01, 0x0a, 0x02, 0x0b, 0x02, 0x0e, 0x04, 0x00,
    0x02, 0x0d, 0x03, 0x0b, 0x02, 0x0a, 0x02, 0x0b, 0x01, 0x0d, 0x01, 0x0e, 0x18, 0x00, 0x18, 0x00, 0x01, 0x0d, 0x01, 0x0a,
    0x04, 0x0b, 0x01, 0x0d, 0x02, 0x0e, 0x05, 0x00, 0x01, 0x0e, 0x01, 0x0d, 0x01, 0x0a, 0x05, 0x0b, 0x02, 0x0e, 0x18, 0x00,
    0x18, 0x00, 0x01, 0x0e, 0x05, 0x0b, 0x03, 0x0e, 0x05, 0x00, 0x01, 0x0f, 0x01, 0x0d, 0x01, 0x0b, 0x02, 0x0a, 0x03, 0x0b,
    0x01, 0x0e, 0x01, 0x0f, 0x18, 0x00, 0x17, 0x00, 0x01, 0x0e, 0x02, 0x0d, 0x01, 0x0b, 0x01, 0x0a, 0x02, 0x0b, 0x01, 0x0d,
    0x02, 0x0e, 0x06, 0x00, 0x01, 0x0e, 0x01, 0x0d, 0x04, 0x0b, 0x01, 0x0d, 0x02, 0x0e, 0x18, 0x00, 0x16, 0x00, 0x02, 0x0d,
    0x01, 0x0b, 0x01, 0x0d, 0x01, 0x0a, 0x03, 0x0b, 0x01, 0x0d, 0x01, 0x0e, 0x01, 0x0d, 0x06, 0x00, 0x01, 0x0e, 0x01, 0x0b,
    0x01, 0x0a, 0x03, 0x0b, 0x01, 0x0d, 0x01, 0x0e, 0x01, 0x0f, 0x18, 0x00, 0x14, 0x00, 0x01, 0x0a, 0x02, 0x0b, 0x02, 0x0d,
    0x02, 0x0b, 0x02, 0x0a, 0x01, 0x0d, 0x03, 0x0e, 0x06, 0x00, 0x01, 0x0d, 0x01, 0x0a, 0x05, 0x0b, 0x01, 0x0d, 0x01, 0x0e,
    0x18, 0x00, 0x14, 0x00, 0x01, 0x0d, 0x02, 0x0b, 0x01, 0x0d, 0x03, 0x0a, 0x01, 0x0b, 0x01, 0x0d, 0x03, 0x0e, 0x01, 0x0f,
    0x06, 0x00, 0x01, 0x0b, 0x01, 0x0a, 0x02, 0x0b, 0x01, 0x0d, 0x02, 0x0b, 0x01, 0x0a, 0x01, 0x0b, 0x18, 0x00, 0x14, 0x00,
    0x01, 0x0e, 0x03, 0x0d, 0x02, 0x0b, 0x01, 0x0d, 0x01, 0x0e, 0x03, 0x0f, 0x01, 0x0e, 0x06, 0x00, 0x01, 0x0b, 0x01, 0x0a,
    0x02, 0x0b, 0x01, 0x0a, 0x01, 0x0b, 0x01, 0x0a, 0x03, 0x0b, 0x18, 0x00, 0x14, 0x00, 0x01, 0x0e, 0x01, 0x0a, 0x01, 0x0e,
    0x01, 0x0d, 0x01, 0x09, 0x03, 0x0e, 0x0a, 0x00, 0x01, 0x0d, 0x01, 0x0b, 0x01, 0x0d, 0x01, 0x0a, 0x01, 0x0b, 0x01, 0x0d,
    0x01, 0x0b, 0x01, 0x0d, 0x02, 0x0e, 0x18, 0x00, 0x18, 0x00, 0x01, 0x06, 0x0e, 0x00, 0x02, 0x0d, 0x02, 0x0b, 0x01, 0x0e,
    0x01, 0x0b, 0x02, 0x0e, 0x01, 0x0f, 0x18, 0x00, 0x29, 0x00, 0x02, 0x09, 0x01, 0x0a, 0x02, 0x09, 0x1a, 0x00, 0x48, 0x00,
    0x48, 0x00
};
const uint8_t kWaiting3[] PROGMEM = {
    0x48, 0x00, 0x48, 0x00, 0x48, 0x00, 0x1f, 0x00, 0x02, 0x02, 0x01, 0x03, 0x26, 0x00, 0x1e, 0x00, 0x01, 0x02, 0x01, 0x01,
    0x01, 0x02, 0x27, 0x00, 0x1d, 0x00, 0x01, 0x02, 0x02, 0x01, 0x01, 0x02, 0x02, 0x03, 0x25, 0x00, 0x1a, 0x00, 0x01, 0x0d,
    0x02, 0x00, 0x01, 0x02, 0x01, 0x01, 0x01, 0x02, 0x03, 0x01, 0x01, 0x02, 0x01, 0x01, 0x23, 0x00, 0x18, 0x00, 0x01, 0x0e,
    0x01, 0x0d, 0x01, 0x0b, 0x01, 0x0d, 0x01, 0x06, 0x02, 0x03, 0x05, 0x02, 0x03, 0x03, 0x01, 0x00, 0x01, 0x0d, 0x01, 0x0b,
    0x03, 0x0d, 0x1b, 0x00, 0x17, 0x00, 0x01, 0x0e, 0x01, 0x0d, 0x01, 0x0e, 0x01, 0x0d, 0x01, 0x0f, 0x01, 0x05, 0x01, 0x03,
    0x01, 0x04, 0x01, 0x03, 0x06, 0x02, 0x01, 0x01, 0x01, 0x04, 0x01, 0x0f, 0x01, 0x0b, 0x02, 0x0d, 0x01, 0x0b, 0x01, 0x0d,
    0x1a, 0x00, 0x17, 0x00, 0x01, 0x0d, 0x01, 0x0e, 0x02, 0x0f, 0x01, 0x04, 0x01, 0x02, 0x02, 0x01, 0x06, 0x02, 0x02, 0x01,
    0x01, 0x03, 0x01, 0x06, 0x02, 0x0f, 0x01, 0x0e, 0x01, 0x0b, 0x01, 0x0d, 0x1a, 0x00, 0x16, 0x00, 0x01, 0x0e, 0x01, 0x0d,
    0x01, 0x0e, 0x01, 0x0f, 0x01, 0x06, 0x01, 0x02, 0x01, 0x01, 0x01, 0x02, 0x02, 0x01, 0x03, 0x02, 0x03, 0x01, 0x01, 0x02,
    0x01, 0x01, 0x01, 0x02, 0x01, 0x06, 0x02, 0x0f, 0x02, 0x0d, 0x1a, 0x00, 0x17, 0x00, 0x01, 0x0d, 0x01, 0x0f, 0x01, 0x09,
    0x01, 0x02, 0x01, 0x01, 0x01, 0x02, 0x01, 0x01, 0x03, 0x02, 0x01, 0x01, 0x03, 0x02, 0x02, 0x01, 0x01, 0x02, 0x01, 0x01,
    0x01, 0x02, 0x01, 0x09, 0x01, 0x0f, 0x01, 0x0b, 0x01, 0x0d, 0x1a, 0x00, 0x17, 0x00, 0x01, 0x0e, 0x01, 0x0f, 0x01, 0x03,
    0x01, 0x01, 0x02, 0x02, 0x01, 0x03, 0x04, 0x02, 0x01, 0x03, 0x01, 0x02, 0x02, 0x03, 0x03, 0x02, 0x01, 0x01, 0x01, 0x03,
    0x02, 0x0e, 0x01, 0x0f, 0x06, 0x00, 0x01, 0x04, 0x13, 0x00, 0x18, 0x00, 0x01, 0x03, 0x01, 0x01, 0x01, 0x02, 0x01, 0x03,
    0x02, 0x02, 0x01, 0x03, 0x01, 0x01, 0x05, 0x02, 0x01, 0x04, 0x01, 0x03, 0x01, 0x01, 0x01, 0x02, 0x02, 0x01, 0x01, 0x05,
    0x01, 0x0f, 0x06, 0x00, 0x01, 0x05, 0x01, 0x04, 0x01, 0x05, 0x12, 0x00, 0x17, 0x00, 0x01, 0x03, 0x01, 0x02, 0x01, 0x01,
    0x01, 0x02, 0x01, 0x04, 0x03, 0x03, 0x01, 0x01, 0x01, 0x02, 0x01, 0x01, 0x01, 0x03, 0x01, 0x06, 0x01, 0x09, 0x01, 0x0e,
    0x01, 0x0b, 0x01, 0x03, 0x01, 0x01, 0x01, 0x02, 0x01, 0x01, 0x02, 0x02, 0x06, 0x00, 0x01, 0x05, 0x01, 0x04, 0x01, 0x06,
    0x01, 0x0b, 0x11, 0x00, 0x17, 0x00, 0x01, 0x04, 0x01, 0x02, 0x01, 0x01, 0x01, 0x04, 0x01, 0x0f, 0x02, 0x0e, 0x01, 0x03,
    0x01, 0x01, 0x01, 0x02, 0x01, 0x01, 0x01, 0x04, 0x02, 0x0f, 0x01, 0x0e, 0x01, 0x0d, 0x01, 0x0b, 0x01, 0x03, 0x03, 0x01,
    0x01, 0x03, 0x05, 0x00, 0x01, 0x05, 0x01, 0x04, 0x01, 0x06, 0x01, 0x09, 0x12, 0x00, 0x17, 0x00, 0x01, 0x03, 0x01, 0x01,
    0x01, 0x03, 0x01, 0x0f, 0x02, 0x0e, 0x01, 0x0f, 0x01, 0x03, 0x01, 0x01, 0x01, 0x02, 0x01, 0x01, 0x01, 0x04, 0x01, 0x0e,
    0x01, 0x06, 0x02, 0x0f, 0x01, 0x0e, 0x01, 0x04, 0x01, 0x01, 0x01, 0x02, 0x01, 0x01, 0x01, 0x03, 0x04, 0x00, 0x03, 0x05,
    0x01, 0x09, 0x13, 0x00, 0x17, 0x00, 0x02, 0x01, 0x01, 0x05, 0x01, 0x0b, 0x01, 0x09, 0x01, 0x0e, 0x01, 0x0f, 0x01, 0x03,
    0x01, 0x01, 0x01, 0x02, 0x01, 0x01, 0x02, 0x03, 0x01, 0x09, 0x01, 0x0f, 0x01, 0x05, 0x02, 0x06, 0x01, 0x01, 0x03, 0x02,
    0x01, 0x03, 0x02, 0x00, 0x01, 0x09, 0x02, 0x05, 0x01, 0x09, 0x14, 0x00, 0x16, 0x00, 0x01, 0x04, 0x01, 0x02, 0x01, 0x01,
    0x01, 0x06, 0x02, 0x04, 0x01, 0x0f, 0x01, 0x04, 0x01, 0x02, 0x01, 0x0a, 0x01, 0x0b, 0x01, 0x03, 0x01, 0x01, 0x01, 0x02,
    0x01, 0x05, 0x01, 0x0e, 0x01, 0x05, 0x01, 0x0d, 0x01, 0x04, 0x01, 0x01, 0x01, 0x02, 0x01, 0x01, 0x01, 0x03, 0x03, 0x00,
    0x02, 0x05, 0x01, 0x09, 0x01, 0x06, 0x14, 0x00, 0x16, 0x00, 0x01, 0x03, 0x01, 0x02, 0x01, 0x01, 0x01, 0x04, 0x01, 0x0f,
    0x01, 0x0a, 0x01, 0x06, 0x01, 0x02, 0x01, 0x01, 0x02, 0x03, 0x03, 0x01, 0x01, 0x03, 0x01, 0x04, 0x01, 0x05, 0x01, 0x04,
    0x01, 0x02, 0x01, 0x01, 0x01, 0x02, 0x02, 0x01, 0x01, 0x03, 0x01, 0x00, 0x01, 0x05, 0x01, 0x04, 0x01, 0x09, 0x01, 0x0e,
    0x01, 0x0a, 0x14, 0x00, 0x16, 0x00, 0x02, 0x03, 0x02, 0x02, 0x01, 0x03, 0x01, 0x04, 0x02, 0x02, 0x04, 0x01, 0x01, 0x02,
    0x01, 0x03, 0x04, 0x01, 0x02, 0x02, 0x01, 0x01, 0x01, 0x02, 0x01, 0x03, 0x01, 0x00, 0x01, 0x06, 0x01, 0x04, 0x01, 0x05,
    0x02, 0x0b, 0x01, 0x06, 0x01, 0x05, 0x13, 0x00, 0x17, 0x00, 0x01, 0x04, 0x01, 0x02, 0x04, 0x01, 0x07, 0x03, 0x01, 0x01,
    0x03, 0x02, 0x02, 0x01, 0x01, 0x03, 0x01, 0x04, 0x01, 0x00, 0x01, 0x09, 0x01, 0x05, 0x01, 0x06, 0x01, 0x09, 0x01, 0x00,
    0x01, 0x09, 0x01, 0x05, 0x01, 0x04, 0x13, 0x00, 0x17, 0x00, 0x01, 0x05, 0x01, 0x04, 0x01, 0x02, 0x04, 0x01, 0x01, 0x02,
    0x08, 0x01, 0x01, 0x02, 0x01, 0x03, 0x01, 0x04, 0x01, 0x09, 0x01, 0x0d, 0x01, 0x09, 0x02, 0x05, 0x01, 0x09, 0x02, 0x00,
    0x01, 0x06, 0x02, 0x04, 0x13, 0x00, 0x16, 0x00, 0x01, 0x04, 0x01, 0x08, 0x01, 0x0f, 0x01, 0x09, 0x01, 0x04, 0x03, 0x03,
    0x01, 0x02, 0x02, 0x03, 0x02, 0x02, 0x01, 0x03, 0x03, 0x04, 0x01, 0x06, 0x01, 0x09, 0x01, 0x0a, 0x01, 0x09, 0x01, 0x08,
    0x01, 0x09, 0x01, 0x05, 0x01, 0x09, 0x03, 0x00, 0x01, 0x05, 0x03, 0x04, 0x12, 0x00, 0x16, 0x00, 0x01, 0x05, 0x01, 0x06,
    0x01, 0x0c, 0x03, 0x0f, 0x01, 0x0d, 0x01, 0x0b, 0x01, 0x09, 0x01, 0x0b, 0x01, 0x0d, 0x02, 0x09, 0x01, 0x0b, 0x01, 0x0e,
    0x01, 0x0d, 0x01, 0x09, 0x02, 0x06, 0x01, 0x07, 0x02, 0x0c, 0x02, 0x09, 0x01, 0x0e, 0x03, 0x00, 0x01, 0x09, 0x01, 0x04,
    0x02, 0x05, 0x12, 0x00, 0x15, 0x00, 0x01, 0x07, 0x01, 0x0c, 0x01, 0x06, 0x01, 0x07, 0x01, 0x0f, 0x01, 0x0e, 0x01, 0x06,
    0x03, 0x0b, 0x02, 0x0a, 0x02, 0x0d, 0x01, 0x0b, 0x01, 0x0a, 0x01, 0x06, 0x02, 0x07, 0x03, 0x0c, 0x01, 0x07, 0x01, 0x08,
    0x01, 0x0a, 0x04, 0x00, 0x01, 0x09, 0x02, 0x06, 0x13, 0x00, 0x14, 0x00, 0x02, 0x07, 0x01, 0x08, 0x01, 0x0d, 0x01, 0x08,
    0x01, 0x0d, 0x01, 0x06, 0x01, 0x03, 0x01, 0x04, 0x01, 0x0d, 0x01, 0x0e, 0x02, 0x0d, 0x01, 0x0b, 0x01, 0x06, 0x02, 0x04,
    0x01, 0x06, 0x01, 0x08, 0x02, 0x0c, 0x05, 0x07, 0x01, 0x08, 0x03, 0x00, 0x01, 0x05, 0x15, 0x00, 0x14, 0x00, 0x01, 0x08,
    0x01, 0x07, 0x01, 0x08, 0x01, 0x0c, 0x02, 0x0a, 0x01, 0x05, 0x02, 0x01, 0x01, 0x03, 0x01, 0x05, 0x01, 0x04, 0x01, 0x03,
    0x01, 0x02, 0x01, 0x01, 0x01, 0x03, 0x01, 0x06, 0x01, 0x09, 0x02, 0x0c, 0x01, 0x08, 0x06, 0x07, 0x03, 0x00, 0x02, 0x04,
    0x14, 0x00, 0x13, 0x00, 0x03, 0x07, 0x01, 0x0c, 0x03, 0x0d, 0x01, 0x0b, 0x01, 0x05, 0x02, 0x03, 0x03, 0x04, 0x02, 0x03,
    0x01, 0x05, 0x01, 0x06, 0x01, 0x09, 0x01, 0x0d, 0x01, 0x0c, 0x08, 0x07, 0x01, 0x00, 0x01, 0x05, 0x01, 0x00, 0x01, 0x04,
    0x14, 0x00, 0x12, 0x00, 0x04, 0x07, 0x02, 0x0d, 0x01, 0x0e, 0x02, 0x0d, 0x01, 0x0e, 0x08, 0x0d, 0x01, 0x06, 0x02, 0x0c,
    0x08, 0x07, 0x01, 0x0c, 0x02, 0x00, 0x02, 0x05, 0x14, 0x00, 0x12, 0x00, 0x01, 0x08, 0x01, 0x07, 0x01, 0x0c, 0x01, 0x06,
    0x01, 0x05, 0x01, 0x09, 0x03, 0x0b, 0x03, 0x0a, 0x01, 0x0b, 0x03, 0x0a, 0x01, 0x0d, 0x01, 0x0b, 0x01, 0x09, 0x01, 0x0d,
    0x02, 0x0c, 0x06, 0x07, 0x01, 0x08, 0x01, 0x0c, 0x18, 0x00, 0x12, 0x00, 0x01, 0x08, 0x01, 0x0c, 0x01, 0x06, 0x01, 0x04,
    0x01, 0x09, 0x01, 0x0d, 0x08, 0x0b, 0x01, 0x0d, 0x01, 0x0e, 0x01, 0x0d, 0x01, 0x06, 0x02, 0x04, 0x01, 0x06, 0x01, 0x0c,
    0x01, 0x08, 0x05, 0x07, 0x02, 0x0c, 0x18, 0x00, 0x11, 0x00, 0x01, 0x0c, 0x02, 0x07, 0x02, 0x04, 0x01, 0x0d, 0x07, 0x0b,
    0x01, 0x0d, 0x01, 0x0f, 0x01, 0x0e, 0x01, 0x0d, 0x01, 0x0b, 0x01, 0x0d, 0x01, 0x06, 0x02, 0x04, 0x01, 0x06, 0x01, 0x0c,
    0x05, 0x07, 0x01, 0x0c, 0x19, 0x00, 0x11, 0x00, 0x02, 0x07, 0x01, 0x06, 0x01, 0x04, 0x01, 0x05, 0x01, 0x0d, 0x06, 0x0b,
    0x01, 0x0d, 0x01, 0x0f, 0x01, 0x0d, 0x01, 0x0a, 0x02, 0x0b, 0x01, 0x0a, 0x01, 0x0d, 0x01, 0x05, 0x02, 0x04, 0x05, 0x07,
    0x02, 0x0c, 0x19, 0x00, 0x11, 0x00, 0x02, 0x07, 0x01, 0x06, 0x01, 0x04, 0x01, 0x06, 0x01, 0x0d, 0x01, 0x0a, 0x02, 0x0b,
    0x01, 0x0a, 0x01, 0x0b, 0x01, 0x0e, 0x01, 0x0f, 0x01, 0x0e, 0x05, 0x0b, 0x01, 0x0d, 0x01, 0x09, 0x02, 0x04, 0x01, 0x06,
    0x02, 0x07, 0x01, 0x08, 0x03, 0x0c, 0x19, 0x00, 0x11, 0x00, 0x02, 0x0c, 0x01, 0x06, 0x01, 0x04, 0x01, 0x06, 0x01, 0x0d,
    0x01, 0x0a, 0x02, 0x0b, 0x01, 0x0d, 0x01, 0x0e, 0x02, 0x0f, 0x08, 0x0b, 0x02, 0x04, 0x01, 0x05, 0x02, 0x08, 0x03, 0x0c,
    0x1a, 0x00, 0x12, 0x00, 0x01, 0x0c, 0x01, 0x09, 0x01, 0x04, 0x01, 0x05, 0x02, 0x0e, 0x01, 0x0d, 0x02, 0x0e, 0x01, 0x0f,
    0x01, 0x0e, 0x01, 0x0f, 0x01, 0x0e, 0x03, 0x0b, 0x03, 0x0a, 0x01, 0x0b, 0x02, 0x04, 0x01, 0x05, 0x04, 0x0c, 0x01, 0x0d,
    0x1a, 0x00, 0x12, 0x00, 0x02, 0x0c, 0x01, 0x06, 0x01, 0x05, 0x01, 0x0d, 0x02, 0x0f, 0x02, 0x0e, 0x01, 0x0a, 0x01, 0x06,
    0x01, 0x0d, 0x02, 0x0f, 0x01, 0x0e, 0x03, 0x0d, 0x01, 0x0b, 0x01, 0x0d, 0x02, 0x04, 0x01, 0x06, 0x02, 0x0c, 0x02, 0x0d,
    0x01, 0x0c, 0x1a, 0x00, 0x13, 0x00, 0x01, 0x0f, 0x01, 0x0a, 0x02, 0x05, 0x01, 0x09, 0x01, 0x0b, 0x01, 0x0e, 0x01, 0x0a,
    0x03, 0x06, 0x01, 0x09, 0x01, 0x0d, 0x02, 0x0f, 0x02, 0x0e, 0x01, 0x0f, 0x01, 0x0b, 0x02, 0x05, 0x01, 0x0b, 0x02, 0x0d,
    0x03, 0x0c, 0x1a, 0x00, 0x14, 0x00, 0x05, 0x09, 0x01, 0x0d, 0x01, 0x09, 0x04, 0x06, 0x01, 0x0a, 0x01, 0x0b, 0x03, 0x0e,
    0x01, 0x0d, 0x02, 0x06, 0x01, 0x09, 0x02, 0x0e, 0x01, 0x0d, 0x01, 0x0c, 0x02, 0x08, 0x01, 0x0a, 0x19, 0x00, 0x14, 0x00,
    0x01, 0x06, 0x01, 0x09, 0x01, 0x0f, 0x01, 0x0e, 0x01, 0x09, 0x01, 0x06, 0x05, 0x05, 0x01, 0x06, 0x02, 0x09, 0x02, 0x0d,
    0x01, 0x09, 0x01, 0x06, 0x01, 0x0a, 0x01, 0x0d, 0x01, 0x0a, 0x01, 0x09, 0x02, 0x06, 0x02, 0x09, 0x1a, 0x00, 0x15, 0x00,
    0x01, 0x0d, 0x01, 0x0e, 0x01, 0x0a, 0x01, 0x09, 0x01, 0x06, 0x05, 0x05, 0x01, 0x09, 0x01, 0x05, 0x01, 0x06, 0x08, 0x09,
    0x01, 0x0a, 0x01, 0x0e, 0x01, 0x0f, 0x1b, 0x00, 0x14, 0x00, 0x02, 0x0c, 0x02, 0x08, 0x01, 0x0c, 0x01, 0x0b, 0x01, 0x0a,
    0x01, 0x09, 0x02, 0x06, 0x02, 0x09, 0x01, 0x06, 0x01, 0x09, 0x01, 0x0d, 0x01, 0x0e, 0x01, 0x09, 0x02, 0x0e, 0x01, 0x0d,
    0x01, 0x0e, 0x01, 0x0f, 0x02, 0x0d, 0x02, 0x0c, 0x1a, 0x00, 0x14, 0x00, 0x04, 0x08, 0x02, 0x07, 0x04, 0x08, 0x02, 0x0c,
    0x02, 0x0d, 0x02, 0x06, 0x01, 0x0c, 0x01, 0x08, 0x02, 0x0c, 0x02, 0x08, 0x01, 0x07, 0x02, 0x08, 0x01, 0x0c, 0x1a, 0x00,
    0x14, 0x00, 0x01, 0x08, 0x01, 0x07, 0x02, 0x08, 0x01, 0x07, 0x07, 0x08, 0x01, 0x0c, 0x01, 0x09, 0x02, 0x05, 0x01, 0x09,
    0x03, 0x08, 0x01, 0x07, 0x02, 0x08, 0x03, 0x07, 0x1a, 0x00, 0x14, 0x00, 0x04, 0x08, 0x01, 0x07, 0x08, 0x08, 0x04, 0x05,
    0x01, 0x08, 0x04, 0x07, 0x01, 0x08, 0x01, 0x0c, 0x01, 0x08, 0x01, 0x0c, 0x1a, 0x00, 0x14, 0x00, 0x01, 0x0c, 0x01, 0x08,
    0x01, 0x07, 0x03, 0x08, 0x01, 0x07, 0x02, 0x08, 0x03, 0x07, 0x01, 0x08, 0x04, 0x05, 0x01, 0x09, 0x05, 0x07, 0x01, 0x08,
    0x02, 0x0c, 0x1a, 0x00, 0x14, 0x00, 0x01, 0x0c, 0x01, 0x08, 0x01, 0x07, 0x09, 0x08, 0x01, 0x09, 0x04, 0x05, 0x01, 0x0a,
    0x04, 0x07, 0x02, 0x08, 0x02, 0x0c, 0x1a, 0x00, 0x14, 0x00, 0x01, 0x0c, 0x01, 0x08, 0x02, 0x07, 0x02, 0x08, 0x01, 0x0c,
    0x02, 0x0d, 0x03, 0x0c, 0x01, 0x08, 0x01, 0x0a, 0x01, 0x0d, 0x02, 0x09, 0x01, 0x08, 0x02, 0x07, 0x02, 0x08, 0x04, 0x0c,
    0x1a, 0x00, 0x14, 0x00, 0x01, 0x0c, 0x01, 0x08, 0x04, 0x07, 0x01, 0x08, 0x01, 0x0c, 0x01, 0x0d, 0x02, 0x0f, 0x01, 0x0d,
    0x03, 0x08, 0x01, 0x0c, 0x01, 0x07, 0x01, 0x08, 0x02, 0x07, 0x04, 0x08, 0x01, 0x0c, 0x02, 0x08, 0x19, 0x00, 0x14, 0x00,
    0x01, 0x0c, 0x01, 0x08, 0x01, 0x07, 0x03, 0x08, 0x01, 0x07, 0x02, 0x08, 0x01, 0x0c, 0x01, 0x0e, 0x01, 0x0f, 0x01, 0x0c,
    0x01, 0x08, 0x03, 0x07, 0x01, 0x08, 0x05, 0x07, 0x02, 0x08, 0x02, 0x0c, 0x19, 0x00, 0x14, 0x00, 0x04, 0x08, 0x03, 0x07,
    0x01, 0x08, 0x02, 0x0c, 0x01, 0x0d, 0x01, 0x0f, 0x01, 0x0d, 0x01, 0x08, 0x08, 0x07, 0x02, 0x08, 0x01, 0x0c, 0x02, 0x0a,
    0x19, 0x00, 0x14, 0x00, 0x03, 0x05, 0x01, 0x06, 0x05, 0x08, 0x02, 0x0a, 0x01, 0x0b, 0x01, 0x0d, 0x02, 0x0c, 0x07, 0x08,
    0x01, 0x06, 0x02, 0x05, 0x01, 0x06, 0x01, 0x09, 0x19, 0x00, 0x15, 0x00, 0x01, 0x09, 0x01, 0x06, 0x05, 0x05, 0x01, 0x06,
    0x02, 0x09, 0x01, 0x0d, 0x01, 0x09, 0x02, 0x06, 0x08, 0x05, 0x01, 0x06, 0x01, 0x09, 0x01, 0x0e, 0x1a, 0x00, 0x15, 0x00,
    0x01, 0x0f, 0x01, 0x0d, 0x01, 0x0b, 0x03, 0x0a, 0x01, 0x0d, 0x01, 0x0e, 0x03, 0x0f, 0x01, 0x00, 0x01, 0x05, 0x07, 0x06,
    0x01, 0x09, 0x01, 0x0d, 0x02, 0x0f, 0x01, 0x0e, 0x01, 0x0f, 0x19, 0x00, 0x15, 0x00, 0x01, 0x0f, 0x01, 0x0d, 0x01, 0x0a,
    0x02, 0x0b, 0x01, 0x0d, 0x01, 0x0e, 0x02, 0x0d, 0x03, 0x0f, 0x01, 0x00, 0x02, 0x0f, 0x02, 0x0e, 0x01, 0x0d, 0x04, 0x0b,
    0x02, 0x0d, 0x01, 0x0e, 0x01, 0x0f, 0x19, 0x00, 0x16, 0x00, 0x02, 0x0f, 0x02, 0x0d, 0x01, 0x0e, 0x02, 0x0b, 0x02, 0x0d,
    0x02, 0x0e, 0x02, 0x00, 0x01, 0x0d, 0x01, 0x0f, 0x01, 0x0e, 0x03, 0x0a, 0x01, 0x0b, 0x01, 0x0d, 0x02, 0x0b, 0x01, 0x0e,
    0x01, 0x0f, 0x19, 0x00, 0x16, 0x00, 0x01, 0x0e, 0x01, 0x0d, 0x02, 0x0e, 0x03, 0x0a, 0x02, 0x0b, 0x01, 0x0d, 0x01, 0x0e,
    0x03, 0x00, 0x03, 0x0e, 0x02, 0x0d, 0x01, 0x0e, 0x01, 0x0d, 0x03, 0x0b, 0x01, 0x0e, 0x19, 0x00, 0x16, 0x00, 0x01, 0x0f,
    0x02, 0x0b, 0x02, 0x0a, 0x03, 0x0b, 0x01, 0x0d, 0x02, 0x0e, 0x03, 0x00, 0x01, 0x0e, 0x01, 0x0d, 0x03, 0x0e, 0x01, 0x0d,
    0x02, 0x0a, 0x02, 0x0b, 0x01, 0x0f, 0x19, 0x00, 0x17, 0x00, 0x01, 0x0e, 0x06, 0x0b, 0x02, 0x0e, 0x01, 0x0f, 0x03, 0x00,
    0x02, 0x0e, 0x01, 0x0d, 0x03, 0x0b, 0x01, 0x0a, 0x02, 0x0b, 0x01, 0x0d, 0x01, 0x0e, 0x19, 0x00, 0x17, 0x00, 0x01, 0x0f,
    0x01, 0x0b, 0x02, 0x0a, 0x02, 0x0b, 0x01, 0x0d, 0x02, 0x0e, 0x05, 0x00, 0x01, 0x0e, 0x01, 0x0d, 0x01, 0x0b, 0x01, 0x0a,
    0x04, 0x0b, 0x01, 0x0d, 0x01, 0x0f, 0x19, 0x00, 0x17, 0x00, 0x01, 0x0e, 0x01, 0x0d, 0x04, 0x0b, 0x01, 0x0d, 0x02, 0x0e,
    0x06, 0x00, 0x01, 0x0e, 0x06, 0x0b, 0x01, 0x0d, 0x01, 0x0e, 0x19, 0x00, 0x17, 0x00, 0x01, 0x0d, 0x01, 0x0b, 0x01, 0x0d,
    0x04, 0x0b, 0x02, 0x0e, 0x06, 0x00, 0x01, 0x0f, 0x01, 0x0d, 0x05, 0x0b, 0x01, 0x0d, 0x01, 0x0e, 0x19, 0x00, 0x15, 0x00,
    0x03, 0x0b, 0x01, 0x0d, 0x01, 0x0b, 0x02, 0x0a, 0x01, 0x0b, 0x01, 0x0d, 0x02, 0x0e, 0x06, 0x00, 0x01, 0x0e, 0x01, 0x0b,
    0x02, 0x0a, 0x03, 0x0b, 0x01, 0x0d, 0x01, 0x0f, 0x19, 0x00, 0x14, 0x00, 0x03, 0x0b, 0x01, 0x0d, 0x02, 0x0b, 0x02, 0x0a,
    0x01, 0x0b, 0x01, 0x0d, 0x02, 0x0e, 0x01, 0x0f, 0x05, 0x00, 0x01, 0x0d, 0x03, 0x0a, 0x04, 0x0b, 0x01, 0x0e, 0x19, 0x00,
    0x13, 0x00, 0x01, 0x0b, 0x01, 0x0d, 0x02, 0x0b, 0x03, 0x0a, 0x01, 0x0b, 0x01, 0x0d, 0x03, 0x0e, 0x01, 0x0f, 0x06, 0x00,
    0x01, 0x0b, 0x01, 0x0a, 0x01, 0x0b, 0x01, 0x0a, 0x01, 0x0d, 0x04, 0x0b, 0x19, 0x00, 0x13, 0x00, 0x03, 0x0e, 0x01, 0x0d,
    0x03, 0x0b, 0x01, 0x0d, 0x01, 0x0e, 0x02, 0x0f, 0x01, 0x0e, 0x01, 0x0f, 0x06, 0x00, 0x03, 0x0b, 0x01, 0x0a, 0x01, 0x0b,
    0x02, 0x0a, 0x02, 0x0b, 0x01, 0x0e, 0x18, 0x00, 0x14, 0x00, 0x01, 0x0a, 0x01, 0x09, 0x01, 0x0e, 0x01, 0x09, 0x01, 0x0d,
    0x01, 0x0f, 0x02, 0x0e, 0x0a, 0x00, 0x02, 0x0d, 0x02, 0x0b, 0x02, 0x0d, 0x01, 0x0b, 0x01, 0x0e, 0x01, 0x0d, 0x01, 0x0f,
    0x18, 0x00, 0x26, 0x00, 0x01, 0x0e, 0x02, 0x0d, 0x01, 0x09, 0x01, 0x0d, 0x02, 0x0b, 0x01, 0x0f, 0x01, 0x0e, 0x19, 0x00,
    0x28, 0x00, 0x01, 0x09, 0x01, 0x06, 0x03, 0x09, 0x1b, 0x00, 0x48, 0x00, 0x48, 0x00
};
const uint8_t kWaiting4[] PROGMEM = {
    0x48, 0x00, 0x48, 0x00, 0x48, 0x00, 0x20, 0x00, 0x01, 0x02, 0x01, 0x03, 0x26, 0x00, 0x1e, 0x00, 0x01, 0x03, 0x02, 0x02,
    0x27, 0x00, 0x1e, 0x00, 0x01, 0x02, 0x01, 0x01, 0x01, 0x02, 0x01, 0x00, 0x01, 0x03, 0x25, 0x00, 0x1d, 0x00, 0x01, 0x03,
    0x01, 0x01, 0x05, 0x02, 0x01, 0x01, 0x01, 0x02, 0x04, 0x00, 0x02, 0x0d, 0x1c, 0x00, 0x1e, 0x00, 0x01, 0x02, 0x02, 0x01,
    0x02, 0x02, 0x01, 0x01, 0x01, 0x02, 0x02, 0x03, 0x01, 0x01, 0x01, 0x0e, 0x01, 0x0b, 0x04, 0x0d, 0x1a, 0x00, 0x1d, 0x00,
    0x03, 0x03, 0x06, 0x02, 0x01, 0x01, 0x01, 0x02, 0x01, 0x0b, 0x03, 0x0e, 0x02, 0x0d, 0x1a, 0x00, 0x1b, 0x00, 0x01, 0x0d,
    0x01, 0x09, 0x01, 0x03, 0x01, 0x02, 0x01, 0x03, 0x08, 0x02, 0x01, 0x03, 0x01, 0x05, 0x02, 0x0f, 0x01, 0x0d, 0x01, 0x0b,
    0x01, 0x0d, 0x19, 0x00, 0x1a, 0x00, 0x01, 0x0b, 0x01, 0x09, 0x01, 0x03, 0x01, 0x01, 0x01, 0x02, 0x01, 0x01, 0x02, 0x02,
    0x01, 0x01, 0x01, 0x02, 0x03, 0x01, 0x01, 0x02, 0x01, 0x01, 0x01, 0x02, 0x01, 0x04, 0x01, 0x0f, 0x02, 0x0d, 0x01, 0x0e,
    0x19, 0x00, 0x19, 0x00, 0x01, 0x0a, 0x01, 0x09, 0x01, 0x03, 0x01, 0x01, 0x06, 0x02, 0x01, 0x01, 0x05, 0x02, 0x01, 0x01,
    0x01, 0x02, 0x01, 0x09, 0x01, 0x0e, 0x01, 0x0d, 0x01, 0x0f, 0x19, 0x00, 0x18, 0x00, 0x01, 0x0a, 0x01, 0x0d, 0x01, 0x04,
    0x01, 0x01, 0x06, 0x02, 0x01, 0x01, 0x01, 0x02, 0x03, 0x03, 0x01, 0x02, 0x01, 0x01, 0x01, 0x02, 0x01, 0x01, 0x01, 0x03,
    0x01, 0x0e, 0x01, 0x0f, 0x06, 0x00, 0x01, 0x05, 0x02, 0x04, 0x11, 0x00, 0x18, 0x00, 0x01, 0x0b, 0x01, 0x0a, 0x01, 0x03,
    0x03, 0x02, 0x01, 0x03, 0x04, 0x02, 0x01, 0x03, 0x02, 0x02, 0x02, 0x04, 0x01, 0x02, 0x01, 0x01, 0x01, 0x02, 0x01, 0x01,
    0x01, 0x03, 0x07, 0x00, 0x01, 0x05, 0x01, 0x04, 0x01, 0x06, 0x01, 0x0d, 0x10, 0x00, 0x17, 0x00, 0x01, 0x0b, 0x01, 0x0d,
    0x01, 0x05, 0x01, 0x01, 0x01, 0x02, 0x01, 0x03, 0x02, 0x02, 0x01, 0x03, 0x02, 0x02, 0x01, 0x01, 0x01, 0x02, 0x01, 0x04,
    0x01, 0x06, 0x01, 0x0d, 0x01, 0x0e, 0x01, 0x06, 0x01, 0x02, 0x01, 0x01, 0x01, 0x02, 0x01, 0x01, 0x01, 0x02, 0x05, 0x00,
    0x01, 0x06, 0x01, 0x04, 0x01, 0x05, 0x01, 0x09, 0x11, 0x00, 0x16, 0x00, 0x02, 0x0b, 0x01, 0x0e, 0x01, 0x04, 0x02, 0x01,
    0x04, 0x04, 0x01, 0x01, 0x02, 0x02, 0x01, 0x01, 0x01, 0x08, 0x01, 0x0f, 0x01, 0x0e, 0x01, 0x0d, 0x01, 0x0f, 0x01, 0x06,
    0x02, 0x02, 0x01, 0x01, 0x01, 0x02, 0x05, 0x00, 0x01, 0x05, 0x01, 0x04, 0x01, 0x09, 0x12, 0x00, 0x14, 0x00, 0x02, 0x0b,
    0x01, 0x0a, 0x01, 0x0b, 0x01, 0x0e, 0x01, 0x03, 0x01, 0x01, 0x01, 0x03, 0x01, 0x0a, 0x02, 0x0f, 0x01, 0x09, 0x03, 0x02,
    0x01, 0x01, 0x01, 0x06, 0x01, 0x0d, 0x01, 0x08, 0x01, 0x0f, 0x02, 0x0d, 0x01, 0x03, 0x01, 0x01, 0x02, 0x02, 0x01, 0x03,
    0x03, 0x00, 0x01, 0x05, 0x01, 0x04, 0x01, 0x09, 0x01, 0x0d, 0x12, 0x00, 0x13, 0x00, 0x01, 0x06, 0x01, 0x0d, 0x03, 0x0b,
    0x01, 0x0e, 0x01, 0x03, 0x01, 0x01, 0x01, 0x04, 0x01, 0x0f, 0x01, 0x0d, 0x02, 0x0f, 0x01, 0x03, 0x03, 0x01, 0x02, 0x04,
    0x01, 0x0d, 0x01, 0x0e, 0x01, 0x04, 0x01, 0x0d, 0x01, 0x03, 0x01, 0x01, 0x02, 0x02, 0x01, 0x03, 0x02, 0x00, 0x01, 0x09,
    0x01, 0x05, 0x01, 0x06, 0x01, 0x09, 0x13, 0x00, 0x12, 0x00, 0x01, 0x04, 0x01, 0x09, 0x04, 0x0b, 0x01, 0x0d, 0x02, 0x02,
    0x01, 0x09, 0x01, 0x0a, 0x01, 0x09, 0x01, 0x0f, 0x01, 0x0a, 0x01, 0x02, 0x01, 0x04, 0x01, 0x06, 0x01, 0x03, 0x01, 0x01,
    0x01, 0x02, 0x01, 0x06, 0x01, 0x09, 0x02, 0x0a, 0x01, 0x03, 0x01, 0x01, 0x01, 0x02, 0x01, 0x01, 0x01, 0x02, 0x02, 0x00,
    0x02, 0x05, 0x01, 0x0d, 0x02, 0x06, 0x12, 0x00, 0x11, 0x00, 0x02, 0x04, 0x04, 0x0b, 0x01, 0x0f, 0x01, 0x06, 0x01, 0x01,
    0x01, 0x02, 0x01, 0x0a, 0x01, 0x03, 0x01, 0x05, 0x01, 0x0f, 0x01, 0x04, 0x01, 0x02, 0x01, 0x06, 0x01, 0x05, 0x01, 0x02,
    0x02, 0x01, 0x01, 0x03, 0x02, 0x04, 0x01, 0x03, 0x01, 0x01, 0x01, 0x02, 0x01, 0x01, 0x01, 0x02, 0x01, 0x03, 0x01, 0x00,
    0x01, 0x05, 0x01, 0x04, 0x01, 0x06, 0x01, 0x0d, 0x01, 0x09, 0x01, 0x06, 0x12, 0x00, 0x11, 0x00, 0x02, 0x04, 0x02, 0x0b,
    0x01, 0x0a, 0x01, 0x0b, 0x01, 0x0e, 0x01, 0x04, 0x02, 0x02, 0x01, 0x06, 0x01, 0x0e, 0x01, 0x09, 0x01, 0x06, 0x01, 0x02,
    0x05, 0x01, 0x01, 0x03, 0x01, 0x02, 0x03, 0x01, 0x01, 0x02, 0x01, 0x01, 0x01, 0x02, 0x01, 0x04, 0x01, 0x00, 0x01, 0x06,
    0x02, 0x05, 0x02, 0x09, 0x01, 0x06, 0x01, 0x05, 0x12, 0x00, 0x11, 0x00, 0x01, 0x05, 0x01, 0x04, 0x01, 0x06, 0x01, 0x0d,
    0x02, 0x0b, 0x01, 0x0f, 0x01, 0x05, 0x01, 0x01, 0x02, 0x02, 0x02, 0x04, 0x04, 0x02, 0x04, 0x03, 0x03, 0x02, 0x02, 0x01,
    0x01, 0x02, 0x01, 0x04, 0x02, 0x09, 0x02, 0x05, 0x01, 0x09, 0x01, 0x00, 0x01, 0x09, 0x01, 0x05, 0x02, 0x04, 0x11, 0x00,
    0x11, 0x00, 0x01, 0x06, 0x02, 0x04, 0x01, 0x06, 0x01, 0x0d, 0x01, 0x0e, 0x01, 0x0f, 0x01, 0x09, 0x01, 0x03, 0x02, 0x02,
    0x03, 0x01, 0x01, 0x02, 0x02, 0x03, 0x03, 0x02, 0x03, 0x01, 0x01, 0x02, 0x01, 0x03, 0x01, 0x04, 0x01, 0x09, 0x01, 0x0f,
    0x01, 0x0b, 0x01, 0x06, 0x01, 0x05, 0x01, 0x09, 0x02, 0x00, 0x01, 0x05, 0x03, 0x04, 0x11, 0x00, 0x11, 0x00, 0x01, 0x0c,
    0x01, 0x05, 0x03, 0x04, 0x01, 0x06, 0x02, 0x0a, 0x01, 0x06, 0x01, 0x03, 0x02, 0x02, 0x05, 0x01, 0x02, 0x02, 0x01, 0x01,
    0x01, 0x02, 0x02, 0x04, 0x01, 0x05, 0x01, 0x0a, 0x01, 0x0e, 0x01, 0x0d, 0x01, 0x09, 0x01, 0x08, 0x01, 0x09, 0x01, 0x06,
    0x01, 0x0a, 0x02, 0x00, 0x01, 0x05, 0x02, 0x04, 0x01, 0x06, 0x11, 0x00, 0x11, 0x00, 0x02, 0x08, 0x01, 0x06, 0x02, 0x04,
    0x02, 0x05, 0x01, 0x06, 0x01, 0x0d, 0x01, 0x0c, 0x01, 0x04, 0x03, 0x03, 0x01, 0x04, 0x01, 0x03, 0x01, 0x04, 0x01, 0x09,
    0x02, 0x06, 0x01, 0x09, 0x03, 0x0d, 0x01, 0x09, 0x02, 0x06, 0x01, 0x08, 0x01, 0x0c, 0x02, 0x09, 0x03, 0x00, 0x01, 0x09,
    0x01, 0x06, 0x01, 0x05, 0x01, 0x09, 0x11, 0x00, 0x11, 0x00, 0x01, 0x0c, 0x01, 0x08, 0x01, 0x0c, 0x01, 0x0a, 0x03, 0x09,
    0x01, 0x0d, 0x01, 0x09, 0x01, 0x0c, 0x02, 0x0f, 0x01, 0x0e, 0x01, 0x0f, 0x02, 0x0d, 0x01, 0x0e, 0x03, 0x0b, 0x02, 0x0d,
    0x01, 0x09, 0x02, 0x06, 0x01, 0x07, 0x05, 0x0c, 0x03, 0x00, 0x01, 0x09, 0x01, 0x0a, 0x13, 0x00, 0x11, 0x00, 0x03, 0x0c,
    0x01, 0x0d, 0x03, 0x0e, 0x01, 0x0f, 0x01, 0x0a, 0x01, 0x08, 0x01, 0x0f, 0x01, 0x0d, 0x01, 0x05, 0x01, 0x06, 0x01, 0x0d,
    0x01, 0x0b, 0x01, 0x0a, 0x01, 0x0b, 0x01, 0x0d, 0x01, 0x0b, 0x01, 0x06, 0x02, 0x04, 0x01, 0x06, 0x01, 0x07, 0x02, 0x0c,
    0x04, 0x07, 0x01, 0x08, 0x02, 0x00, 0x02, 0x04, 0x13, 0x00, 0x12, 0x00, 0x03, 0x0c, 0x04, 0x0d, 0x01, 0x0e, 0x01, 0x0a,
    0x01, 0x0d, 0x01, 0x05, 0x01, 0x02, 0x01, 0x03, 0x01, 0x04, 0x01, 0x06, 0x01, 0x0d, 0x01, 0x06, 0x01, 0x04, 0x01, 0x03,
    0x01, 0x02, 0x01, 0x03, 0x01, 0x06, 0x01, 0x09, 0x01, 0x08, 0x01, 0x0c, 0x06, 0x07, 0x01, 0x08, 0x02, 0x00, 0x02, 0x04,
    0x12, 0x00, 0x13, 0x00, 0x04, 0x0c, 0x01, 0x0d, 0x01, 0x0f, 0x02, 0x0a, 0x01, 0x06, 0x01, 0x04, 0x01, 0x01, 0x01, 0x02,
    0x01, 0x01, 0x02, 0x03, 0x01, 0x02, 0x02, 0x01, 0x01, 0x03, 0x01, 0x05, 0x02, 0x06, 0x02, 0x08, 0x08, 0x07, 0x01, 0x04,
    0x02, 0x05, 0x12, 0x00, 0x13, 0x00, 0x04, 0x0c, 0x01, 0x0e, 0x01, 0x0d, 0x01, 0x0a, 0x01, 0x08, 0x01, 0x06, 0x01, 0x04,
    0x06, 0x02, 0x01, 0x01, 0x01, 0x03, 0x02, 0x05, 0x02, 0x06, 0x0a, 0x07, 0x02, 0x06, 0x13, 0x00, 0x15, 0x00, 0x02, 0x0c,
    0x01, 0x0f, 0x01, 0x08, 0x01, 0x09, 0x01, 0x05, 0x01, 0x06, 0x01, 0x04, 0x05, 0x02, 0x01, 0x01, 0x01, 0x03, 0x03, 0x05,
    0x01, 0x06, 0x0b, 0x07, 0x01, 0x0c, 0x14, 0x00, 0x16, 0x00, 0x01, 0x0e, 0x01, 0x0d, 0x01, 0x07, 0x01, 0x06, 0x02, 0x05,
    0x01, 0x04, 0x04, 0x02, 0x01, 0x01, 0x01, 0x03, 0x04, 0x05, 0x01, 0x06, 0x03, 0x07, 0x01, 0x08, 0x07, 0x07, 0x01, 0x0c,
    0x14, 0x00, 0x17, 0x00, 0x01, 0x07, 0x01, 0x06, 0x01, 0x05, 0x01, 0x04, 0x02, 0x05, 0x04, 0x02, 0x01, 0x03, 0x01, 0x05,
    0x01, 0x04, 0x03, 0x05, 0x01, 0x06, 0x03, 0x07, 0x01, 0x08, 0x01, 0x0c, 0x01, 0x08, 0x06, 0x07, 0x14, 0x00, 0x17, 0x00,
    0x01, 0x07, 0x01, 0x06, 0x04, 0x05, 0x01, 0x03, 0x01, 0x02, 0x01, 0x03, 0x01, 0x04, 0x06, 0x05, 0x01, 0x06, 0x03, 0x07,
    0x02, 0x0c, 0x07, 0x07, 0x01, 0x08, 0x13, 0x00, 0x16, 0x00, 0x02, 0x07, 0x01, 0x09, 0x01, 0x05, 0x01, 0x04, 0x02, 0x05,
    0x01, 0x04, 0x01, 0x03, 0x05, 0x05, 0x01, 0x04, 0x02, 0x05, 0x01, 0x06, 0x03, 0x07, 0x02, 0x0c, 0x08, 0x07, 0x13, 0x00,
    0x16, 0x00, 0x01, 0x07, 0x01, 0x06, 0x01, 0x0a, 0x01, 0x05, 0x01, 0x04, 0x02, 0x05, 0x01, 0x06, 0x08, 0x05, 0x02, 0x06,
    0x03, 0x07, 0x01, 0x08, 0x01, 0x0e, 0x03, 0x0c, 0x01, 0x08, 0x01, 0x0c, 0x02, 0x07, 0x01, 0x08, 0x13, 0x00, 0x16, 0x00,
    0x01, 0x07, 0x02, 0x09, 0x01, 0x05, 0x01, 0x04, 0x01, 0x05, 0x01, 0x06, 0x01, 0x05, 0x01, 0x04, 0x05, 0x05, 0x02, 0x04,
    0x02, 0x06, 0x03, 0x07, 0x01, 0x0c, 0x01, 0x0e, 0x01, 0x08, 0x01, 0x06, 0x02, 0x05, 0x01, 0x06, 0x01, 0x08, 0x02, 0x07,
    0x13, 0x00, 0x15, 0x00, 0x01, 0x0c, 0x01, 0x07, 0x01, 0x09, 0x01, 0x06, 0x04, 0x05, 0x01, 0x04, 0x02, 0x05, 0x02, 0x04,
    0x02, 0x05, 0x01, 0x04, 0x01, 0x05, 0x02, 0x06, 0x03, 0x07, 0x01, 0x0c, 0x01, 0x0b, 0x06, 0x04, 0x01, 0x06, 0x01, 0x08,
    0x01, 0x0c, 0x12, 0x00, 0x15, 0x00, 0x02, 0x07, 0x01, 0x0e, 0x02, 0x09, 0x01, 0x0a, 0x05, 0x05, 0x01, 0x04, 0x02, 0x05,
    0x02, 0x04, 0x02, 0x05, 0x01, 0x06, 0x03, 0x07, 0x01, 0x0c, 0x01, 0x06, 0x01, 0x05, 0x02, 0x06, 0x01, 0x05, 0x03, 0x04,
    0x01, 0x06, 0x01, 0x0c, 0x12, 0x00, 0x15, 0x00, 0x01, 0x05, 0x01, 0x06, 0x01, 0x0e, 0x02, 0x09, 0x02, 0x06, 0x01, 0x09,
    0x03, 0x06, 0x01, 0x09, 0x05, 0x06, 0x01, 0x0a, 0x01, 0x09, 0x01, 0x06, 0x01, 0x08, 0x02, 0x0c, 0x01, 0x0d, 0x01, 0x0e,
    0x03, 0x0d, 0x01, 0x09, 0x02, 0x04, 0x01, 0x05, 0x01, 0x09, 0x12, 0x00, 0x15, 0x00, 0x01, 0x05, 0x01, 0x06, 0x01, 0x0e,
    0x01, 0x09, 0x06, 0x05, 0x02, 0x06, 0x01, 0x09, 0x01, 0x06, 0x01, 0x09, 0x02, 0x06, 0x02, 0x09, 0x01, 0x06, 0x01, 0x07,
    0x01, 0x08, 0x01, 0x0d, 0x01, 0x0e, 0x01, 0x0a, 0x01, 0x0b, 0x02, 0x0a, 0x01, 0x0d, 0x01, 0x0b, 0x02, 0x04, 0x01, 0x06,
    0x12, 0x00, 0x16, 0x00, 0x02, 0x0d, 0x01, 0x0a, 0x01, 0x09, 0x01, 0x06, 0x04, 0x05, 0x01, 0x06, 0x01, 0x09, 0x02, 0x05,
    0x01, 0x09, 0x03, 0x06, 0x01, 0x09, 0x02, 0x05, 0x01, 0x06, 0x07, 0x0b, 0x01, 0x0f, 0x01, 0x06, 0x01, 0x04, 0x01, 0x05,
    0x12, 0x00, 0x15, 0x00, 0x04, 0x08, 0x01, 0x0c, 0x01, 0x0b, 0x01, 0x0a, 0x01, 0x09, 0x02, 0x06, 0x02, 0x09, 0x01, 0x06,
    0x02, 0x09, 0x01, 0x0d, 0x01, 0x09, 0x01, 0x0a, 0x01, 0x0b, 0x02, 0x09, 0x01, 0x0d, 0x01, 0x0e, 0x01, 0x0b, 0x01, 0x0a,
    0x03, 0x0b, 0x01, 0x0d, 0x01, 0x0f, 0x01, 0x09, 0x01, 0x05, 0x13, 0x00, 0x15, 0x00, 0x01, 0x0c, 0x01, 0x07, 0x02, 0x08,
    0x03, 0x07, 0x03, 0x08, 0x01, 0x0c, 0x01, 0x0d, 0x01, 0x0e, 0x01, 0x0b, 0x02, 0x06, 0x01, 0x0c, 0x01, 0x08, 0x02, 0x0c,
    0x01, 0x0b, 0x01, 0x09, 0x01, 0x0d, 0x04, 0x0b, 0x01, 0x0d, 0x02, 0x0e, 0x02, 0x06, 0x13, 0x00, 0x15, 0x00, 0x01, 0x08,
    0x01, 0x07, 0x01, 0x08, 0x03, 0x07, 0x05, 0x08, 0x01, 0x07, 0x01, 0x0a, 0x01, 0x09, 0x02, 0x05, 0x01, 0x0a, 0x03, 0x08,
    0x01, 0x07, 0x01, 0x04, 0x01, 0x09, 0x01, 0x0b, 0x02, 0x0a, 0x01, 0x0d, 0x01, 0x0e, 0x01, 0x0f, 0x01, 0x0d, 0x01, 0x06,
    0x14, 0x00, 0x15, 0x00, 0x01, 0x08, 0x02, 0x07, 0x01, 0x08, 0x02, 0x07, 0x04, 0x08, 0x02, 0x07, 0x01, 0x08, 0x04, 0x05,
    0x01, 0x08, 0x02, 0x07, 0x01, 0x08, 0x01, 0x05, 0x01, 0x04, 0x02, 0x0b, 0x01, 0x0d, 0x01, 0x0e, 0x01, 0x0f, 0x01, 0x0e,
    0x16, 0x00, 0x15, 0x00, 0x01, 0x0c, 0x02, 0x07, 0x03, 0x08, 0x01, 0x07, 0x02, 0x08, 0x01, 0x07, 0x01, 0x08, 0x01, 0x07,
    0x01, 0x06, 0x04, 0x05, 0x01, 0x09, 0x02, 0x07, 0x01, 0x08, 0x01, 0x07, 0x01, 0x05, 0x01, 0x06, 0x02, 0x0e, 0x01, 0x0f,
    0x18, 0x00, 0x15, 0x00, 0x01, 0x0c, 0x01, 0x08, 0x01, 0x07, 0x02, 0x08, 0x01, 0x0a, 0x06, 0x08, 0x01, 0x09, 0x04, 0x05,
    0x01, 0x0a, 0x03, 0x07, 0x02, 0x08, 0x01, 0x09, 0x01, 0x0a, 0x01, 0x0f, 0x01, 0x0d, 0x18, 0x00, 0x15, 0x00, 0x01, 0x0c,
    0x05, 0x08, 0x01, 0x0c, 0x02, 0x0d, 0x02, 0x0c, 0x01, 0x08, 0x01, 0x0a, 0x01, 0x09, 0x01, 0x0b, 0x01, 0x06, 0x01, 0x09,
    0x01, 0x0c, 0x02, 0x07, 0x02, 0x08, 0x02, 0x0c, 0x01, 0x0a, 0x01, 0x0d, 0x01, 0x0e, 0x18, 0x00, 0x15, 0x00, 0x01, 0x0c,
    0x01, 0x08, 0x04, 0x07, 0x01, 0x08, 0x01, 0x0c, 0x01, 0x0d, 0x01, 0x0e, 0x01, 0x0f, 0x01, 0x0d, 0x03, 0x0c, 0x01, 0x0a,
    0x02, 0x08, 0x02, 0x07, 0x02, 0x08, 0x02, 0x0c, 0x01, 0x0d, 0x02, 0x0c, 0x18, 0x00, 0x15, 0x00, 0x01, 0x0c, 0x01, 0x08,
    0x05, 0x07, 0x02, 0x08, 0x01, 0x0c, 0x01, 0x0e, 0x01, 0x0f, 0x01, 0x0c, 0x01, 0x08, 0x03, 0x07, 0x01, 0x08, 0x03, 0x07,
    0x02, 0x08, 0x01, 0x0c, 0x01, 0x0d, 0x02, 0x0c, 0x18, 0x00, 0x14, 0x00, 0x02, 0x06, 0x07, 0x08, 0x02, 0x0c, 0x01, 0x0d,
    0x01, 0x0f, 0x01, 0x0c, 0x01, 0x08, 0x07, 0x07, 0x02, 0x08, 0x02, 0x0c, 0x01, 0x0d, 0x01, 0x0b, 0x18, 0x00, 0x15, 0x00,
    0x01, 0x06, 0x03, 0x05, 0x03, 0x06, 0x01, 0x08, 0x03, 0x0a, 0x01, 0x0b, 0x01, 0x0d, 0x01, 0x0c, 0x08, 0x08, 0x02, 0x07,
    0x03, 0x09, 0x18, 0x00, 0x16, 0x00, 0x01, 0x0d, 0x01, 0x09, 0x01, 0x06, 0x03, 0x05, 0x02, 0x06, 0x02, 0x09, 0x01, 0x0f,
    0x01, 0x09, 0x06, 0x06, 0x04, 0x05, 0x01, 0x06, 0x01, 0x09, 0x01, 0x0d, 0x19, 0x00, 0x16, 0x00, 0x01, 0x0e, 0x02, 0x0b,
    0x03, 0x0d, 0x01, 0x0e, 0x02, 0x0f, 0x01, 0x0e, 0x01, 0x0f, 0x01, 0x00, 0x04, 0x06, 0x02, 0x05, 0x02, 0x06, 0x01, 0x09,
    0x01, 0x0b, 0x01, 0x0e, 0x02, 0x0f, 0x19, 0x00, 0x16, 0x00, 0x01, 0x0f, 0x01, 0x0e, 0x01, 0x0b, 0x02, 0x0a, 0x01, 0x0d,
    0x01, 0x0e, 0x01, 0x0b, 0x01, 0x0d, 0x03, 0x0f, 0x01, 0x00, 0x02, 0x0f, 0x01, 0x0e, 0x01, 0x0d, 0x05, 0x0b, 0x02, 0x0e,
    0x02, 0x0f, 0x18, 0x00, 0x16, 0x00, 0x02, 0x0f, 0x01, 0x0e, 0x01, 0x0b, 0x02, 0x0e, 0x01, 0x0b, 0x01, 0x0a, 0x02, 0x0d,
    0x02, 0x0e, 0x02, 0x00, 0x01, 0x0d, 0x01, 0x0f, 0x01, 0x0e, 0x03, 0x0a, 0x01, 0x0b, 0x01, 0x0e, 0x01, 0x0b, 0x01, 0x0d,
    0x02, 0x0e, 0x18, 0x00, 0x17, 0x00, 0x01, 0x0e, 0x01, 0x0d, 0x01, 0x0e, 0x01, 0x0d, 0x03, 0x0a, 0x02, 0x0b, 0x01, 0x0d,
    0x01, 0x0e, 0x02, 0x00, 0x01, 0x0f, 0x01, 0x0e, 0x01, 0x0f, 0x01, 0x0d, 0x02, 0x0b, 0x01, 0x0e, 0x01, 0x0b, 0x01, 0x0a,
    0x01, 0x0b, 0x01, 0x0d, 0x01, 0x0e, 0x18, 0x00, 0x17, 0x00, 0x01, 0x0e, 0x02, 0x0b, 0x05, 0x0a, 0x01, 0x0b, 0x02, 0x0d,
    0x03, 0x00, 0x02, 0x0d, 0x03, 0x0e, 0x01, 0x0d, 0x02, 0x0a, 0x01, 0x0b, 0x01, 0x0d, 0x01, 0x0e, 0x18, 0x00, 0x18, 0x00,
    0x01, 0x0d, 0x03, 0x0b, 0x02, 0x0a, 0x01, 0x0b, 0x01, 0x0d, 0x01, 0x0e, 0x01, 0x0f, 0x03, 0x00, 0x03, 0x0d, 0x02, 0x0b,
    0x02, 0x0a, 0x02, 0x0b, 0x01, 0x0e, 0x01, 0x0f, 0x18, 0x00, 0x18, 0x00, 0x01, 0x0e, 0x03, 0x0a, 0x02, 0x0b, 0x01, 0x0d,
    0x02, 0x0e, 0x05, 0x00, 0x01, 0x0e, 0x01, 0x0d, 0x02, 0x0a, 0x03, 0x0b, 0x01, 0x0d, 0x01, 0x0e, 0x01, 0x0f, 0x18, 0x00,
    0x18, 0x00, 0x01, 0x0e, 0x02, 0x0b, 0x01, 0x0a, 0x01, 0x0b, 0x01, 0x0a, 0x01, 0x0d, 0x02, 0x0e, 0x06, 0x00, 0x01, 0x0d,
    0x01, 0x0b, 0x02, 0x0a, 0x02, 0x0b, 0x01, 0x0d, 0x01, 0x0e, 0x19, 0x00, 0x18, 0x00, 0x01, 0x0d, 0x02, 0x0b, 0x03, 0x0a,
    0x01, 0x0d, 0x02, 0x0e, 0x06, 0x00, 0x01, 0x0e, 0x01, 0x0d, 0x04, 0x0b, 0x01, 0x0d, 0x01, 0x0e, 0x19, 0x00, 0x16, 0x00,
    0x04, 0x0b, 0x02, 0x0a, 0x02, 0x0b, 0x01, 0x0d, 0x01, 0x0e, 0x01, 0x0d, 0x06, 0x00, 0x01, 0x0d, 0x01, 0x0b, 0x01, 0x0a,
    0x03, 0x0b, 0x01, 0x0d, 0x01, 0x0e, 0x01, 0x0f, 0x18, 0x00, 0x15, 0x00, 0x01, 0x0a, 0x02, 0x0b, 0x01, 0x0d, 0x01, 0x0b,
    0x03, 0x0a, 0x01, 0x0b, 0x03, 0x0e, 0x06, 0x00, 0x01, 0x0d, 0x02, 0x0a, 0x05, 0x0b, 0x01, 0x0e, 0x18, 0x00, 0x14, 0x00,
    0x04, 0x0b, 0x03, 0x0a, 0x01, 0x0b, 0x01, 0x0d, 0x04, 0x0e, 0x06, 0x00, 0x01, 0x0b, 0x01, 0x0a, 0x06, 0x0b, 0x01, 0x0d,
    0x18, 0x00, 0x14, 0x00, 0x01, 0x0e, 0x02, 0x0d, 0x01, 0x0e, 0x03, 0x0b, 0x01, 0x0d, 0x04, 0x0f, 0x06, 0x00, 0x01, 0x0d,
    0x01, 0x0a, 0x02, 0x0b, 0x01, 0x0a, 0x01, 0x0b, 0x01, 0x0a, 0x02, 0x0b, 0x01, 0x0d, 0x18, 0x00, 0x15, 0x00, 0x02, 0x0b,
    0x01, 0x0e, 0x01, 0x09, 0x01, 0x0e, 0x03, 0x0f, 0x09, 0x00, 0x01, 0x0e, 0x01, 0x0a, 0x01, 0x0d, 0x02, 0x0b, 0x01, 0x0d,
    0x01, 0x0b, 0x01, 0x0d, 0x02, 0x0e, 0x18, 0x00, 0x18, 0x00, 0x01, 0x09, 0x0e, 0x00, 0x01, 0x0d, 0x01, 0x0e, 0x01, 0x0b,
    0x01, 0x0a, 0x01, 0x0d, 0x01, 0x0a, 0x03, 0x0e, 0x18, 0x00, 0x29, 0x00, 0x02, 0x06, 0x02, 0x09, 0x01, 0x0b, 0x1a, 0x00,
    0x48, 0x00, 0x48, 0x00
};
const uint8_t kWaiting5[] PROGMEM = {
    0x48, 0x00, 0x48, 0x00, 0x48, 0x00, 0x48, 0x00, 0x1f, 0x00, 0x02, 0x02, 0x27, 0x00, 0x1e, 0x00, 0x03, 0x02, 0x27, 0x00,
    0x1d, 0x00, 0x01, 0x02, 0x01, 0x01, 0x01, 0x02, 0x28, 0x00, 0x1c, 0x00, 0x01, 0x02, 0x01, 0x01, 0x06, 0x02, 0x04, 0x00,
    0x01, 0x0b, 0x01, 0x0d, 0x01, 0x0e, 0x1d, 0x00, 0x19, 0x00, 0x01, 0x0b, 0x02, 0x00, 0x01, 0x02, 0x01, 0x01, 0x02, 0x02,
    0x03, 0x01, 0x03, 0x03, 0x01, 0x00, 0x01, 0x0d, 0x01, 0x0b, 0x03, 0x0d, 0x1c, 0x00, 0x17, 0x00, 0x02, 0x0d, 0x01, 0x0b,
    0x01, 0x0d, 0x01, 0x06, 0x03, 0x03, 0x06, 0x02, 0x01, 0x01, 0x01, 0x04, 0x01, 0x0f, 0x01, 0x0d, 0x01, 0x0e, 0x01, 0x0d,
    0x01, 0x0b, 0x01, 0x0d, 0x1b, 0x00, 0x16, 0x00, 0x01, 0x0d, 0x01, 0x0b, 0x01, 0x0e, 0x01, 0x0d, 0x01, 0x0f, 0x01, 0x06,
    0x01, 0x02, 0x02, 0x03, 0x02, 0x02, 0x01, 0x01, 0x02, 0x02, 0x02, 0x01, 0x01, 0x02, 0x01, 0x04, 0x02, 0x0f, 0x01, 0x0e,
    0x01, 0x0b, 0x01, 0x0d, 0x1b, 0x00, 0x16, 0x00, 0x02, 0x0d, 0x02, 0x0f, 0x01, 0x06, 0x01, 0x02, 0x03, 0x01, 0x02, 0x02,
    0x01, 0x01, 0x01, 0x02, 0x01, 0x01, 0x02, 0x02, 0x02, 0x01, 0x01, 0x04, 0x01, 0x0e, 0x01, 0x0f, 0x01, 0x0d, 0x01, 0x0e,
    0x06, 0x00, 0x01, 0x04, 0x14, 0x00, 0x16, 0x00, 0x02, 0x0d, 0x02, 0x0f, 0x01, 0x03, 0x01, 0x01, 0x03, 0x02, 0x02, 0x01,
    0x02, 0x02, 0x03, 0x01, 0x02, 0x02, 0x01, 0x01, 0x01, 0x04, 0x01, 0x0f, 0x01, 0x0d, 0x01, 0x0f, 0x06, 0x00, 0x02, 0x04,
    0x01, 0x05, 0x12, 0x00, 0x16, 0x00, 0x01, 0x0e, 0x01, 0x0d, 0x01, 0x0f, 0x01, 0x03, 0x01, 0x01, 0x02, 0x02, 0x02, 0x01,
    0x03, 0x02, 0x01, 0x01, 0x06, 0x02, 0x01, 0x01, 0x01, 0x05, 0x01, 0x0f, 0x06, 0x00, 0x01, 0x06, 0x01, 0x04, 0x01, 0x05,
    0x01, 0x09, 0x12, 0x00, 0x16, 0x00, 0x02, 0x0f, 0x01, 0x09, 0x01, 0x01, 0x01, 0x02, 0x01, 0x01, 0x05, 0x02, 0x01, 0x01,
    0x01, 0x02, 0x03, 0x03, 0x01, 0x02, 0x01, 0x01, 0x01, 0x02, 0x01, 0x01, 0x01, 0x02, 0x01, 0x03, 0x06, 0x00, 0x02, 0x05,
    0x01, 0x09, 0x13, 0x00, 0x17, 0x00, 0x01, 0x0f, 0x01, 0x03, 0x01, 0x01, 0x02, 0x02, 0x03, 0x03, 0x01, 0x01, 0x01, 0x02,
    0x01, 0x01, 0x03, 0x02, 0x01, 0x04, 0x01, 0x06, 0x01, 0x03, 0x01, 0x01, 0x01, 0x02, 0x01, 0x01, 0x01, 0x03, 0x05, 0x00,
    0x01, 0x05, 0x01, 0x04, 0x01, 0x06, 0x01, 0x0b, 0x13, 0x00, 0x17, 0x00, 0x01, 0x02, 0x01, 0x01, 0x02, 0x02, 0x01, 0x03,
    0x02, 0x02, 0x01, 0x03, 0x01, 0x01, 0x01, 0x02, 0x01, 0x01, 0x01, 0x02, 0x01, 0x04, 0x01, 0x0a, 0x02, 0x0e, 0x01, 0x09,
    0x01, 0x03, 0x01, 0x01, 0x02, 0x02, 0x01, 0x03, 0x03, 0x00, 0x01, 0x09, 0x01, 0x04, 0x01, 0x06, 0x01, 0x0e, 0x14, 0x00,
    0x17, 0x00, 0x01, 0x04, 0x01, 0x02, 0x01, 0x01, 0x01, 0x03, 0x01, 0x0a, 0x01, 0x06, 0x01, 0x0a, 0x01, 0x04, 0x01, 0x01,
    0x02, 0x02, 0x01, 0x01, 0x01, 0x09, 0x01, 0x0f, 0x01, 0x0d, 0x02, 0x0f, 0x01, 0x06, 0x01, 0x01, 0x02, 0x02, 0x02, 0x03,
    0x02, 0x00, 0x01, 0x06, 0x01, 0x05, 0x01, 0x09, 0x01, 0x06, 0x14, 0x00, 0x17, 0x00, 0x01, 0x03, 0x01, 0x01, 0x01, 0x02,
    0x01, 0x06, 0x03, 0x0f, 0x01, 0x0a, 0x03, 0x02, 0x01, 0x01, 0x01, 0x06, 0x01, 0x09, 0x01, 0x0a, 0x01, 0x0f, 0x01, 0x06,
    0x01, 0x0b, 0x01, 0x03, 0x01, 0x01, 0x01, 0x02, 0x01, 0x03, 0x02, 0x00, 0x01, 0x05, 0x01, 0x04, 0x01, 0x09, 0x01, 0x0d,
    0x01, 0x09, 0x14, 0x00, 0x17, 0x00, 0x01, 0x02, 0x01, 0x01, 0x01, 0x03, 0x01, 0x0e, 0x01, 0x0d, 0x01, 0x0a, 0x01, 0x0f,
    0x01, 0x0e, 0x01, 0x03, 0x03, 0x01, 0x02, 0x03, 0x01, 0x0d, 0x01, 0x06, 0x01, 0x04, 0x01, 0x0e, 0x01, 0x03, 0x01, 0x01,
    0x02, 0x02, 0x01, 0x03, 0x01, 0x09, 0x01, 0x04, 0x01, 0x05, 0x01, 0x09, 0x01, 0x0e, 0x01, 0x09, 0x14, 0x00, 0x16, 0x00,
    0x01, 0x03, 0x01, 0x02, 0x01, 0x01, 0x01, 0x03, 0x01, 0x0d, 0x01, 0x03, 0x01, 0x09, 0x01, 0x0e, 0x01, 0x04, 0x01, 0x01,
    0x01, 0x04, 0x01, 0x06, 0x01, 0x03, 0x01, 0x01, 0x01, 0x03, 0x01, 0x05, 0x01, 0x0a, 0x01, 0x0b, 0x01, 0x04, 0x01, 0x01,
    0x01, 0x02, 0x01, 0x01, 0x01, 0x03, 0x01, 0x05, 0x01, 0x06, 0x01, 0x05, 0x01, 0x09, 0x01, 0x00, 0x01, 0x09, 0x02, 0x04,
    0x13, 0x00, 0x16, 0x00, 0x02, 0x03, 0x01, 0x01, 0x01, 0x03, 0x01, 0x0d, 0x01, 0x06, 0x01, 0x05, 0x01, 0x06, 0x01, 0x03,
    0x01, 0x01, 0x01, 0x04, 0x01, 0x06, 0x01, 0x02, 0x02, 0x01, 0x01, 0x02, 0x02, 0x03, 0x01, 0x01, 0x01, 0x02, 0x01, 0x01,
    0x01, 0x03, 0x01, 0x04, 0x01, 0x06, 0x01, 0x05, 0x01, 0x09, 0x01, 0x0b, 0x01, 0x00, 0x01, 0x06, 0x02, 0x04, 0x13, 0x00,
    0x16, 0x00, 0x02, 0x03, 0x01, 0x02, 0x01, 0x01, 0x01, 0x03, 0x01, 0x09, 0x01, 0x06, 0x01, 0x03, 0x06, 0x01, 0x01, 0x03,
    0x01, 0x02, 0x01, 0x01, 0x02, 0x02, 0x01, 0x01, 0x01, 0x02, 0x01, 0x09, 0x01, 0x0d, 0x02, 0x05, 0x01, 0x09, 0x02, 0x00,
    0x04, 0x04, 0x12, 0x00, 0x17, 0x00, 0x01, 0x04, 0x01, 0x03, 0x01, 0x01, 0x01, 0x02, 0x03, 0x01, 0x02, 0x02, 0x01, 0x03,
    0x01, 0x04, 0x01, 0x03, 0x01, 0x04, 0x01, 0x03, 0x04, 0x01, 0x01, 0x03, 0x01, 0x09, 0x01, 0x0d, 0x01, 0x08, 0x02, 0x09,
    0x03, 0x00, 0x01, 0x06, 0x01, 0x04, 0x01, 0x05, 0x01, 0x06, 0x12, 0x00, 0x18, 0x00, 0x01, 0x05, 0x01, 0x03, 0x01, 0x02,
    0x03, 0x01, 0x01, 0x02, 0x01, 0x03, 0x01, 0x05, 0x02, 0x04, 0x01, 0x03, 0x01, 0x01, 0x01, 0x02, 0x02, 0x03, 0x01, 0x06,
    0x01, 0x0d, 0x01, 0x09, 0x01, 0x06, 0x01, 0x0c, 0x01, 0x09, 0x04, 0x00, 0x01, 0x0b, 0x02, 0x06, 0x13, 0x00, 0x17, 0x00,
    0x01, 0x04, 0x01, 0x0c, 0x01, 0x0d, 0x01, 0x04, 0x02, 0x03, 0x02, 0x02, 0x02, 0x01, 0x01, 0x03, 0x01, 0x02, 0x01, 0x01,
    0x01, 0x03, 0x01, 0x06, 0x01, 0x09, 0x01, 0x0d, 0x01, 0x09, 0x01, 0x06, 0x01, 0x07, 0x02, 0x0c, 0x01, 0x0b, 0x04, 0x00,
    0x01, 0x09, 0x15, 0x00, 0x17, 0x00, 0x02, 0x06, 0x01, 0x0c, 0x02, 0x0f, 0x01, 0x0a, 0x02, 0x09, 0x02, 0x04, 0x03, 0x06,
    0x01, 0x0b, 0x01, 0x0e, 0x01, 0x0b, 0x02, 0x06, 0x01, 0x07, 0x02, 0x0c, 0x03, 0x07, 0x01, 0x0c, 0x02, 0x00, 0x01, 0x05,
    0x01, 0x04, 0x14, 0x00, 0x16, 0x00, 0x01, 0x07, 0x01, 0x0c, 0x01, 0x06, 0x01, 0x07, 0x01, 0x0f, 0x01, 0x0e, 0x02, 0x09,
    0x01, 0x0e, 0x02, 0x0f, 0x02, 0x0d, 0x01, 0x0e, 0x01, 0x0d, 0x01, 0x05, 0x01, 0x04, 0x01, 0x06, 0x01, 0x08, 0x02, 0x0c,
    0x07, 0x07, 0x01, 0x00, 0x01, 0x04, 0x14, 0x00, 0x15, 0x00, 0x02, 0x07, 0x01, 0x08, 0x01, 0x0d, 0x01, 0x0a, 0x01, 0x0d,
    0x01, 0x09, 0x01, 0x03, 0x01, 0x04, 0x01, 0x0e, 0x03, 0x0a, 0x01, 0x0d, 0x01, 0x06, 0x02, 0x03, 0x01, 0x05, 0x01, 0x0a,
    0x01, 0x08, 0x01, 0x0c, 0x07, 0x07, 0x01, 0x06, 0x02, 0x05, 0x14, 0x00, 0x14, 0x00, 0x01, 0x08, 0x02, 0x07, 0x01, 0x08,
    0x01, 0x0c, 0x01, 0x0a, 0x01, 0x09, 0x01, 0x05, 0x01, 0x04, 0x01, 0x0a, 0x01, 0x0e, 0x01, 0x0b, 0x01, 0x0a, 0x02, 0x0b,
    0x01, 0x0a, 0x01, 0x03, 0x01, 0x04, 0x02, 0x06, 0x02, 0x08, 0x01, 0x0c, 0x07, 0x07, 0x16, 0x00, 0x14, 0x00, 0x03, 0x07,
    0x02, 0x0c, 0x01, 0x0a, 0x01, 0x06, 0x01, 0x05, 0x01, 0x06, 0x01, 0x0d, 0x01, 0x0b, 0x01, 0x0a, 0x02, 0x0b, 0x01, 0x0a,
    0x01, 0x0d, 0x01, 0x09, 0x01, 0x05, 0x01, 0x06, 0x01, 0x08, 0x01, 0x07, 0x02, 0x0c, 0x06, 0x07, 0x01, 0x08, 0x16, 0x00,
    0x13, 0x00, 0x02, 0x07, 0x02, 0x08, 0x02, 0x06, 0x01, 0x09, 0x01, 0x06, 0x01, 0x09, 0x02, 0x0d, 0x01, 0x0e, 0x01, 0x0a,
    0x04, 0x0b, 0x01, 0x0d, 0x02, 0x06, 0x02, 0x08, 0x01, 0x0b, 0x02, 0x0c, 0x05, 0x07, 0x01, 0x0c, 0x16, 0x00, 0x13, 0x00,
    0x01, 0x08, 0x01, 0x0c, 0x01, 0x06, 0x02, 0x04, 0x01, 0x09, 0x02, 0x0a, 0x03, 0x0d, 0x01, 0x0f, 0x01, 0x0d, 0x01, 0x0a,
    0x03, 0x0b, 0x01, 0x0d, 0x02, 0x0b, 0x01, 0x0a, 0x01, 0x06, 0x02, 0x04, 0x01, 0x0a, 0x01, 0x0c, 0x01, 0x08, 0x03, 0x07,
    0x01, 0x0c, 0x16, 0x00, 0x12, 0x00, 0x01, 0x0c, 0x02, 0x08, 0x02, 0x04, 0x01, 0x0b, 0x01, 0x0d, 0x04, 0x0b, 0x01, 0x0a,
    0x02, 0x0d, 0x02, 0x0a, 0x05, 0x0b, 0x02, 0x0d, 0x01, 0x06, 0x02, 0x04, 0x01, 0x08, 0x01, 0x0c, 0x01, 0x08, 0x02, 0x07,
    0x01, 0x0c, 0x16, 0x00, 0x12, 0x00, 0x01, 0x08, 0x01, 0x07, 0x02, 0x04, 0x01, 0x06, 0x01, 0x0d, 0x01, 0x0a, 0x04, 0x0b,
    0x01, 0x0a, 0x01, 0x0d, 0x01, 0x0e, 0x03, 0x0a, 0x01, 0x0b, 0x01, 0x0a, 0x04, 0x0b, 0x01, 0x0d, 0x01, 0x05, 0x02, 0x04,
    0x01, 0x08, 0x03, 0x07, 0x01, 0x0c, 0x16, 0x00, 0x12, 0x00, 0x02, 0x07, 0x02, 0x04, 0x01, 0x0a, 0x01, 0x0d, 0x05, 0x0b,
    0x01, 0x0d, 0x03, 0x0e, 0x02, 0x0b, 0x02, 0x0a, 0x03, 0x0b, 0x01, 0x0a, 0x01, 0x0d, 0x01, 0x09, 0x02, 0x04, 0x01, 0x07,
    0x02, 0x08, 0x01, 0x07, 0x01, 0x0c, 0x16, 0x00, 0x12, 0x00, 0x02, 0x08, 0x02, 0x04, 0x06, 0x0b, 0x01, 0x0d, 0x02, 0x0f,
    0x01, 0x09, 0x01, 0x0a, 0x02, 0x0e, 0x02, 0x0a, 0x05, 0x0b, 0x01, 0x0a, 0x02, 0x04, 0x01, 0x06, 0x02, 0x07, 0x02, 0x0c,
    0x16, 0x00, 0x12, 0x00, 0x01, 0x0c, 0x01, 0x08, 0x02, 0x04, 0x01, 0x0a, 0x04, 0x0b, 0x01, 0x0d, 0x01, 0x0e, 0x01, 0x0f,
    0x01, 0x0b, 0x02, 0x06, 0x01, 0x09, 0x02, 0x0e, 0x02, 0x0b, 0x01, 0x0a, 0x04, 0x0b, 0x02, 0x04, 0x01, 0x05, 0x02, 0x08,
    0x02, 0x0c, 0x16, 0x00, 0x12, 0x00, 0x02, 0x0c, 0x01, 0x05, 0x01, 0x04, 0x01, 0x09, 0x01, 0x0e, 0x01, 0x0d, 0x03, 0x0e,
    0x01, 0x0f, 0x01, 0x0b, 0x01, 0x05, 0x02, 0x06, 0x01, 0x05, 0x01, 0x09, 0x01, 0x0e, 0x01, 0x0f, 0x03, 0x0d, 0x01, 0x0b,
    0x01, 0x0d, 0x01, 0x0b, 0x02, 0x04, 0x01, 0x06, 0x02, 0x0c, 0x01, 0x0d, 0x17, 0x00, 0x13, 0x00, 0x01, 0x0c, 0x01, 0x09,
    0x01, 0x05, 0x01, 0x06, 0x05, 0x0f, 0x01, 0x0b, 0x01, 0x06, 0x01, 0x05, 0x01, 0x06, 0x02, 0x04, 0x02, 0x06, 0x01, 0x0d,
    0x03, 0x0f, 0x01, 0x0e, 0x01, 0x0f, 0x01, 0x09, 0x02, 0x04, 0x01, 0x0a, 0x02, 0x0c, 0x01, 0x0d, 0x17, 0x00, 0x14, 0x00,
    0x01, 0x0d, 0x01, 0x06, 0x01, 0x05, 0x01, 0x06, 0x01, 0x0d, 0x01, 0x0b, 0x01, 0x0f, 0x01, 0x0e, 0x01, 0x09, 0x01, 0x06,
    0x01, 0x09, 0x02, 0x06, 0x03, 0x09, 0x01, 0x0a, 0x01, 0x0f, 0x02, 0x0e, 0x01, 0x0f, 0x01, 0x0e, 0x02, 0x05, 0x01, 0x06,
    0x02, 0x0c, 0x01, 0x0e, 0x18, 0x00, 0x15, 0x00, 0x01, 0x09, 0x02, 0x06, 0x03, 0x09, 0x01, 0x06, 0x05, 0x05, 0x01, 0x06,
    0x01, 0x09, 0x01, 0x06, 0x05, 0x09, 0x02, 0x05, 0x01, 0x06, 0x01, 0x0b, 0x01, 0x0e, 0x01, 0x0c, 0x19, 0x00, 0x16, 0x00,
    0x01, 0x0b, 0x01, 0x0e, 0x01, 0x0f, 0x01, 0x0e, 0x01, 0x09, 0x01, 0x06, 0x04, 0x05, 0x01, 0x06, 0x01, 0x09, 0x02, 0x05,
    0x03, 0x09, 0x01, 0x0e, 0x01, 0x09, 0x01, 0x06, 0x01, 0x0a, 0x01, 0x0d, 0x01, 0x0f, 0x01, 0x0e, 0x01, 0x0d, 0x19, 0x00,
    0x16, 0x00, 0x01, 0x0b, 0x02, 0x0c, 0x01, 0x08, 0x01, 0x0c, 0x01, 0x0b, 0x02, 0x09, 0x02, 0x06, 0x01, 0x09, 0x01, 0x0d,
    0x01, 0x09, 0x01, 0x0d, 0x02, 0x09, 0x01, 0x0b, 0x02, 0x0d, 0x03, 0x0e, 0x03, 0x0c, 0x19, 0x00, 0x16, 0x00, 0x04, 0x08,
    0x02, 0x07, 0x02, 0x08, 0x01, 0x0c, 0x01, 0x08, 0x02, 0x0c, 0x01, 0x0d, 0x01, 0x09, 0x01, 0x05, 0x01, 0x06, 0x01, 0x0c,
    0x01, 0x08, 0x02, 0x0c, 0x05, 0x08, 0x19, 0x00, 0x16, 0x00, 0x03, 0x08, 0x02, 0x07, 0x08, 0x08, 0x01, 0x06, 0x02, 0x05,
    0x01, 0x09, 0x01, 0x08, 0x01, 0x07, 0x01, 0x08, 0x01, 0x07, 0x03, 0x08, 0x01, 0x07, 0x01, 0x08, 0x18, 0x00, 0x15, 0x00,
    0x01, 0x0c, 0x04, 0x08, 0x01, 0x07, 0x08, 0x08, 0x04, 0x05, 0x01, 0x09, 0x04, 0x07, 0x01, 0x08, 0x01, 0x0c, 0x01, 0x08,
    0x01, 0x0c, 0x18, 0x00, 0x15, 0x00, 0x01, 0x0c, 0x02, 0x08, 0x01, 0x07, 0x06, 0x08, 0x01, 0x07, 0x02, 0x08, 0x01, 0x09,
    0x04, 0x05, 0x01, 0x09, 0x04, 0x07, 0x01, 0x08, 0x03, 0x0c, 0x18, 0x00, 0x15, 0x00, 0x02, 0x0c, 0x01, 0x08, 0x01, 0x07,
    0x02, 0x08, 0x01, 0x0c, 0x01, 0x0a, 0x05, 0x08, 0x01, 0x09, 0x01, 0x05, 0x01, 0x06, 0x01, 0x05, 0x01, 0x09, 0x01, 0x0c,
    0x03, 0x07, 0x02, 0x08, 0x03, 0x0c, 0x18, 0x00, 0x15, 0x00, 0x02, 0x0c, 0x03, 0x08, 0x01, 0x07, 0x01, 0x08, 0x01, 0x0c,
    0x04, 0x0d, 0x01, 0x0c, 0x01, 0x08, 0x02, 0x0d, 0x01, 0x09, 0x02, 0x08, 0x02, 0x07, 0x01, 0x08, 0x05, 0x0c, 0x18, 0x00,
    0x16, 0x00, 0x01, 0x0c, 0x01, 0x08, 0x05, 0x07, 0x01, 0x08, 0x01, 0x0c, 0x02, 0x0f, 0x01, 0x0e, 0x01, 0x0c, 0x03, 0x08,
    0x01, 0x07, 0x01, 0x08, 0x03, 0x07, 0x03, 0x08, 0x02, 0x0c, 0x18, 0x00, 0x15, 0x00, 0x01, 0x0b, 0x01, 0x0c, 0x03, 0x08,
    0x03, 0x07, 0x02, 0x08, 0x01, 0x0c, 0x01, 0x0d, 0x01, 0x0f, 0x01, 0x0c, 0x01, 0x08, 0x07, 0x07, 0x02, 0x08, 0x02, 0x0c,
    0x01, 0x0b, 0x01, 0x0a, 0x17, 0x00, 0x15, 0x00, 0x01, 0x06, 0x01, 0x05, 0x01, 0x06, 0x06, 0x08, 0x01, 0x0c, 0x03, 0x0d,
    0x01, 0x0e, 0x01, 0x0c, 0x03, 0x08, 0x01, 0x07, 0x06, 0x08, 0x01, 0x09, 0x01, 0x06, 0x01, 0x09, 0x17, 0x00, 0x16, 0x00,
    0x01, 0x06, 0x05, 0x05, 0x02, 0x06, 0x03, 0x09, 0x01, 0x0d, 0x01, 0x0b, 0x06, 0x08, 0x02, 0x06, 0x01, 0x05, 0x01, 0x04,
    0x01, 0x05, 0x01, 0x09, 0x01, 0x0d, 0x18, 0x00, 0x17, 0x00, 0x01, 0x0e, 0x01, 0x0b, 0x01, 0x09, 0x03, 0x06, 0x01, 0x09,
    0x01, 0x0a, 0x02, 0x0d, 0x01, 0x0f, 0x01, 0x00, 0x02, 0x06, 0x06, 0x05, 0x01, 0x06, 0x01, 0x0a, 0x02, 0x0e, 0x01, 0x0f,
    0x18, 0x00, 0x17, 0x00, 0x01, 0x0f, 0x02, 0x0b, 0x02, 0x0d, 0x01, 0x0e, 0x01, 0x0f, 0x01, 0x0e, 0x03, 0x0f, 0x02, 0x00,
    0x04, 0x0d, 0x01, 0x0b, 0x01, 0x0a, 0x02, 0x0b, 0x01, 0x0e, 0x01, 0x0f, 0x01, 0x0e, 0x01, 0x0f, 0x18, 0x00, 0x17, 0x00,
    0x01, 0x0f, 0x01, 0x0e, 0x01, 0x0d, 0x01, 0x0b, 0x01, 0x0d, 0x01, 0x0e, 0x02, 0x0b, 0x01, 0x0d, 0x03, 0x0e, 0x02, 0x00,
    0x02, 0x0f, 0x01, 0x0d, 0x03, 0x0a, 0x01, 0x0b, 0x01, 0x0d, 0x01, 0x0b, 0x01, 0x0d, 0x01, 0x0e, 0x01, 0x0f, 0x17, 0x00,
    0x17, 0x00, 0x01, 0x0f, 0x01, 0x0e, 0x01, 0x0f, 0x02, 0x0e, 0x01, 0x0b, 0x01, 0x0a, 0x02, 0x0b, 0x01, 0x0d, 0x02, 0x0e,
    0x02, 0x00, 0x01, 0x0e, 0x02, 0x0f, 0x01, 0x0d, 0x02, 0x0b, 0x01, 0x0e, 0x03, 0x0b, 0x01, 0x0d, 0x01, 0x0e, 0x17, 0x00,
    0x18, 0x00, 0x01, 0x0e, 0x02, 0x0b, 0x01, 0x0a, 0x02, 0x0b, 0x01, 0x0a, 0x01, 0x0b, 0x01, 0x0d, 0x02, 0x0e, 0x03, 0x00,
    0x01, 0x0d, 0x04, 0x0e, 0x01, 0x0b, 0x02, 0x0a, 0x01, 0x0b, 0x01, 0x0d, 0x01, 0x0e, 0x17, 0x00, 0x18, 0x00, 0x01, 0x0e,
    0x01, 0x0b, 0x01, 0x0a, 0x02, 0x0b, 0x01, 0x0a, 0x02, 0x0b, 0x02, 0x0e, 0x01, 0x0f, 0x03, 0x00, 0x02, 0x0d, 0x03, 0x0b,
    0x02, 0x0a, 0x02, 0x0b, 0x02, 0x0e, 0x17, 0x00, 0x19, 0x00, 0x01, 0x0e, 0x01, 0x0b, 0x02, 0x0a, 0x02, 0x0b, 0x01, 0x0d,
    0x02, 0x0e, 0x05, 0x00, 0x01, 0x0e, 0x01, 0x0b, 0x01, 0x0a, 0x04, 0x0b, 0x01, 0x0d, 0x01, 0x0f, 0x18, 0x00, 0x19, 0x00,
    0x01, 0x0f, 0x01, 0x0b, 0x02, 0x0a, 0x02, 0x0b, 0x03, 0x0e, 0x05, 0x00, 0x01, 0x0e, 0x01, 0x0d, 0x03, 0x0a, 0x02, 0x0b,
    0x01, 0x0d, 0x01, 0x0e, 0x18, 0x00, 0x18, 0x00, 0x02, 0x0d, 0x02, 0x0b, 0x01, 0x0a, 0x02, 0x0b, 0x01, 0x0d, 0x02, 0x0e,
    0x06, 0x00, 0x01, 0x0e, 0x05, 0x0b, 0x01, 0x0d, 0x01, 0x0e, 0x18, 0x00, 0x17, 0x00, 0x01, 0x0d, 0x02, 0x0b, 0x01, 0x0d,
    0x02, 0x0a, 0x02, 0x0b, 0x01, 0x0d, 0x01, 0x0e, 0x01, 0x0d, 0x06, 0x00, 0x01, 0x0d, 0x01, 0x0b, 0x01, 0x0a, 0x01, 0x0b,
    0x01, 0x0a, 0x01, 0x0b, 0x01, 0x0d, 0x01, 0x0e, 0x18, 0x00, 0x16, 0x00, 0x01, 0x0a, 0x01, 0x0b, 0x02, 0x0d, 0x02, 0x0b,
    0x01, 0x0a, 0x01, 0x0b, 0x01, 0x0d, 0x03, 0x0e, 0x06, 0x00, 0x01, 0x0b, 0x01, 0x0a, 0x04, 0x0b, 0x01, 0x0a, 0x01, 0x0d,
    0x18, 0x00, 0x15, 0x00, 0x01, 0x0b, 0x01, 0x0d, 0x02, 0x0b, 0x03, 0x0a, 0x01, 0x0b, 0x01, 0x0d, 0x04, 0x0e, 0x05, 0x00,
    0x01, 0x0b, 0x01, 0x0a, 0x07, 0x0b, 0x01, 0x0d, 0x17, 0x00, 0x15, 0x00, 0x01, 0x0e, 0x03, 0x0d, 0x03, 0x0b, 0x01, 0x0d,
    0x03, 0x0f, 0x01, 0x0e, 0x06, 0x00, 0x01, 0x0b, 0x01, 0x0a, 0x01, 0x0d, 0x03, 0x0b, 0x01, 0x0a, 0x02, 0x0b, 0x01, 0x0d,
    0x17, 0x00, 0x16, 0x00, 0x01, 0x09, 0x02, 0x0d, 0x01, 0x09, 0x03, 0x0e, 0x0a, 0x00, 0x01, 0x0d, 0x01, 0x0b, 0x01, 0x0d,
    0x02, 0x0b, 0x01, 0x0d, 0x01, 0x0b, 0x01, 0x0e, 0x01, 0x0d, 0x01, 0x0f, 0x17, 0x00, 0x19, 0x00, 0x01, 0x05, 0x0d, 0x00,
    0x01, 0x0e, 0x02, 0x0d, 0x01, 0x0a, 0x01, 0x0b, 0x01, 0x0e, 0x01, 0x0a, 0x02, 0x0e, 0x18, 0x00, 0x2a, 0x00, 0x04, 0x09,
    0x1a, 0x00, 0x48, 0x00, 0x48, 0x00
};
const Frame kWaitingFrames[] PROGMEM = {
    {kWaiting0, 2540, 150},
    {kWaiting1, 2472, 150},
    {kWaiting2, 2602, 150},
    {kWaiting3, 2354, 150},
    {kWaiting4, 2524, 150},
    {kWaiting5, 2426, 260},
};

const uint8_t kRunning0[] PROGMEM = {
    0x48, 0x00, 0x48, 0x00, 0x1e, 0x00, 0x02, 0x02, 0x01, 0x03, 0x01, 0x05, 0x26, 0x00, 0x1d, 0x00, 0x01, 0x03, 0x01, 0x01,
    0x01, 0x02, 0x01, 0x04, 0x27, 0x00, 0x1c, 0x00, 0x01, 0x02, 0x02, 0x01, 0x01, 0x03, 0x28, 0x00, 0x1c, 0x00, 0x01, 0x02,
    0x02, 0x01, 0x02, 0x02, 0x01, 0x03, 0x02, 0x02, 0x01, 0x01, 0x23, 0x00, 0x1c, 0x00, 0x01, 0x02, 0x06, 0x01, 0x02, 0x03,
    0x01, 0x06, 0x02, 0x00, 0x01, 0x0b, 0x01, 0x09, 0x02, 0x0a, 0x1c, 0x00, 0x17, 0x00, 0x01, 0x0a, 0x01, 0x09, 0x01, 0x0a,
    0x01, 0x06, 0x01, 0x02, 0x01, 0x04, 0x01, 0x03, 0x01, 0x01, 0x07, 0x02, 0x01, 0x03, 0x05, 0x09, 0x01, 0x08, 0x1b, 0x00,
    0x16, 0x00, 0x02, 0x09, 0x01, 0x0a, 0x02, 0x0b, 0x01, 0x03, 0x01, 0x02, 0x01, 0x03, 0x01, 0x02, 0x02, 0x01, 0x02, 0x02,
    0x03, 0x01, 0x01, 0x02, 0x01, 0x09, 0x01, 0x0b, 0x02, 0x0a, 0x01, 0x09, 0x01, 0x08, 0x01, 0x0a, 0x1a, 0x00, 0x15, 0x00,
    0x01, 0x0d, 0x01, 0x09, 0x01, 0x0d, 0x01, 0x0e, 0x01, 0x0a, 0x01, 0x03, 0x03, 0x01, 0x01, 0x02, 0x02, 0x01, 0x01, 0x02,
    0x01, 0x01, 0x01, 0x02, 0x01, 0x01, 0x01, 0x02, 0x01, 0x01, 0x01, 0x03, 0x01, 0x0a, 0x02, 0x0f, 0x01, 0x0b, 0x02, 0x0a,
    0x1a, 0x00, 0x15, 0x00, 0x02, 0x0a, 0x01, 0x0e, 0x01, 0x0f, 0x01, 0x04, 0x02, 0x01, 0x01, 0x02, 0x01, 0x01, 0x01, 0x02,
    0x01, 0x01, 0x02, 0x02, 0x01, 0x01, 0x01, 0x02, 0x01, 0x01, 0x02, 0x02, 0x01, 0x01, 0x01, 0x03, 0x01, 0x0e, 0x01, 0x0f,
    0x01, 0x0d, 0x02, 0x0a, 0x1a, 0x00, 0x15, 0x00, 0x01, 0x0b, 0x01, 0x0a, 0x01, 0x0f, 0x01, 0x06, 0x03, 0x02, 0x01, 0x01,
    0x01, 0x02, 0x01, 0x01, 0x01, 0x02, 0x01, 0x01, 0x02, 0x02, 0x01, 0x01, 0x02, 0x02, 0x01, 0x01, 0x01, 0x02, 0x01, 0x01,
    0x01, 0x04, 0x01, 0x0f, 0x02, 0x0a, 0x01, 0x0d, 0x1a, 0x00, 0x15, 0x00, 0x01, 0x0d, 0x02, 0x0b, 0x01, 0x03, 0x01, 0x01,
    0x07, 0x02, 0x03, 0x03, 0x06, 0x02, 0x01, 0x05, 0x01, 0x0f, 0x01, 0x0e, 0x01, 0x0f, 0x06, 0x00, 0x01, 0x06, 0x02, 0x04,
    0x11, 0x00, 0x16, 0x00, 0x01, 0x0f, 0x01, 0x04, 0x01, 0x01, 0x03, 0x03, 0x04, 0x02, 0x01, 0x03, 0x01, 0x02, 0x03, 0x03,
    0x06, 0x02, 0x01, 0x0a, 0x01, 0x0f, 0x07, 0x00, 0x01, 0x05, 0x01, 0x04, 0x01, 0x05, 0x01, 0x09, 0x10, 0x00, 0x16, 0x00,
    0x01, 0x04, 0x01, 0x02, 0x02, 0x03, 0x01, 0x01, 0x02, 0x03, 0x01, 0x01, 0x01, 0x02, 0x01, 0x01, 0x03, 0x02, 0x01, 0x03,
    0x01, 0x05, 0x01, 0x03, 0x01, 0x01, 0x01, 0x02, 0x01, 0x01, 0x01, 0x02, 0x01, 0x01, 0x02, 0x03, 0x06, 0x00, 0x01, 0x05,
    0x01, 0x04, 0x01, 0x05, 0x01, 0x09, 0x01, 0x0d, 0x10, 0x00, 0x15, 0x00, 0x02, 0x03, 0x01, 0x01, 0x01, 0x03, 0x01, 0x04,
    0x02, 0x03, 0x03, 0x02, 0x01, 0x01, 0x01, 0x02, 0x01, 0x05, 0x01, 0x06, 0x03, 0x0d, 0x01, 0x03, 0x01, 0x01, 0x04, 0x02,
    0x01, 0x03, 0x06, 0x00, 0x01, 0x05, 0x01, 0x04, 0x01, 0x09, 0x01, 0x0e, 0x11, 0x00, 0x16, 0x00, 0x01, 0x03, 0x01, 0x01,
    0x01, 0x05, 0x01, 0x0e, 0x01, 0x0f, 0x01, 0x06, 0x04, 0x02, 0x01, 0x03, 0x01, 0x0d, 0x01, 0x0e, 0x02, 0x0d, 0x01, 0x0b,
    0x01, 0x0d, 0x01, 0x03, 0x01, 0x01, 0x03, 0x02, 0x01, 0x04, 0x05, 0x00, 0x02, 0x05, 0x01, 0x06, 0x01, 0x09, 0x12, 0x00,
    0x16, 0x00, 0x02, 0x03, 0x03, 0x0e, 0x01, 0x0d, 0x01, 0x03, 0x01, 0x01, 0x01, 0x02, 0x01, 0x01, 0x01, 0x03, 0x01, 0x0e,
    0x01, 0x0f, 0x01, 0x0b, 0x01, 0x06, 0x01, 0x0d, 0x01, 0x0e, 0x01, 0x05, 0x01, 0x01, 0x04, 0x02, 0x01, 0x03, 0x03, 0x00,
    0x01, 0x09, 0x02, 0x05, 0x01, 0x0d, 0x13, 0x00, 0x15, 0x00, 0x01, 0x04, 0x01, 0x02, 0x01, 0x04, 0x02, 0x0f, 0x01, 0x04,
    0x01, 0x0a, 0x01, 0x03, 0x01, 0x01, 0x01, 0x02, 0x01, 0x01, 0x01, 0x03, 0x01, 0x0e, 0x01, 0x0f, 0x01, 0x0b, 0x01, 0x04,
    0x01, 0x03, 0x01, 0x0e, 0x01, 0x09, 0x04, 0x02, 0x01, 0x03, 0x01, 0x04, 0x03, 0x00, 0x01, 0x06, 0x01, 0x05, 0x01, 0x09,
    0x01, 0x06, 0x13, 0x00, 0x14, 0x00, 0x02, 0x03, 0x01, 0x01, 0x01, 0x04, 0x01, 0x0e, 0x01, 0x0f, 0x02, 0x04, 0x03, 0x03,
    0x01, 0x02, 0x01, 0x01, 0x01, 0x05, 0x02, 0x0e, 0x01, 0x03, 0x01, 0x02, 0x01, 0x0e, 0x01, 0x06, 0x04, 0x02, 0x01, 0x03,
    0x01, 0x04, 0x02, 0x00, 0x01, 0x05, 0x01, 0x04, 0x01, 0x06, 0x01, 0x0e, 0x01, 0x09, 0x13, 0x00, 0x15, 0x00, 0x01, 0x03,
    0x01, 0x01, 0x01, 0x04, 0x01, 0x0b, 0x01, 0x06, 0x01, 0x04, 0x01, 0x03, 0x01, 0x04, 0x01, 0x0f, 0x01, 0x09, 0x03, 0x02,
    0x01, 0x05, 0x01, 0x09, 0x01, 0x05, 0x01, 0x0e, 0x01, 0x0b, 0x01, 0x03, 0x01, 0x01, 0x03, 0x02, 0x01, 0x01, 0x01, 0x03,
    0x01, 0x00, 0x01, 0x06, 0x02, 0x05, 0x01, 0x09, 0x01, 0x0f, 0x01, 0x09, 0x01, 0x05, 0x12, 0x00, 0x14, 0x00, 0x01, 0x03,
    0x01, 0x02, 0x01, 0x01, 0x01, 0x03, 0x01, 0x0d, 0x01, 0x0e, 0x01, 0x04, 0x02, 0x02, 0x01, 0x04, 0x05, 0x02, 0x01, 0x04,
    0x01, 0x05, 0x01, 0x04, 0x01, 0x03, 0x01, 0x01, 0x04, 0x02, 0x01, 0x03, 0x01, 0x04, 0x01, 0x09, 0x02, 0x05, 0x01, 0x09,
    0x01, 0x00, 0x01, 0x0f, 0x01, 0x06, 0x01, 0x04, 0x12, 0x00, 0x15, 0x00, 0x01, 0x04, 0x01, 0x03, 0x01, 0x02, 0x02, 0x03,
    0x03, 0x02, 0x01, 0x01, 0x05, 0x02, 0x03, 0x01, 0x05, 0x02, 0x01, 0x04, 0x01, 0x09, 0x01, 0x00, 0x01, 0x06, 0x01, 0x05,
    0x02, 0x09, 0x01, 0x00, 0x01, 0x09, 0x01, 0x05, 0x01, 0x04, 0x01, 0x05, 0x11, 0x00, 0x15, 0x00, 0x01, 0x06, 0x01, 0x04,
    0x01, 0x02, 0x04, 0x01, 0x01, 0x02, 0x02, 0x03, 0x0a, 0x02, 0x01, 0x03, 0x01, 0x06, 0x01, 0x0f, 0x01, 0x0b, 0x01, 0x09,
    0x02, 0x05, 0x01, 0x09, 0x02, 0x00, 0x01, 0x09, 0x03, 0x04, 0x11, 0x00, 0x16, 0x00, 0x01, 0x06, 0x01, 0x04, 0x01, 0x02,
    0x02, 0x03, 0x02, 0x04, 0x05, 0x02, 0x03, 0x01, 0x02, 0x02, 0x01, 0x03, 0x01, 0x05, 0x01, 0x09, 0x01, 0x0b, 0x01, 0x0a,
    0x01, 0x0b, 0x01, 0x09, 0x01, 0x06, 0x01, 0x09, 0x03, 0x00, 0x01, 0x06, 0x02, 0x04, 0x01, 0x05, 0x11, 0x00, 0x15, 0x00,
    0x01, 0x04, 0x01, 0x09, 0x01, 0x0f, 0x01, 0x06, 0x01, 0x05, 0x01, 0x0a, 0x02, 0x0d, 0x01, 0x03, 0x01, 0x02, 0x01, 0x01,
    0x02, 0x02, 0x04, 0x04, 0x01, 0x09, 0x01, 0x0b, 0x01, 0x09, 0x01, 0x06, 0x01, 0x08, 0x01, 0x0d, 0x01, 0x0f, 0x02, 0x09,
    0x04, 0x00, 0x01, 0x0b, 0x01, 0x06, 0x01, 0x04, 0x01, 0x09, 0x11, 0x00, 0x16, 0x00, 0x01, 0x05, 0x01, 0x0c, 0x01, 0x0f,
    0x01, 0x0e, 0x01, 0x0b, 0x01, 0x0e, 0x01, 0x09, 0x01, 0x06, 0x01, 0x09, 0x01, 0x05, 0x02, 0x06, 0x02, 0x0d, 0x01, 0x0e,
    0x01, 0x0f, 0x01, 0x0a, 0x01, 0x06, 0x01, 0x07, 0x01, 0x0c, 0x01, 0x0f, 0x02, 0x0c, 0x01, 0x0a, 0x01, 0x0d, 0x04, 0x00,
    0x01, 0x0b, 0x01, 0x0a, 0x01, 0x06, 0x12, 0x00, 0x15, 0x00, 0x01, 0x0c, 0x01, 0x0b, 0x01, 0x09, 0x01, 0x0e, 0x03, 0x0a,
    0x01, 0x0b, 0x01, 0x0e, 0x03, 0x0d, 0x03, 0x0e, 0x02, 0x0b, 0x01, 0x06, 0x01, 0x07, 0x01, 0x0c, 0x01, 0x0e, 0x01, 0x0c,
    0x03, 0x07, 0x01, 0x0c, 0x04, 0x00, 0x01, 0x05, 0x14, 0x00, 0x14, 0x00, 0x02, 0x0c, 0x01, 0x0f, 0x01, 0x0e, 0x02, 0x0a,
    0x01, 0x09, 0x01, 0x0a, 0x01, 0x0b, 0x01, 0x0d, 0x02, 0x0f, 0x01, 0x0e, 0x01, 0x0d, 0x01, 0x06, 0x01, 0x04, 0x01, 0x05,
    0x02, 0x09, 0x02, 0x0d, 0x02, 0x08, 0x01, 0x07, 0x01, 0x08, 0x01, 0x0c, 0x01, 0x07, 0x01, 0x0c, 0x02, 0x00, 0x01, 0x09,
    0x02, 0x03, 0x13, 0x00, 0x13, 0x00, 0x02, 0x07, 0x01, 0x0c, 0x01, 0x0e, 0x01, 0x0f, 0x03, 0x0b, 0x03, 0x0a, 0x01, 0x09,
    0x01, 0x05, 0x01, 0x04, 0x02, 0x03, 0x01, 0x04, 0x01, 0x06, 0x02, 0x09, 0x01, 0x0c, 0x02, 0x08, 0x03, 0x07, 0x01, 0x08,
    0x01, 0x07, 0x01, 0x08, 0x02, 0x00, 0x02, 0x05, 0x01, 0x04, 0x13, 0x00, 0x12, 0x00, 0x01, 0x0c, 0x01, 0x08, 0x02, 0x0c,
    0x01, 0x0d, 0x01, 0x0a, 0x01, 0x0b, 0x01, 0x0a, 0x01, 0x0b, 0x01, 0x0a, 0x01, 0x0b, 0x01, 0x0f, 0x01, 0x05, 0x01, 0x03,
    0x01, 0x02, 0x01, 0x01, 0x01, 0x03, 0x03, 0x06, 0x01, 0x07, 0x02, 0x0c, 0x02, 0x08, 0x05, 0x07, 0x01, 0x0c, 0x01, 0x00,
    0x03, 0x04, 0x13, 0x00, 0x12, 0x00, 0x01, 0x0c, 0x02, 0x06, 0x01, 0x0b, 0x02, 0x0a, 0x01, 0x0b, 0x01, 0x0a, 0x01, 0x0b,
    0x01, 0x0a, 0x01, 0x0e, 0x01, 0x09, 0x01, 0x04, 0x01, 0x02, 0x01, 0x01, 0x01, 0x03, 0x02, 0x05, 0x01, 0x06, 0x01, 0x08,
    0x01, 0x0c, 0x01, 0x0e, 0x01, 0x0c, 0x01, 0x08, 0x05, 0x07, 0x01, 0x08, 0x01, 0x0e, 0x17, 0x00, 0x11, 0x00, 0x01, 0x0c,
    0x01, 0x04, 0x01, 0x05, 0x01, 0x0b, 0x03, 0x0a, 0x03, 0x0b, 0x02, 0x0e, 0x01, 0x04, 0x01, 0x03, 0x01, 0x01, 0x01, 0x03,
    0x03, 0x05, 0x01, 0x06, 0x01, 0x07, 0x02, 0x0c, 0x01, 0x07, 0x01, 0x08, 0x01, 0x0c, 0x05, 0x08, 0x01, 0x0c, 0x17, 0x00,
    0x10, 0x00, 0x01, 0x0f, 0x01, 0x06, 0x01, 0x04, 0x01, 0x0b, 0x04, 0x0a, 0x01, 0x0b, 0x01, 0x0d, 0x02, 0x0f, 0x01, 0x05,
    0x01, 0x04, 0x01, 0x02, 0x01, 0x03, 0x01, 0x05, 0x01, 0x04, 0x02, 0x05, 0x01, 0x06, 0x01, 0x0c, 0x01, 0x0e, 0x03, 0x0c,
    0x02, 0x07, 0x03, 0x08, 0x01, 0x0c, 0x01, 0x0d, 0x17, 0x00, 0x10, 0x00, 0x01, 0x08, 0x01, 0x04, 0x01, 0x05, 0x01, 0x0d,
    0x05, 0x0b, 0x01, 0x0d, 0x01, 0x0f, 0x01, 0x06, 0x01, 0x04, 0x01, 0x03, 0x01, 0x04, 0x05, 0x05, 0x02, 0x06, 0x01, 0x08,
    0x02, 0x0c, 0x01, 0x08, 0x03, 0x07, 0x02, 0x08, 0x01, 0x0c, 0x01, 0x0f, 0x17, 0x00, 0x10, 0x00, 0x01, 0x07, 0x01, 0x04,
    0x01, 0x05, 0x01, 0x0d, 0x04, 0x0b, 0x01, 0x0d, 0x02, 0x0f, 0x01, 0x05, 0x02, 0x04, 0x01, 0x05, 0x01, 0x04, 0x03, 0x05,
    0x01, 0x06, 0x01, 0x05, 0x03, 0x04, 0x01, 0x08, 0x02, 0x0c, 0x01, 0x07, 0x02, 0x08, 0x02, 0x0c, 0x01, 0x0d, 0x17, 0x00,
    0x10, 0x00, 0x01, 0x0c, 0x02, 0x05, 0x01, 0x0e, 0x03, 0x0b, 0x01, 0x0e, 0x03, 0x0f, 0x01, 0x0b, 0x02, 0x09, 0x02, 0x06,
    0x02, 0x09, 0x01, 0x0a, 0x02, 0x0b, 0x01, 0x05, 0x03, 0x04, 0x03, 0x08, 0x01, 0x07, 0x01, 0x08, 0x01, 0x0c, 0x01, 0x0e,
    0x18, 0x00, 0x10, 0x00, 0x01, 0x0f, 0x01, 0x06, 0x01, 0x04, 0x01, 0x0a, 0x01, 0x0e, 0x01, 0x0d, 0x01, 0x0e, 0x03, 0x0f,
    0x01, 0x0a, 0x03, 0x09, 0x01, 0x0b, 0x01, 0x09, 0x01, 0x0a, 0x02, 0x09, 0x01, 0x0a, 0x01, 0x09, 0x01, 0x0d, 0x01, 0x05,
    0x02, 0x04, 0x01, 0x05, 0x03, 0x08, 0x02, 0x0c, 0x01, 0x0f, 0x18, 0x00, 0x11, 0x00, 0x01, 0x09, 0x01, 0x04, 0x01, 0x05,
    0x01, 0x0e, 0x04, 0x0f, 0x01, 0x0e, 0x03, 0x09, 0x01, 0x0a, 0x01, 0x09, 0x04, 0x0a, 0x01, 0x0b, 0x01, 0x0a, 0x01, 0x0b,
    0x01, 0x09, 0x03, 0x04, 0x01, 0x08, 0x02, 0x07, 0x01, 0x0c, 0x02, 0x0d, 0x18, 0x00, 0x12, 0x00, 0x01, 0x09, 0x02, 0x06,
    0x01, 0x09, 0x01, 0x0a, 0x01, 0x09, 0x01, 0x0b, 0x01, 0x0e, 0x01, 0x0b, 0x01, 0x09, 0x06, 0x0a, 0x02, 0x0b, 0x02, 0x0a,
    0x01, 0x0d, 0x01, 0x05, 0x02, 0x04, 0x01, 0x06, 0x02, 0x08, 0x01, 0x0c, 0x01, 0x0d, 0x01, 0x0c, 0x18, 0x00, 0x12, 0x00,
    0x01, 0x09, 0x01, 0x06, 0x01, 0x09, 0x01, 0x0a, 0x01, 0x0b, 0x01, 0x0a, 0x01, 0x0d, 0x01, 0x0e, 0x01, 0x0a, 0x01, 0x09,
    0x02, 0x0a, 0x04, 0x0b, 0x01, 0x0a, 0x02, 0x0b, 0x01, 0x0a, 0x01, 0x0e, 0x01, 0x09, 0x02, 0x04, 0x01, 0x09, 0x02, 0x0c,
    0x02, 0x0e, 0x19, 0x00, 0x14, 0x00, 0x01, 0x0f, 0x02, 0x0e, 0x01, 0x09, 0x02, 0x0d, 0x02, 0x0f, 0x02, 0x0e, 0x02, 0x0f,
    0x04, 0x0d, 0x02, 0x0e, 0x01, 0x0f, 0x01, 0x0b, 0x02, 0x05, 0x01, 0x0a, 0x04, 0x0e, 0x19, 0x00, 0x14, 0x00, 0x02, 0x09,
    0x01, 0x0b, 0x03, 0x09, 0x02, 0x0f, 0x01, 0x0d, 0x02, 0x0e, 0x08, 0x0f, 0x01, 0x0a, 0x01, 0x05, 0x01, 0x06, 0x03, 0x0e,
    0x01, 0x0b, 0x01, 0x0d, 0x19, 0x00, 0x15, 0x00, 0x01, 0x09, 0x01, 0x0e, 0x01, 0x0b, 0x06, 0x06, 0x01, 0x09, 0x01, 0x0d,
    0x02, 0x09, 0x01, 0x0e, 0x02, 0x0f, 0x01, 0x0e, 0x01, 0x0d, 0x01, 0x06, 0x01, 0x09, 0x01, 0x0d, 0x01, 0x0f, 0x01, 0x0e,
    0x01, 0x0d, 0x02, 0x0c, 0x19, 0x00, 0x15, 0x00, 0x02, 0x0d, 0x01, 0x0c, 0x01, 0x0b, 0x01, 0x0a, 0x01, 0x06, 0x01, 0x09,
    0x02, 0x06, 0x01, 0x09, 0x01, 0x0d, 0x02, 0x09, 0x02, 0x0d, 0x01, 0x0e, 0x01, 0x0d, 0x02, 0x0a, 0x01, 0x0f, 0x01, 0x0e,
    0x01, 0x0d, 0x01, 0x0c, 0x02, 0x0d, 0x01, 0x0c, 0x19, 0x00, 0x15, 0x00, 0x01, 0x0a, 0x02, 0x08, 0x01, 0x07, 0x02, 0x08,
    0x06, 0x0c, 0x01, 0x0e, 0x03, 0x09, 0x01, 0x0e, 0x03, 0x0d, 0x01, 0x0b, 0x01, 0x09, 0x01, 0x0d, 0x01, 0x0c, 0x01, 0x0d,
    0x02, 0x0c, 0x18, 0x00, 0x14, 0x00, 0x01, 0x0a, 0x02, 0x08, 0x03, 0x07, 0x04, 0x08, 0x02, 0x07, 0x01, 0x08, 0x01, 0x09,
    0x03, 0x06, 0x01, 0x0d, 0x02, 0x0c, 0x02, 0x0d, 0x02, 0x09, 0x04, 0x0c, 0x18, 0x00, 0x14, 0x00, 0x01, 0x0c, 0x01, 0x07,
    0x02, 0x08, 0x02, 0x07, 0x07, 0x08, 0x04, 0x05, 0x01, 0x06, 0x01, 0x0a, 0x01, 0x08, 0x02, 0x0c, 0x01, 0x08, 0x01, 0x06,
    0x01, 0x08, 0x03, 0x0c, 0x18, 0x00, 0x14, 0x00, 0x02, 0x08, 0x01, 0x07, 0x07, 0x08, 0x01, 0x07, 0x01, 0x08, 0x01, 0x06,
    0x05, 0x05, 0x01, 0x0a, 0x03, 0x07, 0x01, 0x08, 0x01, 0x0c, 0x01, 0x09, 0x01, 0x0a, 0x01, 0x0c, 0x01, 0x0d, 0x18, 0x00,
    0x14, 0x00, 0x05, 0x08, 0x02, 0x0c, 0x05, 0x08, 0x01, 0x06, 0x05, 0x05, 0x01, 0x0b, 0x04, 0x08, 0x01, 0x0c, 0x02, 0x08,
    0x02, 0x0c, 0x18, 0x00, 0x14, 0x00, 0x01, 0x07, 0x05, 0x08, 0x01, 0x0c, 0x02, 0x0d, 0x03, 0x0c, 0x01, 0x09, 0x02, 0x06,
    0x01, 0x09, 0x01, 0x05, 0x01, 0x0a, 0x01, 0x0c, 0x04, 0x08, 0x01, 0x07, 0x02, 0x08, 0x02, 0x0c, 0x18, 0x00, 0x14, 0x00,
    0x07, 0x08, 0x01, 0x0c, 0x01, 0x0d, 0x01, 0x0e, 0x04, 0x0f, 0x01, 0x0e, 0x01, 0x0b, 0x01, 0x09, 0x01, 0x0c, 0x02, 0x08,
    0x03, 0x07, 0x03, 0x08, 0x02, 0x0d, 0x01, 0x0a, 0x17, 0x00, 0x13, 0x00, 0x01, 0x09, 0x04, 0x08, 0x01, 0x07, 0x03, 0x08,
    0x01, 0x0c, 0x01, 0x0d, 0x02, 0x0e, 0x02, 0x0f, 0x03, 0x0c, 0x02, 0x07, 0x07, 0x08, 0x01, 0x09, 0x01, 0x06, 0x01, 0x09,
    0x17, 0x00, 0x13, 0x00, 0x01, 0x06, 0x02, 0x05, 0x01, 0x06, 0x05, 0x08, 0x01, 0x0c, 0x02, 0x0d, 0x02, 0x0e, 0x02, 0x0d,
    0x01, 0x0c, 0x06, 0x08, 0x01, 0x06, 0x01, 0x05, 0x02, 0x04, 0x01, 0x06, 0x01, 0x0a, 0x01, 0x0b, 0x17, 0x00, 0x14, 0x00,
    0x01, 0x09, 0x03, 0x05, 0x01, 0x04, 0x02, 0x05, 0x01, 0x06, 0x01, 0x0a, 0x01, 0x09, 0x01, 0x0a, 0x01, 0x09, 0x01, 0x0a,
    0x01, 0x00, 0x01, 0x09, 0x01, 0x06, 0x01, 0x05, 0x05, 0x04, 0x02, 0x05, 0x01, 0x06, 0x01, 0x0a, 0x03, 0x0f, 0x17, 0x00,
    0x14, 0x00, 0x01, 0x0e, 0x02, 0x0d, 0x01, 0x09, 0x03, 0x06, 0x02, 0x09, 0x01, 0x0a, 0x01, 0x0b, 0x01, 0x0d, 0x03, 0x00,
    0x01, 0x09, 0x02, 0x06, 0x01, 0x09, 0x01, 0x06, 0x02, 0x09, 0x01, 0x0a, 0x01, 0x0b, 0x01, 0x0d, 0x02, 0x0f, 0x01, 0x0e,
    0x01, 0x0f, 0x17, 0x00, 0x14, 0x00, 0x01, 0x0f, 0x01, 0x0d, 0x01, 0x0b, 0x02, 0x0d, 0x01, 0x0e, 0x06, 0x0f, 0x04, 0x00,
    0x01, 0x0f, 0x02, 0x0e, 0x01, 0x0d, 0x01, 0x0b, 0x03, 0x0a, 0x01, 0x0b, 0x01, 0x0e, 0x01, 0x0d, 0x01, 0x0f, 0x01, 0x0e,
    0x17, 0x00, 0x14, 0x00, 0x03, 0x0f, 0x01, 0x0d, 0x01, 0x0e, 0x01, 0x0f, 0x01, 0x0e, 0x01, 0x0d, 0x01, 0x0e, 0x03, 0x0f,
    0x05, 0x00, 0x01, 0x0d, 0x01, 0x0e, 0x01, 0x0d, 0x03, 0x0a, 0x01, 0x0d, 0x01, 0x0e, 0x02, 0x0b, 0x01, 0x0d, 0x02, 0x0e,
    0x16, 0x00, 0x15, 0x00, 0x01, 0x0e, 0x03, 0x0f, 0x01, 0x0e, 0x03, 0x0d, 0x01, 0x0e, 0x01, 0x0f, 0x01, 0x0e, 0x05, 0x00,
    0x02, 0x0e, 0x01, 0x0f, 0x01, 0x0e, 0x01, 0x0d, 0x01, 0x0e, 0x01, 0x0f, 0x01, 0x0e, 0x03, 0x0b, 0x01, 0x0d, 0x01, 0x0e,
    0x16, 0x00, 0x15, 0x00, 0x01, 0x0e, 0x07, 0x0d, 0x01, 0x0e, 0x02, 0x0f, 0x05, 0x00, 0x02, 0x0d, 0x01, 0x0e, 0x02, 0x0f,
    0x01, 0x0e, 0x01, 0x0d, 0x03, 0x0b, 0x01, 0x0d, 0x02, 0x0f, 0x16, 0x00, 0x16, 0x00, 0x01, 0x0f, 0x05, 0x0d, 0x01, 0x0e,
    0x03, 0x0f, 0x06, 0x00, 0x02, 0x0e, 0x04, 0x0b, 0x01, 0x0a, 0x01, 0x0d, 0x01, 0x0b, 0x01, 0x0e, 0x01, 0x0f, 0x17, 0x00,
    0x16, 0x00, 0x01, 0x0f, 0x01, 0x0e, 0x04, 0x0d, 0x01, 0x0e, 0x02, 0x0f, 0x08, 0x00, 0x01, 0x0e, 0x01, 0x0d, 0x04, 0x0b,
    0x01, 0x0d, 0x01, 0x0b, 0x01, 0x0e, 0x01, 0x0f, 0x17, 0x00, 0x16, 0x00, 0x01, 0x0e, 0x01, 0x0d, 0x02, 0x0e, 0x03, 0x0d,
    0x03, 0x0f, 0x07, 0x00, 0x01, 0x0f, 0x01, 0x0e, 0x01, 0x0d, 0x02, 0x0b, 0x01, 0x0d, 0x01, 0x0b, 0x01, 0x0d, 0x01, 0x0e,
    0x01, 0x0f, 0x17, 0x00, 0x14, 0x00, 0x02, 0x0e, 0x06, 0x0d, 0x01, 0x0e, 0x01, 0x0f, 0x02, 0x0e, 0x07, 0x00, 0x01, 0x0f,
    0x01, 0x0e, 0x01, 0x0b, 0x01, 0x0a, 0x03, 0x0b, 0x01, 0x0d, 0x01, 0x0e, 0x01, 0x0f, 0x17, 0x00, 0x13, 0x00, 0x01, 0x0a,
    0x02, 0x0d, 0x02, 0x0e, 0x02, 0x0d, 0x01, 0x0b, 0x01, 0x0d, 0x01, 0x0e, 0x01, 0x0f, 0x01, 0x0e, 0x01, 0x0f, 0x07, 0x00,
    0x01, 0x0e, 0x01, 0x0b, 0x03, 0x0a, 0x02, 0x0b, 0x01, 0x0a, 0x01, 0x0d, 0x01, 0x0f, 0x17, 0x00, 0x13, 0x00, 0x01, 0x0b,
    0x01, 0x0d, 0x01, 0x0e, 0x01, 0x0d, 0x02, 0x0b, 0x01, 0x0d, 0x01, 0x0e, 0x03, 0x0f, 0x01, 0x0e, 0x01, 0x0f, 0x07, 0x00,
    0x01, 0x0b, 0x01, 0x0a, 0x01, 0x0d, 0x01, 0x0a, 0x02, 0x0b, 0x01, 0x0a, 0x01, 0x0b, 0x01, 0x0a, 0x01, 0x0d, 0x17, 0x00,
    0x13, 0x00, 0x01, 0x0e, 0x01, 0x0d, 0x01, 0x0e, 0x02, 0x0d, 0x02, 0x0e, 0x05, 0x0f, 0x07, 0x00, 0x01, 0x0d, 0x01, 0x0a,
    0x02, 0x0b, 0x01, 0x09, 0x01, 0x0b, 0x01, 0x0a, 0x01, 0x09, 0x01, 0x0b, 0x01, 0x0a, 0x01, 0x0d, 0x17, 0x00, 0x14, 0x00,
    0x01, 0x09, 0x01, 0x0d, 0x01, 0x0a, 0x01, 0x09, 0x03, 0x0f, 0x0b, 0x00, 0x01, 0x0e, 0x01, 0x09, 0x01, 0x0e, 0x01, 0x0d,
    0x01, 0x0a, 0x01, 0x0e, 0x02, 0x0d, 0x01, 0x0e, 0x01, 0x0a, 0x01, 0x0f, 0x17, 0x00, 0x27, 0x00, 0x01, 0x0b, 0x01, 0x0e,
    0x02, 0x09, 0x01, 0x0f, 0x01, 0x09, 0x01, 0x0a, 0x01, 0x0f, 0x01, 0x0b, 0x18, 0x00, 0x2a, 0x00, 0x01, 0x09, 0x01, 0x00,
    0x01, 0x09, 0x1b, 0x00, 0x48, 0x00, 0x48, 0x00
};
const uint8_t kRunning1[] PROGMEM = {
    0x48, 0x00, 0x48, 0x00, 0x48, 0x00, 0x48, 0x00, 0x21, 0x00, 0x01, 0x03, 0x01, 0x02, 0x01, 0x01, 0x01, 0x03, 0x01, 0x04,
    0x22, 0x00, 0x20, 0x00, 0x03, 0x01, 0x01, 0x02, 0x24, 0x00, 0x20, 0x00, 0x03, 0x01, 0x01, 0x03, 0x01, 0x05, 0x01, 0x03,
    0x22, 0x00, 0x1f, 0x00, 0x01, 0x02, 0x04, 0x01, 0x01, 0x03, 0x01, 0x02, 0x01, 0x01, 0x01, 0x02, 0x20, 0x00, 0x1b, 0x00,
    0x02, 0x0a, 0x01, 0x09, 0x01, 0x06, 0x01, 0x02, 0x01, 0x03, 0x02, 0x01, 0x01, 0x02, 0x02, 0x01, 0x01, 0x02, 0x02, 0x03,
    0x01, 0x04, 0x02, 0x00, 0x01, 0x09, 0x01, 0x0a, 0x1a, 0x00, 0x1a, 0x00, 0x01, 0x09, 0x02, 0x0a, 0x01, 0x0e, 0x01, 0x06,
    0x01, 0x02, 0x02, 0x03, 0x06, 0x02, 0x01, 0x01, 0x01, 0x02, 0x01, 0x04, 0x01, 0x0a, 0x01, 0x09, 0x01, 0x0a, 0x01, 0x09,
    0x19, 0x00, 0x19, 0x00, 0x02, 0x0a, 0x02, 0x0f, 0x01, 0x06, 0x01, 0x03, 0x06, 0x01, 0x01, 0x02, 0x03, 0x01, 0x01, 0x02,
    0x01, 0x09, 0x04, 0x0a, 0x01, 0x0b, 0x18, 0x00, 0x19, 0x00, 0x01, 0x09, 0x01, 0x0a, 0x02, 0x0f, 0x01, 0x03, 0x01, 0x01,
    0x01, 0x02, 0x01, 0x01, 0x01, 0x02, 0x06, 0x01, 0x01, 0x02, 0x01, 0x01, 0x01, 0x03, 0x01, 0x0e, 0x01, 0x0f, 0x01, 0x0e,
    0x03, 0x0a, 0x17, 0x00, 0x19, 0x00, 0x02, 0x0d, 0x01, 0x0f, 0x01, 0x03, 0x0b, 0x01, 0x01, 0x02, 0x02, 0x01, 0x01, 0x05,
    0x02, 0x0f, 0x02, 0x0a, 0x01, 0x0b, 0x05, 0x00, 0x01, 0x05, 0x02, 0x04, 0x0f, 0x00, 0x18, 0x00, 0x01, 0x06, 0x01, 0x09,
    0x01, 0x0d, 0x01, 0x04, 0x01, 0x01, 0x01, 0x02, 0x04, 0x01, 0x02, 0x02, 0x01, 0x01, 0x01, 0x02, 0x02, 0x01, 0x02, 0x02,
    0x01, 0x01, 0x01, 0x02, 0x01, 0x0a, 0x01, 0x0f, 0x01, 0x0a, 0x01, 0x0b, 0x01, 0x0d, 0x05, 0x00, 0x01, 0x05, 0x01, 0x04,
    0x01, 0x05, 0x01, 0x09, 0x0e, 0x00, 0x17, 0x00, 0x02, 0x09, 0x01, 0x0d, 0x01, 0x0b, 0x01, 0x03, 0x01, 0x01, 0x06, 0x02,
    0x01, 0x01, 0x01, 0x02, 0x02, 0x01, 0x04, 0x02, 0x01, 0x01, 0x01, 0x04, 0x01, 0x0e, 0x01, 0x0b, 0x01, 0x0e, 0x05, 0x00,
    0x01, 0x06, 0x02, 0x05, 0x02, 0x09, 0x0e, 0x00, 0x16, 0x00, 0x02, 0x09, 0x01, 0x0b, 0x01, 0x09, 0x01, 0x04, 0x01, 0x01,
    0x03, 0x03, 0x01, 0x02, 0x01, 0x01, 0x02, 0x02, 0x04, 0x03, 0x01, 0x01, 0x04, 0x02, 0x01, 0x01, 0x01, 0x06, 0x02, 0x0f,
    0x05, 0x00, 0x01, 0x05, 0x01, 0x04, 0x01, 0x06, 0x01, 0x0d, 0x0f, 0x00, 0x15, 0x00, 0x01, 0x06, 0x02, 0x09, 0x01, 0x0a,
    0x01, 0x05, 0x01, 0x02, 0x02, 0x03, 0x01, 0x01, 0x01, 0x03, 0x01, 0x02, 0x01, 0x01, 0x03, 0x02, 0x01, 0x01, 0x01, 0x02,
    0x02, 0x03, 0x01, 0x01, 0x01, 0x02, 0x02, 0x01, 0x02, 0x02, 0x01, 0x04, 0x05, 0x00, 0x03, 0x05, 0x01, 0x0b, 0x10, 0x00,
    0x14, 0x00, 0x02, 0x06, 0x01, 0x0b, 0x01, 0x0f, 0x02, 0x09, 0x01, 0x02, 0x01, 0x04, 0x01, 0x06, 0x01, 0x04, 0x01, 0x03,
    0x01, 0x01, 0x02, 0x02, 0x01, 0x01, 0x01, 0x03, 0x01, 0x04, 0x01, 0x05, 0x01, 0x0d, 0x01, 0x0a, 0x01, 0x03, 0x01, 0x01,
    0x01, 0x02, 0x01, 0x01, 0x02, 0x02, 0x01, 0x03, 0x01, 0x04, 0x03, 0x00, 0x01, 0x09, 0x02, 0x05, 0x01, 0x09, 0x11, 0x00,
    0x14, 0x00, 0x01, 0x09, 0x01, 0x06, 0x01, 0x09, 0x02, 0x0f, 0x01, 0x05, 0x01, 0x02, 0x01, 0x09, 0x01, 0x0e, 0x01, 0x0f,
    0x01, 0x05, 0x01, 0x01, 0x02, 0x02, 0x01, 0x01, 0x01, 0x04, 0x01, 0x0f, 0x01, 0x0e, 0x01, 0x0d, 0x02, 0x0b, 0x01, 0x03,
    0x01, 0x01, 0x03, 0x02, 0x01, 0x03, 0x01, 0x04, 0x03, 0x00, 0x01, 0x06, 0x01, 0x05, 0x01, 0x09, 0x01, 0x06, 0x01, 0x05,
    0x10, 0x00, 0x13, 0x00, 0x04, 0x09, 0x01, 0x0d, 0x01, 0x0f, 0x01, 0x04, 0x01, 0x03, 0x02, 0x0f, 0x01, 0x0a, 0x01, 0x0d,
    0x01, 0x03, 0x02, 0x02, 0x01, 0x01, 0x01, 0x05, 0x01, 0x0f, 0x01, 0x0d, 0x01, 0x09, 0x01, 0x0e, 0x01, 0x0f, 0x01, 0x06,
    0x01, 0x01, 0x03, 0x02, 0x01, 0x01, 0x01, 0x03, 0x02, 0x00, 0x01, 0x06, 0x01, 0x04, 0x01, 0x05, 0x01, 0x0d, 0x01, 0x09,
    0x01, 0x06, 0x10, 0x00, 0x12, 0x00, 0x02, 0x06, 0x03, 0x09, 0x01, 0x0d, 0x01, 0x06, 0x01, 0x02, 0x01, 0x03, 0x02, 0x0f,
    0x01, 0x05, 0x01, 0x06, 0x01, 0x03, 0x01, 0x01, 0x01, 0x02, 0x01, 0x01, 0x01, 0x05, 0x01, 0x0f, 0x01, 0x0d, 0x01, 0x04,
    0x01, 0x03, 0x01, 0x0d, 0x01, 0x09, 0x03, 0x02, 0x01, 0x01, 0x01, 0x03, 0x01, 0x04, 0x02, 0x00, 0x02, 0x05, 0x01, 0x09,
    0x01, 0x0e, 0x01, 0x0b, 0x01, 0x06, 0x10, 0x00, 0x11, 0x00, 0x01, 0x09, 0x01, 0x06, 0x04, 0x09, 0x01, 0x0a, 0x01, 0x0b,
    0x02, 0x03, 0x01, 0x0b, 0x01, 0x09, 0x01, 0x05, 0x01, 0x04, 0x02, 0x03, 0x01, 0x02, 0x01, 0x01, 0x01, 0x03, 0x01, 0x0d,
    0x01, 0x0f, 0x01, 0x04, 0x01, 0x02, 0x01, 0x0d, 0x01, 0x06, 0x05, 0x02, 0x01, 0x03, 0x01, 0x00, 0x01, 0x06, 0x01, 0x05,
    0x01, 0x06, 0x01, 0x09, 0x01, 0x00, 0x01, 0x09, 0x02, 0x04, 0x0f, 0x00, 0x10, 0x00, 0x02, 0x06, 0x04, 0x09, 0x01, 0x0a,
    0x01, 0x0f, 0x01, 0x05, 0x01, 0x02, 0x01, 0x03, 0x01, 0x0a, 0x01, 0x0e, 0x01, 0x05, 0x01, 0x03, 0x01, 0x09, 0x01, 0x0f,
    0x01, 0x04, 0x02, 0x01, 0x01, 0x04, 0x01, 0x09, 0x01, 0x04, 0x02, 0x0b, 0x01, 0x03, 0x01, 0x01, 0x03, 0x02, 0x02, 0x03,
    0x01, 0x06, 0x02, 0x05, 0x01, 0x09, 0x01, 0x00, 0x01, 0x09, 0x01, 0x06, 0x02, 0x04, 0x0f, 0x00, 0x0f, 0x00, 0x01, 0x04,
    0x07, 0x09, 0x01, 0x0f, 0x01, 0x05, 0x01, 0x03, 0x01, 0x01, 0x03, 0x03, 0x01, 0x01, 0x02, 0x03, 0x01, 0x01, 0x02, 0x02,
    0x01, 0x01, 0x01, 0x03, 0x02, 0x04, 0x01, 0x03, 0x01, 0x01, 0x02, 0x02, 0x01, 0x01, 0x01, 0x03, 0x01, 0x05, 0x01, 0x0d,
    0x01, 0x09, 0x01, 0x05, 0x01, 0x09, 0x02, 0x00, 0x01, 0x06, 0x01, 0x05, 0x02, 0x04, 0x0f, 0x00, 0x0e, 0x00, 0x02, 0x04,
    0x01, 0x0b, 0x03, 0x09, 0x01, 0x0a, 0x01, 0x09, 0x01, 0x0a, 0x01, 0x0e, 0x01, 0x0f, 0x01, 0x04, 0x01, 0x02, 0x02, 0x01,
    0x02, 0x02, 0x01, 0x01, 0x05, 0x02, 0x03, 0x01, 0x02, 0x02, 0x01, 0x01, 0x01, 0x02, 0x01, 0x03, 0x01, 0x06, 0x01, 0x0e,
    0x01, 0x09, 0x01, 0x05, 0x01, 0x06, 0x01, 0x0d, 0x02, 0x00, 0x01, 0x0a, 0x01, 0x06, 0x02, 0x04, 0x01, 0x05, 0x0e, 0x00,
    0x0e, 0x00, 0x01, 0x05, 0x01, 0x04, 0x01, 0x06, 0x01, 0x0b, 0x01, 0x09, 0x03, 0x0a, 0x01, 0x0d, 0x01, 0x0f, 0x01, 0x0d,
    0x01, 0x0e, 0x01, 0x05, 0x02, 0x02, 0x01, 0x01, 0x01, 0x02, 0x03, 0x03, 0x06, 0x02, 0x01, 0x01, 0x01, 0x02, 0x01, 0x03,
    0x01, 0x04, 0x02, 0x0b, 0x01, 0x0a, 0x01, 0x0e, 0x01, 0x06, 0x01, 0x0a, 0x03, 0x00, 0x01, 0x0d, 0x01, 0x0a, 0x01, 0x05,
    0x01, 0x06, 0x0f, 0x00, 0x0e, 0x00, 0x01, 0x05, 0x02, 0x04, 0x01, 0x09, 0x01, 0x0b, 0x02, 0x0a, 0x01, 0x0b, 0x01, 0x0f,
    0x02, 0x0d, 0x01, 0x09, 0x01, 0x0f, 0x01, 0x09, 0x01, 0x04, 0x02, 0x03, 0x05, 0x01, 0x01, 0x02, 0x03, 0x03, 0x01, 0x04,
    0x01, 0x05, 0x01, 0x0a, 0x01, 0x09, 0x01, 0x07, 0x01, 0x0c, 0x01, 0x0f, 0x01, 0x0d, 0x01, 0x0a, 0x04, 0x00, 0x01, 0x06,
    0x01, 0x09, 0x11, 0x00, 0x0e, 0x00, 0x01, 0x0c, 0x01, 0x05, 0x02, 0x04, 0x01, 0x05, 0x01, 0x09, 0x01, 0x0d, 0x01, 0x0f,
    0x01, 0x0b, 0x01, 0x09, 0x01, 0x0f, 0x01, 0x0b, 0x01, 0x08, 0x02, 0x0f, 0x01, 0x0d, 0x01, 0x06, 0x03, 0x04, 0x01, 0x03,
    0x01, 0x04, 0x01, 0x06, 0x02, 0x09, 0x01, 0x0d, 0x01, 0x0f, 0x01, 0x0e, 0x01, 0x06, 0x01, 0x08, 0x01, 0x0e, 0x01, 0x0d,
    0x01, 0x08, 0x02, 0x07, 0x01, 0x08, 0x01, 0x0c, 0x03, 0x00, 0x01, 0x04, 0x11, 0x00, 0x0e, 0x00, 0x01, 0x07, 0x01, 0x08,
    0x04, 0x04, 0x01, 0x05, 0x02, 0x06, 0x01, 0x0d, 0x01, 0x0f, 0x01, 0x0e, 0x01, 0x06, 0x01, 0x0c, 0x01, 0x0f, 0x04, 0x0e,
    0x01, 0x0d, 0x01, 0x0b, 0x02, 0x0d, 0x02, 0x0e, 0x02, 0x0d, 0x01, 0x09, 0x01, 0x08, 0x01, 0x0e, 0x01, 0x0c, 0x07, 0x07,
    0x02, 0x00, 0x02, 0x04, 0x10, 0x00, 0x0e, 0x00, 0x02, 0x07, 0x01, 0x08, 0x01, 0x05, 0x01, 0x04, 0x01, 0x05, 0x02, 0x06,
    0x01, 0x0b, 0x01, 0x0e, 0x01, 0x0d, 0x01, 0x0f, 0x02, 0x0d, 0x01, 0x0e, 0x02, 0x06, 0x04, 0x0d, 0x01, 0x0e, 0x01, 0x0d,
    0x01, 0x06, 0x02, 0x05, 0x02, 0x09, 0x02, 0x0c, 0x08, 0x07, 0x01, 0x08, 0x01, 0x05, 0x02, 0x06, 0x10, 0x00, 0x0e, 0x00,
    0x03, 0x07, 0x02, 0x0c, 0x02, 0x0b, 0x01, 0x0e, 0x01, 0x0f, 0x01, 0x0d, 0x01, 0x0f, 0x01, 0x0e, 0x01, 0x0a, 0x01, 0x0b,
    0x01, 0x0a, 0x01, 0x04, 0x01, 0x03, 0x01, 0x04, 0x02, 0x09, 0x01, 0x05, 0x01, 0x04, 0x02, 0x03, 0x01, 0x04, 0x01, 0x06,
    0x02, 0x09, 0x01, 0x0c, 0x09, 0x07, 0x01, 0x08, 0x01, 0x07, 0x01, 0x05, 0x11, 0x00, 0x0f, 0x00, 0x02, 0x0c, 0x01, 0x08,
    0x02, 0x0c, 0x04, 0x0d, 0x01, 0x0f, 0x01, 0x08, 0x02, 0x0a, 0x01, 0x06, 0x01, 0x03, 0x02, 0x02, 0x01, 0x03, 0x04, 0x02,
    0x01, 0x03, 0x02, 0x05, 0x01, 0x06, 0x04, 0x07, 0x01, 0x08, 0x07, 0x07, 0x01, 0x0c, 0x12, 0x00, 0x10, 0x00, 0x05, 0x0c,
    0x02, 0x0d, 0x02, 0x0e, 0x01, 0x07, 0x01, 0x0a, 0x02, 0x05, 0x01, 0x03, 0x06, 0x02, 0x01, 0x04, 0x01, 0x06, 0x02, 0x05,
    0x01, 0x06, 0x03, 0x07, 0x03, 0x08, 0x08, 0x07, 0x11, 0x00, 0x12, 0x00, 0x01, 0x0e, 0x01, 0x0d, 0x01, 0x0f, 0x01, 0x0d,
    0x01, 0x0c, 0x01, 0x0f, 0x01, 0x0c, 0x01, 0x08, 0x01, 0x06, 0x02, 0x05, 0x01, 0x03, 0x05, 0x02, 0x01, 0x03, 0x04, 0x05,
    0x01, 0x06, 0x01, 0x08, 0x02, 0x07, 0x02, 0x0c, 0x01, 0x08, 0x01, 0x07, 0x01, 0x08, 0x06, 0x07, 0x01, 0x0c, 0x10, 0x00,
    0x17, 0x00, 0x01, 0x0f, 0x01, 0x08, 0x01, 0x06, 0x01, 0x05, 0x01, 0x04, 0x01, 0x05, 0x01, 0x04, 0x01, 0x01, 0x03, 0x02,
    0x01, 0x04, 0x01, 0x05, 0x01, 0x04, 0x03, 0x05, 0x01, 0x06, 0x01, 0x08, 0x01, 0x07, 0x01, 0x08, 0x04, 0x0c, 0x01, 0x08,
    0x01, 0x07, 0x02, 0x08, 0x01, 0x07, 0x01, 0x08, 0x01, 0x07, 0x01, 0x0c, 0x10, 0x00, 0x18, 0x00, 0x01, 0x08, 0x01, 0x06,
    0x03, 0x05, 0x01, 0x04, 0x01, 0x03, 0x01, 0x01, 0x01, 0x02, 0x01, 0x04, 0x04, 0x05, 0x01, 0x04, 0x01, 0x05, 0x01, 0x06,
    0x01, 0x08, 0x02, 0x07, 0x01, 0x0c, 0x01, 0x0f, 0x04, 0x0c, 0x01, 0x08, 0x01, 0x06, 0x01, 0x07, 0x01, 0x08, 0x01, 0x07,
    0x01, 0x0c, 0x10, 0x00, 0x18, 0x00, 0x01, 0x08, 0x01, 0x09, 0x02, 0x05, 0x01, 0x04, 0x01, 0x05, 0x01, 0x04, 0x01, 0x03,
    0x01, 0x04, 0x01, 0x05, 0x01, 0x04, 0x01, 0x05, 0x02, 0x04, 0x01, 0x05, 0x02, 0x06, 0x04, 0x07, 0x01, 0x0e, 0x01, 0x0f,
    0x01, 0x0c, 0x01, 0x09, 0x05, 0x04, 0x01, 0x05, 0x01, 0x08, 0x01, 0x0c, 0x0f, 0x00, 0x17, 0x00, 0x01, 0x0c, 0x01, 0x07,
    0x01, 0x09, 0x01, 0x05, 0x01, 0x04, 0x0b, 0x05, 0x02, 0x06, 0x03, 0x07, 0x02, 0x0c, 0x01, 0x0f, 0x01, 0x06, 0x07, 0x04,
    0x01, 0x05, 0x01, 0x0c, 0x0f, 0x00, 0x17, 0x00, 0x01, 0x07, 0x01, 0x06, 0x01, 0x09, 0x01, 0x04, 0x02, 0x05, 0x01, 0x06,
    0x01, 0x05, 0x01, 0x04, 0x03, 0x05, 0x02, 0x04, 0x02, 0x05, 0x02, 0x06, 0x02, 0x07, 0x01, 0x08, 0x02, 0x0c, 0x01, 0x0e,
    0x01, 0x06, 0x02, 0x09, 0x01, 0x0a, 0x01, 0x09, 0x01, 0x06, 0x03, 0x04, 0x01, 0x05, 0x0f, 0x00, 0x17, 0x00, 0x01, 0x07,
    0x01, 0x06, 0x03, 0x05, 0x01, 0x06, 0x01, 0x05, 0x01, 0x04, 0x03, 0x05, 0x01, 0x04, 0x06, 0x05, 0x01, 0x06, 0x01, 0x08,
    0x01, 0x07, 0x02, 0x0c, 0x01, 0x0e, 0x01, 0x0d, 0x04, 0x09, 0x01, 0x0a, 0x01, 0x0e, 0x02, 0x04, 0x01, 0x06, 0x01, 0x09,
    0x0e, 0x00, 0x16, 0x00, 0x01, 0x0c, 0x01, 0x07, 0x01, 0x0b, 0x03, 0x06, 0x02, 0x05, 0x02, 0x06, 0x01, 0x05, 0x01, 0x04,
    0x05, 0x05, 0x01, 0x06, 0x01, 0x09, 0x01, 0x06, 0x01, 0x07, 0x01, 0x08, 0x01, 0x0c, 0x01, 0x0d, 0x01, 0x0f, 0x01, 0x0a,
    0x05, 0x09, 0x02, 0x0b, 0x01, 0x05, 0x01, 0x06, 0x0f, 0x00, 0x16, 0x00, 0x01, 0x08, 0x01, 0x07, 0x01, 0x0d, 0x03, 0x09,
    0x01, 0x06, 0x01, 0x09, 0x03, 0x06, 0x03, 0x09, 0x01, 0x06, 0x03, 0x09, 0x01, 0x0e, 0x01, 0x06, 0x01, 0x0c, 0x01, 0x0d,
    0x01, 0x0a, 0x01, 0x0b, 0x01, 0x0e, 0x05, 0x09, 0x01, 0x0a, 0x01, 0x0d, 0x01, 0x0f, 0x02, 0x06, 0x0f, 0x00, 0x16, 0x00,
    0x01, 0x05, 0x01, 0x04, 0x02, 0x09, 0x01, 0x06, 0x05, 0x05, 0x02, 0x06, 0x01, 0x09, 0x01, 0x05, 0x02, 0x06, 0x02, 0x05,
    0x01, 0x09, 0x01, 0x06, 0x01, 0x08, 0x01, 0x0b, 0x01, 0x0d, 0x02, 0x0b, 0x05, 0x09, 0x01, 0x0b, 0x01, 0x0e, 0x01, 0x0d,
    0x01, 0x06, 0x10, 0x00, 0x17, 0x00, 0x01, 0x05, 0x01, 0x0e, 0x01, 0x0a, 0x02, 0x06, 0x05, 0x05, 0x01, 0x09, 0x02, 0x05,
    0x03, 0x09, 0x01, 0x06, 0x01, 0x0b, 0x01, 0x06, 0x01, 0x05, 0x01, 0x0a, 0x01, 0x0e, 0x01, 0x0a, 0x04, 0x09, 0x01, 0x0a,
    0x01, 0x0b, 0x01, 0x0e, 0x01, 0x0f, 0x01, 0x0b, 0x11, 0x00, 0x17, 0x00, 0x01, 0x0d, 0x01, 0x0c, 0x01, 0x08, 0x01, 0x0a,
    0x01, 0x0b, 0x02, 0x09, 0x02, 0x06, 0x01, 0x09, 0x01, 0x0d, 0x01, 0x0b, 0x01, 0x09, 0x01, 0x0d, 0x01, 0x09, 0x01, 0x0b,
    0x02, 0x0c, 0x01, 0x0d, 0x01, 0x0b, 0x02, 0x0d, 0x03, 0x0a, 0x01, 0x09, 0x01, 0x0a, 0x01, 0x0b, 0x03, 0x0e, 0x12, 0x00,
    0x17, 0x00, 0x01, 0x06, 0x02, 0x08, 0x02, 0x07, 0x01, 0x08, 0x02, 0x0c, 0x02, 0x08, 0x02, 0x0c, 0x01, 0x0d, 0x01, 0x06,
    0x01, 0x05, 0x01, 0x09, 0x02, 0x08, 0x02, 0x0c, 0x01, 0x06, 0x01, 0x0d, 0x01, 0x0b, 0x02, 0x0a, 0x01, 0x0b, 0x01, 0x0d,
    0x01, 0x0e, 0x02, 0x0f, 0x13, 0x00, 0x16, 0x00, 0x01, 0x08, 0x01, 0x07, 0x02, 0x08, 0x01, 0x07, 0x02, 0x08, 0x01, 0x07,
    0x03, 0x08, 0x02, 0x07, 0x01, 0x06, 0x02, 0x05, 0x01, 0x06, 0x01, 0x0b, 0x02, 0x08, 0x01, 0x0c, 0x01, 0x05, 0x01, 0x06,
    0x01, 0x0f, 0x01, 0x0d, 0x01, 0x0b, 0x02, 0x0e, 0x01, 0x0f, 0x15, 0x00, 0x16, 0x00, 0x01, 0x0c, 0x01, 0x07, 0x02, 0x08,
    0x01, 0x07, 0x05, 0x08, 0x02, 0x07, 0x01, 0x08, 0x04, 0x05, 0x01, 0x06, 0x01, 0x08, 0x01, 0x07, 0x02, 0x08, 0x01, 0x05,
    0x01, 0x0a, 0x03, 0x0f, 0x01, 0x0e, 0x16, 0x00, 0x16, 0x00, 0x01, 0x08, 0x03, 0x07, 0x05, 0x08, 0x02, 0x07, 0x01, 0x08,
    0x01, 0x06, 0x04, 0x05, 0x01, 0x06, 0x01, 0x0a, 0x01, 0x07, 0x03, 0x08, 0x01, 0x09, 0x01, 0x0b, 0x01, 0x0f, 0x01, 0x0d,
    0x01, 0x0c, 0x16, 0x00, 0x16, 0x00, 0x05, 0x08, 0x03, 0x0c, 0x04, 0x08, 0x01, 0x06, 0x04, 0x05, 0x01, 0x09, 0x01, 0x0c,
    0x03, 0x08, 0x02, 0x0c, 0x01, 0x0b, 0x01, 0x0d, 0x02, 0x0c, 0x16, 0x00, 0x15, 0x00, 0x01, 0x08, 0x01, 0x07, 0x01, 0x08,
    0x01, 0x07, 0x01, 0x08, 0x01, 0x07, 0x02, 0x08, 0x01, 0x0d, 0x01, 0x0e, 0x01, 0x0d, 0x02, 0x0c, 0x01, 0x09, 0x01, 0x06,
    0x02, 0x09, 0x01, 0x05, 0x01, 0x0d, 0x04, 0x08, 0x03, 0x0c, 0x01, 0x0d, 0x02, 0x0c, 0x16, 0x00, 0x15, 0x00, 0x01, 0x0c,
    0x02, 0x08, 0x01, 0x07, 0x05, 0x08, 0x01, 0x0d, 0x04, 0x0f, 0x02, 0x0e, 0x02, 0x0b, 0x01, 0x08, 0x02, 0x07, 0x04, 0x08,
    0x04, 0x0c, 0x16, 0x00, 0x15, 0x00, 0x01, 0x06, 0x07, 0x08, 0x02, 0x0c, 0x01, 0x0d, 0x01, 0x0e, 0x02, 0x0f, 0x01, 0x0d,
    0x01, 0x08, 0x01, 0x0c, 0x01, 0x08, 0x05, 0x07, 0x01, 0x08, 0x01, 0x0c, 0x01, 0x08, 0x01, 0x0b, 0x01, 0x0a, 0x01, 0x09,
    0x16, 0x00, 0x15, 0x00, 0x01, 0x05, 0x02, 0x04, 0x02, 0x06, 0x01, 0x07, 0x03, 0x08, 0x02, 0x0d, 0x01, 0x0e, 0x02, 0x0d,
    0x01, 0x0e, 0x01, 0x0c, 0x08, 0x08, 0x01, 0x06, 0x01, 0x05, 0x01, 0x06, 0x01, 0x09, 0x01, 0x0a, 0x16, 0x00, 0x15, 0x00,
    0x02, 0x09, 0x01, 0x06, 0x01, 0x05, 0x03, 0x04, 0x01, 0x05, 0x01, 0x06, 0x04, 0x09, 0x01, 0x0b, 0x01, 0x00, 0x01, 0x09,
    0x04, 0x06, 0x02, 0x05, 0x02, 0x04, 0x01, 0x05, 0x01, 0x06, 0x01, 0x0b, 0x01, 0x0e, 0x01, 0x0f, 0x16, 0x00, 0x16, 0x00,
    0x01, 0x0f, 0x01, 0x0d, 0x03, 0x0b, 0x01, 0x0a, 0x01, 0x0b, 0x01, 0x0d, 0x03, 0x0e, 0x01, 0x0b, 0x02, 0x00, 0x01, 0x09,
    0x02, 0x06, 0x02, 0x05, 0x02, 0x06, 0x02, 0x09, 0x01, 0x0b, 0x01, 0x0d, 0x01, 0x0f, 0x02, 0x0e, 0x16, 0x00, 0x16, 0x00,
    0x01, 0x0f, 0x01, 0x0b, 0x02, 0x0a, 0x01, 0x0b, 0x01, 0x0d, 0x01, 0x0f, 0x02, 0x0e, 0x03, 0x0f, 0x04, 0x00, 0x02, 0x0f,
    0x01, 0x0e, 0x04, 0x0b, 0x01, 0x0a, 0x02, 0x0d, 0x02, 0x0e, 0x01, 0x0f, 0x15, 0x00, 0x16, 0x00, 0x02, 0x0f, 0x01, 0x0e,
    0x01, 0x0b, 0x02, 0x0e, 0x02, 0x0b, 0x01, 0x0e, 0x01, 0x0f, 0x02, 0x0e, 0x05, 0x00, 0x02, 0x0e, 0x01, 0x0b, 0x03, 0x0a,
    0x02, 0x0e, 0x01, 0x0a, 0x01, 0x0b, 0x02, 0x0e, 0x15, 0x00, 0x16, 0x00, 0x01, 0x0f, 0x02, 0x0e, 0x01, 0x0f, 0x01, 0x0e,
    0x01, 0x0b, 0x01, 0x0a, 0x02, 0x0b, 0x02, 0x0e, 0x01, 0x0f, 0x05, 0x00, 0x01, 0x0e, 0x02, 0x0f, 0x01, 0x0d, 0x01, 0x0b,
    0x01, 0x0e, 0x01, 0x0f, 0x01, 0x0b, 0x02, 0x0a, 0x01, 0x0d, 0x01, 0x0e, 0x15, 0x00, 0x17, 0x00, 0x01, 0x0d, 0x01, 0x0a,
    0x06, 0x0b, 0x03, 0x0e, 0x05, 0x00, 0x03, 0x0e, 0x02, 0x0f, 0x01, 0x0e, 0x01, 0x0b, 0x02, 0x0a, 0x01, 0x0b, 0x01, 0x0d,
    0x01, 0x0e, 0x15, 0x00, 0x18, 0x00, 0x01, 0x0d, 0x01, 0x0a, 0x02, 0x0b, 0x01, 0x0a, 0x01, 0x0b, 0x01, 0x0d, 0x01, 0x0e,
    0x01, 0x0f, 0x06, 0x00, 0x01, 0x0f, 0x01, 0x0e, 0x01, 0x0d, 0x03, 0x0b, 0x02, 0x0a, 0x01, 0x0b, 0x01, 0x0d, 0x02, 0x0e,
    0x15, 0x00, 0x18, 0x00, 0x01, 0x0f, 0x01, 0x0b, 0x02, 0x0a, 0x02, 0x0b, 0x01, 0x0e, 0x02, 0x0f, 0x07, 0x00, 0x01, 0x0f,
    0x01, 0x0d, 0x01, 0x0b, 0x01, 0x0a, 0x04, 0x0b, 0x01, 0x0d, 0x02, 0x0e, 0x15, 0x00, 0x18, 0x00, 0x01, 0x0d, 0x02, 0x0b,
    0x03, 0x0a, 0x01, 0x0d, 0x02, 0x0e, 0x08, 0x00, 0x01, 0x0f, 0x01, 0x0d, 0x05, 0x0b, 0x01, 0x0e, 0x01, 0x0f, 0x16, 0x00,
    0x17, 0x00, 0x01, 0x0b, 0x01, 0x0a, 0x01, 0x0b, 0x02, 0x0a, 0x01, 0x0b, 0x01, 0x0a, 0x01, 0x0d, 0x01, 0x0f, 0x01, 0x0e,
    0x08, 0x00, 0x01, 0x0f, 0x01, 0x0d, 0x02, 0x0a, 0x01, 0x0b, 0x01, 0x0a, 0x01, 0x0b, 0x01, 0x0e, 0x01, 0x0f, 0x16, 0x00,
    0x15, 0x00, 0x01, 0x09, 0x02, 0x0a, 0x02, 0x0b, 0x04, 0x0a, 0x01, 0x0d, 0x02, 0x0e, 0x01, 0x0f, 0x07, 0x00, 0x01, 0x0d,
    0x01, 0x09, 0x05, 0x0a, 0x01, 0x0b, 0x01, 0x0e, 0x16, 0x00, 0x15, 0x00, 0x02, 0x0a, 0x01, 0x0b, 0x01, 0x0a, 0x02, 0x09,
    0x01, 0x0a, 0x01, 0x0b, 0x04, 0x0e, 0x08, 0x00, 0x02, 0x0a, 0x03, 0x0b, 0x03, 0x0a, 0x01, 0x0b, 0x01, 0x0f, 0x15, 0x00,
    0x14, 0x00, 0x03, 0x0b, 0x01, 0x0d, 0x01, 0x0a, 0x02, 0x0b, 0x01, 0x0d, 0x01, 0x0e, 0x02, 0x0f, 0x01, 0x0e, 0x01, 0x0d,
    0x07, 0x00, 0x01, 0x0a, 0x01, 0x09, 0x01, 0x0d, 0x03, 0x0a, 0x01, 0x09, 0x01, 0x0b, 0x02, 0x0a, 0x01, 0x0e, 0x15, 0x00,
    0x15, 0x00, 0x02, 0x09, 0x01, 0x0e, 0x02, 0x09, 0x01, 0x0e, 0x01, 0x0f, 0x01, 0x0e, 0x0b, 0x00, 0x01, 0x0b, 0x01, 0x09,
    0x01, 0x0d, 0x01, 0x0a, 0x01, 0x0b, 0x01, 0x0e, 0x01, 0x0a, 0x01, 0x0d, 0x02, 0x0b, 0x01, 0x0f, 0x15, 0x00, 0x28, 0x00,
    0x01, 0x0b, 0x01, 0x09, 0x01, 0x0e, 0x01, 0x09, 0x01, 0x0d, 0x01, 0x0e, 0x01, 0x09, 0x01, 0x0e, 0x02, 0x0d, 0x16, 0x00,
    0x2b, 0x00, 0x01, 0x06, 0x03, 0x09, 0x19, 0x00, 0x48, 0x00, 0x48, 0x00
};
const uint8_t kRunning2[] PROGMEM = {
    0x48, 0x00, 0x48, 0x00, 0x48, 0x00, 0x48, 0x00, 0x48, 0x00, 0x48, 0x00, 0x48, 0x00, 0x1c, 0x00, 0x01, 0x02, 0x2b, 0x00,
    0x1b, 0x00, 0x01, 0x01, 0x01, 0x02, 0x2b, 0x00, 0x1a, 0x00, 0x02, 0x01, 0x02, 0x00, 0x01, 0x04, 0x01, 0x02, 0x28, 0x00,
    0x19, 0x00, 0x01, 0x02, 0x02, 0x01, 0x01, 0x02, 0x01, 0x01, 0x01, 0x03, 0x03, 0x01, 0x01, 0x03, 0x01, 0x04, 0x02, 0x00,
    0x02, 0x09, 0x03, 0x0a, 0x1d, 0x00, 0x19, 0x00, 0x01, 0x02, 0x07, 0x01, 0x02, 0x03, 0x01, 0x02, 0x01, 0x03, 0x01, 0x05,
    0x02, 0x09, 0x01, 0x0a, 0x01, 0x09, 0x01, 0x08, 0x01, 0x0a, 0x1c, 0x00, 0x16, 0x00, 0x01, 0x09, 0x01, 0x06, 0x01, 0x0a,
    0x01, 0x04, 0x0b, 0x01, 0x01, 0x05, 0x01, 0x0d, 0x01, 0x0a, 0x01, 0x0d, 0x03, 0x0a, 0x1c, 0x00, 0x15, 0x00, 0x01, 0x09,
    0x01, 0x06, 0x01, 0x09, 0x01, 0x0a, 0x01, 0x0d, 0x01, 0x04, 0x01, 0x03, 0x02, 0x02, 0x07, 0x01, 0x01, 0x02, 0x01, 0x04,
    0x02, 0x0f, 0x01, 0x0e, 0x02, 0x09, 0x01, 0x0b, 0x07, 0x00, 0x01, 0x04, 0x13, 0x00, 0x15, 0x00, 0x01, 0x09, 0x01, 0x0a,
    0x01, 0x0d, 0x01, 0x0b, 0x01, 0x03, 0x01, 0x01, 0x01, 0x03, 0x01, 0x02, 0x09, 0x01, 0x01, 0x02, 0x01, 0x05, 0x01, 0x0f,
    0x01, 0x0e, 0x01, 0x09, 0x01, 0x0b, 0x07, 0x00, 0x01, 0x05, 0x01, 0x04, 0x01, 0x05, 0x12, 0x00, 0x14, 0x00, 0x01, 0x0a,
    0x01, 0x09, 0x01, 0x0d, 0x01, 0x0f, 0x01, 0x06, 0x0f, 0x01, 0x01, 0x05, 0x01, 0x0e, 0x01, 0x0a, 0x01, 0x0e, 0x07, 0x00,
    0x01, 0x05, 0x01, 0x04, 0x02, 0x09, 0x11, 0x00, 0x14, 0x00, 0x01, 0x0b, 0x01, 0x0a, 0x01, 0x0d, 0x01, 0x0f, 0x01, 0x03,
    0x0f, 0x01, 0x01, 0x02, 0x01, 0x06, 0x02, 0x0f, 0x06, 0x00, 0x01, 0x05, 0x01, 0x04, 0x01, 0x05, 0x01, 0x0a, 0x12, 0x00,
    0x15, 0x00, 0x01, 0x0b, 0x01, 0x0e, 0x01, 0x04, 0x0c, 0x01, 0x01, 0x02, 0x02, 0x01, 0x01, 0x02, 0x01, 0x01, 0x01, 0x02,
    0x02, 0x04, 0x05, 0x00, 0x01, 0x06, 0x02, 0x05, 0x01, 0x09, 0x13, 0x00, 0x15, 0x00, 0x02, 0x0e, 0x01, 0x03, 0x08, 0x01,
    0x01, 0x02, 0x01, 0x03, 0x02, 0x02, 0x01, 0x01, 0x02, 0x02, 0x01, 0x01, 0x01, 0x02, 0x02, 0x01, 0x01, 0x03, 0x05, 0x00,
    0x02, 0x05, 0x01, 0x09, 0x14, 0x00, 0x16, 0x00, 0x01, 0x03, 0x01, 0x01, 0x04, 0x02, 0x03, 0x01, 0x03, 0x02, 0x02, 0x03,
    0x01, 0x02, 0x01, 0x01, 0x01, 0x02, 0x02, 0x01, 0x02, 0x02, 0x01, 0x03, 0x04, 0x00, 0x01, 0x09, 0x01, 0x05, 0x01, 0x06,
    0x01, 0x09, 0x14, 0x00, 0x15, 0x00, 0x01, 0x04, 0x01, 0x02, 0x01, 0x01, 0x02, 0x03, 0x01, 0x01, 0x01, 0x03, 0x01, 0x02,
    0x02, 0x01, 0x01, 0x02, 0x01, 0x03, 0x01, 0x02, 0x01, 0x03, 0x01, 0x06, 0x01, 0x05, 0x01, 0x03, 0x01, 0x01, 0x03, 0x02,
    0x02, 0x01, 0x01, 0x03, 0x03, 0x00, 0x02, 0x05, 0x01, 0x0d, 0x02, 0x06, 0x13, 0x00, 0x16, 0x00, 0x01, 0x03, 0x01, 0x01,
    0x01, 0x03, 0x01, 0x04, 0x02, 0x03, 0x02, 0x02, 0x02, 0x01, 0x01, 0x03, 0x01, 0x06, 0x04, 0x0d, 0x01, 0x04, 0x01, 0x01,
    0x03, 0x02, 0x01, 0x03, 0x01, 0x04, 0x02, 0x00, 0x01, 0x05, 0x01, 0x04, 0x01, 0x06, 0x01, 0x0e, 0x01, 0x0d, 0x01, 0x06,
    0x13, 0x00, 0x16, 0x00, 0x01, 0x03, 0x01, 0x01, 0x01, 0x04, 0x02, 0x0e, 0x01, 0x06, 0x03, 0x02, 0x01, 0x01, 0x01, 0x03,
    0x01, 0x0e, 0x05, 0x0d, 0x01, 0x03, 0x01, 0x01, 0x03, 0x02, 0x01, 0x03, 0x01, 0x04, 0x01, 0x09, 0x02, 0x05, 0x01, 0x09,
    0x01, 0x00, 0x01, 0x09, 0x01, 0x05, 0x13, 0x00, 0x16, 0x00, 0x02, 0x02, 0x01, 0x0a, 0x02, 0x0d, 0x01, 0x0f, 0x01, 0x03,
    0x01, 0x01, 0x01, 0x02, 0x01, 0x01, 0x01, 0x03, 0x02, 0x0f, 0x01, 0x06, 0x01, 0x04, 0x01, 0x06, 0x01, 0x0e, 0x01, 0x04,
    0x01, 0x01, 0x03, 0x02, 0x01, 0x03, 0x01, 0x05, 0x01, 0x06, 0x01, 0x05, 0x01, 0x09, 0x01, 0x00, 0x01, 0x09, 0x01, 0x06,
    0x02, 0x04, 0x12, 0x00, 0x15, 0x00, 0x01, 0x03, 0x01, 0x01, 0x01, 0x03, 0x01, 0x0a, 0x01, 0x09, 0x01, 0x0f, 0x01, 0x0b,
    0x01, 0x04, 0x01, 0x01, 0x02, 0x02, 0x01, 0x03, 0x01, 0x0b, 0x02, 0x0f, 0x02, 0x03, 0x01, 0x0f, 0x01, 0x03, 0x01, 0x01,
    0x02, 0x02, 0x01, 0x03, 0x01, 0x06, 0x01, 0x09, 0x01, 0x04, 0x01, 0x06, 0x01, 0x09, 0x01, 0x00, 0x01, 0x09, 0x01, 0x05,
    0x02, 0x04, 0x12, 0x00, 0x15, 0x00, 0x01, 0x04, 0x01, 0x03, 0x01, 0x02, 0x01, 0x0a, 0x01, 0x04, 0x01, 0x09, 0x01, 0x0b,
    0x01, 0x03, 0x02, 0x01, 0x01, 0x02, 0x01, 0x01, 0x01, 0x03, 0x02, 0x09, 0x01, 0x04, 0x01, 0x0d, 0x01, 0x05, 0x04, 0x02,
    0x01, 0x04, 0x01, 0x0d, 0x01, 0x06, 0x01, 0x05, 0x01, 0x09, 0x02, 0x00, 0x01, 0x09, 0x01, 0x05, 0x02, 0x04, 0x01, 0x05,
    0x11, 0x00, 0x15, 0x00, 0x01, 0x03, 0x01, 0x02, 0x01, 0x01, 0x01, 0x04, 0x01, 0x0b, 0x01, 0x09, 0x01, 0x06, 0x01, 0x02,
    0x01, 0x04, 0x01, 0x09, 0x01, 0x03, 0x02, 0x01, 0x01, 0x03, 0x01, 0x04, 0x01, 0x06, 0x01, 0x04, 0x04, 0x02, 0x01, 0x05,
    0x01, 0x0f, 0x01, 0x0a, 0x02, 0x09, 0x03, 0x00, 0x01, 0x0e, 0x01, 0x06, 0x01, 0x04, 0x01, 0x06, 0x12, 0x00, 0x16, 0x00,
    0x01, 0x04, 0x02, 0x02, 0x02, 0x04, 0x01, 0x02, 0x01, 0x01, 0x01, 0x04, 0x01, 0x05, 0x01, 0x02, 0x01, 0x01, 0x01, 0x02,
    0x02, 0x01, 0x01, 0x02, 0x01, 0x01, 0x02, 0x02, 0x01, 0x03, 0x01, 0x04, 0x02, 0x0b, 0x01, 0x0f, 0x01, 0x0d, 0x01, 0x0b,
    0x03, 0x00, 0x02, 0x0a, 0x02, 0x06, 0x12, 0x00, 0x16, 0x00, 0x01, 0x05, 0x01, 0x03, 0x01, 0x02, 0x02, 0x01, 0x02, 0x02,
    0x01, 0x01, 0x03, 0x02, 0x01, 0x03, 0x02, 0x02, 0x02, 0x01, 0x01, 0x02, 0x01, 0x04, 0x01, 0x0a, 0x02, 0x09, 0x01, 0x0d,
    0x01, 0x0c, 0x01, 0x07, 0x01, 0x08, 0x03, 0x00, 0x02, 0x04, 0x14, 0x00, 0x16, 0x00, 0x01, 0x05, 0x01, 0x0d, 0x01, 0x05,
    0x01, 0x03, 0x03, 0x01, 0x01, 0x02, 0x03, 0x03, 0x01, 0x02, 0x01, 0x01, 0x02, 0x03, 0x01, 0x04, 0x01, 0x06, 0x01, 0x0a,
    0x01, 0x06, 0x01, 0x08, 0x01, 0x0e, 0x01, 0x08, 0x03, 0x07, 0x01, 0x08, 0x03, 0x00, 0x01, 0x03, 0x14, 0x00, 0x16, 0x00,
    0x02, 0x06, 0x01, 0x0e, 0x01, 0x0d, 0x01, 0x05, 0x01, 0x04, 0x01, 0x03, 0x01, 0x02, 0x01, 0x01, 0x01, 0x03, 0x01, 0x02,
    0x01, 0x03, 0x01, 0x04, 0x01, 0x09, 0x01, 0x0a, 0x02, 0x0f, 0x01, 0x06, 0x01, 0x0c, 0x01, 0x0e, 0x01, 0x08, 0x05, 0x07,
    0x01, 0x0c, 0x04, 0x04, 0x13, 0x00, 0x15, 0x00, 0x01, 0x07, 0x01, 0x08, 0x01, 0x0c, 0x01, 0x09, 0x03, 0x0f, 0x01, 0x0d,
    0x02, 0x06, 0x01, 0x09, 0x01, 0x06, 0x01, 0x09, 0x02, 0x0d, 0x01, 0x0b, 0x01, 0x09, 0x01, 0x0d, 0x01, 0x0a, 0x01, 0x0f,
    0x01, 0x08, 0x06, 0x07, 0x01, 0x08, 0x01, 0x00, 0x01, 0x04, 0x01, 0x05, 0x14, 0x00, 0x14, 0x00, 0x02, 0x07, 0x01, 0x0c,
    0x02, 0x0d, 0x01, 0x0a, 0x01, 0x0e, 0x01, 0x09, 0x01, 0x06, 0x02, 0x0d, 0x01, 0x0b, 0x01, 0x0d, 0x01, 0x0e, 0x01, 0x0b,
    0x02, 0x05, 0x02, 0x09, 0x01, 0x0b, 0x01, 0x0d, 0x01, 0x08, 0x06, 0x07, 0x01, 0x08, 0x17, 0x00, 0x13, 0x00, 0x02, 0x07,
    0x01, 0x08, 0x02, 0x09, 0x02, 0x0b, 0x01, 0x0a, 0x01, 0x09, 0x01, 0x06, 0x01, 0x05, 0x02, 0x09, 0x01, 0x06, 0x01, 0x04,
    0x02, 0x03, 0x03, 0x06, 0x02, 0x0c, 0x08, 0x07, 0x01, 0x0c, 0x16, 0x00, 0x13, 0x00, 0x01, 0x0c, 0x02, 0x08, 0x01, 0x09,
    0x01, 0x0d, 0x02, 0x0e, 0x01, 0x0d, 0x01, 0x0b, 0x01, 0x0d, 0x01, 0x04, 0x03, 0x03, 0x01, 0x02, 0x01, 0x03, 0x01, 0x04,
    0x01, 0x05, 0x01, 0x06, 0x02, 0x0c, 0x06, 0x07, 0x01, 0x08, 0x01, 0x07, 0x02, 0x0c, 0x16, 0x00, 0x12, 0x00, 0x01, 0x08,
    0x01, 0x06, 0x01, 0x04, 0x01, 0x09, 0x01, 0x0d, 0x01, 0x0e, 0x01, 0x0b, 0x01, 0x09, 0x02, 0x0a, 0x01, 0x0d, 0x01, 0x0a,
    0x01, 0x05, 0x01, 0x03, 0x01, 0x01, 0x01, 0x03, 0x01, 0x04, 0x02, 0x05, 0x01, 0x06, 0x02, 0x08, 0x01, 0x0c, 0x01, 0x08,
    0x06, 0x07, 0x01, 0x0c, 0x01, 0x0e, 0x16, 0x00, 0x12, 0x00, 0x01, 0x06, 0x01, 0x04, 0x01, 0x06, 0x01, 0x0a, 0x01, 0x0e,
    0x01, 0x0d, 0x01, 0x0a, 0x01, 0x09, 0x03, 0x0a, 0x01, 0x09, 0x01, 0x0a, 0x01, 0x06, 0x01, 0x04, 0x01, 0x05, 0x03, 0x06,
    0x01, 0x05, 0x02, 0x04, 0x01, 0x05, 0x02, 0x08, 0x05, 0x07, 0x01, 0x0c, 0x17, 0x00, 0x11, 0x00, 0x01, 0x06, 0x01, 0x04,
    0x01, 0x06, 0x01, 0x0b, 0x02, 0x09, 0x03, 0x0a, 0x01, 0x0b, 0x02, 0x0a, 0x03, 0x09, 0x01, 0x0b, 0x04, 0x09, 0x01, 0x0a,
    0x01, 0x05, 0x02, 0x04, 0x01, 0x05, 0x01, 0x08, 0x04, 0x07, 0x01, 0x08, 0x01, 0x0d, 0x17, 0x00, 0x11, 0x00, 0x02, 0x04,
    0x01, 0x0b, 0x01, 0x09, 0x01, 0x0b, 0x01, 0x0e, 0x01, 0x0d, 0x01, 0x0a, 0x01, 0x0b, 0x01, 0x0f, 0x01, 0x0e, 0x0a, 0x09,
    0x01, 0x0a, 0x03, 0x04, 0x01, 0x06, 0x04, 0x07, 0x01, 0x0c, 0x01, 0x0f, 0x17, 0x00, 0x11, 0x00, 0x02, 0x05, 0x01, 0x0d,
    0x02, 0x0a, 0x01, 0x0e, 0x10, 0x09, 0x01, 0x05, 0x02, 0x04, 0x01, 0x05, 0x03, 0x07, 0x01, 0x08, 0x02, 0x0c, 0x17, 0x00,
    0x11, 0x00, 0x02, 0x05, 0x01, 0x0d, 0x02, 0x0a, 0x01, 0x0b, 0x01, 0x0e, 0x01, 0x0b, 0x01, 0x0e, 0x01, 0x0f, 0x01, 0x0e,
    0x01, 0x0d, 0x02, 0x0b, 0x01, 0x0a, 0x08, 0x09, 0x03, 0x04, 0x03, 0x07, 0x01, 0x0c, 0x01, 0x0d, 0x01, 0x0c, 0x17, 0x00,
    0x11, 0x00, 0x01, 0x09, 0x01, 0x05, 0x01, 0x0b, 0x01, 0x0e, 0x02, 0x0d, 0x03, 0x0f, 0x02, 0x0a, 0x04, 0x0e, 0x01, 0x0b,
    0x07, 0x09, 0x03, 0x04, 0x01, 0x08, 0x01, 0x07, 0x01, 0x0c, 0x01, 0x0d, 0x02, 0x0c, 0x01, 0x0d, 0x16, 0x00, 0x12, 0x00,
    0x01, 0x09, 0x01, 0x06, 0x01, 0x0d, 0x02, 0x0f, 0x01, 0x0e, 0x01, 0x0f, 0x01, 0x0d, 0x02, 0x09, 0x02, 0x06, 0x01, 0x0a,
    0x01, 0x0d, 0x02, 0x0e, 0x01, 0x0d, 0x02, 0x0b, 0x01, 0x0a, 0x01, 0x0b, 0x01, 0x0d, 0x01, 0x05, 0x01, 0x04, 0x01, 0x06,
    0x05, 0x0c, 0x01, 0x09, 0x17, 0x00, 0x13, 0x00, 0x02, 0x06, 0x01, 0x09, 0x01, 0x0a, 0x01, 0x0d, 0x01, 0x0e, 0x01, 0x0b,
    0x01, 0x0d, 0x05, 0x09, 0x01, 0x0d, 0x02, 0x0f, 0x03, 0x0e, 0x01, 0x0f, 0x01, 0x0d, 0x02, 0x06, 0x01, 0x0a, 0x01, 0x0d,
    0x01, 0x0e, 0x01, 0x0c, 0x02, 0x0b, 0x01, 0x0d, 0x17, 0x00, 0x16, 0x00, 0x01, 0x0a, 0x0b, 0x09, 0x01, 0x0e, 0x02, 0x0d,
    0x01, 0x0e, 0x01, 0x0d, 0x02, 0x06, 0x01, 0x09, 0x02, 0x0f, 0x02, 0x0d, 0x01, 0x0e, 0x02, 0x0c, 0x17, 0x00, 0x17, 0x00,
    0x01, 0x09, 0x02, 0x0b, 0x02, 0x09, 0x04, 0x06, 0x02, 0x09, 0x01, 0x06, 0x02, 0x09, 0x01, 0x0d, 0x02, 0x09, 0x01, 0x0a,
    0x01, 0x0d, 0x02, 0x0b, 0x01, 0x0d, 0x01, 0x0c, 0x02, 0x0d, 0x01, 0x0c, 0x17, 0x00, 0x17, 0x00, 0x01, 0x0b, 0x02, 0x0c,
    0x02, 0x0d, 0x01, 0x0a, 0x07, 0x09, 0x01, 0x0d, 0x01, 0x09, 0x02, 0x0e, 0x02, 0x0b, 0x01, 0x0d, 0x01, 0x0a, 0x01, 0x0b,
    0x03, 0x0c, 0x01, 0x08, 0x01, 0x0c, 0x16, 0x00, 0x16, 0x00, 0x04, 0x08, 0x03, 0x07, 0x01, 0x08, 0x05, 0x0c, 0x01, 0x0b,
    0x01, 0x09, 0x01, 0x05, 0x01, 0x09, 0x01, 0x0d, 0x03, 0x0c, 0x01, 0x0b, 0x01, 0x09, 0x01, 0x08, 0x03, 0x07, 0x01, 0x0c,
    0x16, 0x00, 0x16, 0x00, 0x01, 0x08, 0x0b, 0x07, 0x01, 0x08, 0x04, 0x05, 0x01, 0x0a, 0x04, 0x0c, 0x02, 0x06, 0x01, 0x08,
    0x02, 0x07, 0x01, 0x0c, 0x16, 0x00, 0x16, 0x00, 0x0c, 0x07, 0x01, 0x06, 0x04, 0x05, 0x01, 0x06, 0x01, 0x08, 0x04, 0x07,
    0x02, 0x06, 0x02, 0x08, 0x01, 0x0c, 0x16, 0x00, 0x15, 0x00, 0x05, 0x07, 0x02, 0x08, 0x06, 0x07, 0x01, 0x06, 0x04, 0x05,
    0x01, 0x06, 0x01, 0x0a, 0x04, 0x07, 0x04, 0x08, 0x01, 0x0c, 0x16, 0x00, 0x15, 0x00, 0x06, 0x07, 0x01, 0x08, 0x01, 0x0c,
    0x03, 0x08, 0x02, 0x07, 0x05, 0x05, 0x01, 0x09, 0x01, 0x08, 0x02, 0x07, 0x02, 0x08, 0x02, 0x07, 0x01, 0x08, 0x02, 0x0c,
    0x16, 0x00, 0x15, 0x00, 0x07, 0x07, 0x01, 0x08, 0x02, 0x0d, 0x03, 0x0c, 0x02, 0x09, 0x01, 0x0b, 0x01, 0x09, 0x01, 0x06,
    0x01, 0x0c, 0x01, 0x08, 0x06, 0x07, 0x01, 0x08, 0x02, 0x0c, 0x16, 0x00, 0x14, 0x00, 0x02, 0x06, 0x01, 0x08, 0x06, 0x07,
    0x01, 0x08, 0x02, 0x0d, 0x01, 0x0e, 0x01, 0x0f, 0x01, 0x0e, 0x02, 0x0c, 0x01, 0x0b, 0x01, 0x0c, 0x08, 0x07, 0x01, 0x08,
    0x01, 0x0d, 0x02, 0x09, 0x15, 0x00, 0x14, 0x00, 0x01, 0x05, 0x01, 0x04, 0x01, 0x05, 0x01, 0x06, 0x01, 0x07, 0x02, 0x08,
    0x01, 0x07, 0x01, 0x08, 0x03, 0x0c, 0x02, 0x0d, 0x01, 0x0f, 0x01, 0x0c, 0x02, 0x08, 0x04, 0x07, 0x01, 0x08, 0x02, 0x07,
    0x01, 0x08, 0x05, 0x06, 0x15, 0x00, 0x14, 0x00, 0x02, 0x09, 0x01, 0x05, 0x02, 0x04, 0x02, 0x05, 0x01, 0x06, 0x01, 0x08,
    0x03, 0x0a, 0x02, 0x0b, 0x01, 0x00, 0x01, 0x0b, 0x01, 0x0a, 0x01, 0x08, 0x01, 0x07, 0x02, 0x08, 0x01, 0x07, 0x01, 0x06,
    0x01, 0x05, 0x03, 0x04, 0x01, 0x06, 0x01, 0x0b, 0x01, 0x0e, 0x16, 0x00, 0x14, 0x00, 0x01, 0x0f, 0x01, 0x0b, 0x01, 0x0a,
    0x01, 0x09, 0x02, 0x06, 0x02, 0x05, 0x03, 0x06, 0x03, 0x09, 0x02, 0x00, 0x01, 0x06, 0x01, 0x05, 0x05, 0x04, 0x01, 0x05,
    0x01, 0x06, 0x01, 0x09, 0x01, 0x0b, 0x01, 0x0e, 0x01, 0x0d, 0x01, 0x0e, 0x16, 0x00, 0x15, 0x00, 0x01, 0x0b, 0x02, 0x09,
    0x01, 0x0a, 0x01, 0x0b, 0x03, 0x0d, 0x04, 0x0e, 0x04, 0x00, 0x02, 0x09, 0x02, 0x0a, 0x02, 0x09, 0x03, 0x0a, 0x02, 0x0d,
    0x01, 0x0e, 0x01, 0x0d, 0x01, 0x0e, 0x15, 0x00, 0x15, 0x00, 0x02, 0x0d, 0x02, 0x0b, 0x01, 0x0d, 0x01, 0x0b, 0x02, 0x0a,
    0x01, 0x0d, 0x03, 0x0e, 0x05, 0x00, 0x02, 0x0e, 0x01, 0x0d, 0x01, 0x0a, 0x02, 0x09, 0x01, 0x0a, 0x01, 0x0d, 0x01, 0x0b,
    0x01, 0x0a, 0x01, 0x0b, 0x01, 0x0d, 0x01, 0x0e, 0x15, 0x00, 0x15, 0x00, 0x01, 0x0d, 0x01, 0x0b, 0x01, 0x0d, 0x01, 0x0e,
    0x01, 0x0b, 0x03, 0x0a, 0x01, 0x0b, 0x01, 0x0e, 0x02, 0x0d, 0x05, 0x00, 0x02, 0x0d, 0x01, 0x0e, 0x01, 0x0d, 0x01, 0x0b,
    0x01, 0x0d, 0x01, 0x0e, 0x01, 0x0d, 0x01, 0x09, 0x02, 0x0a, 0x01, 0x0d, 0x01, 0x0e, 0x15, 0x00, 0x16, 0x00, 0x01, 0x0b,
    0x01, 0x09, 0x05, 0x0a, 0x01, 0x0b, 0x03, 0x0e, 0x06, 0x00, 0x02, 0x0b, 0x01, 0x0d, 0x02, 0x0e, 0x01, 0x0b, 0x02, 0x09,
    0x02, 0x0a, 0x01, 0x0d, 0x01, 0x0e, 0x15, 0x00, 0x17, 0x00, 0x01, 0x0b, 0x01, 0x09, 0x03, 0x0a, 0x01, 0x0b, 0x01, 0x0d,
    0x02, 0x0e, 0x07, 0x00, 0x01, 0x0b, 0x01, 0x0d, 0x04, 0x0a, 0x01, 0x09, 0x02, 0x0a, 0x01, 0x0d, 0x02, 0x0e, 0x15, 0x00,
    0x17, 0x00, 0x01, 0x0d, 0x01, 0x0a, 0x01, 0x0b, 0x01, 0x0a, 0x02, 0x0b, 0x01, 0x0d, 0x02, 0x0e, 0x08, 0x00, 0x01, 0x0e,
    0x01, 0x0b, 0x05, 0x0a, 0x01, 0x0b, 0x01, 0x0d, 0x01, 0x0e, 0x16, 0x00, 0x16, 0x00, 0x02, 0x0a, 0x01, 0x0b, 0x01, 0x0a,
    0x01, 0x09, 0x03, 0x0a, 0x01, 0x0e, 0x01, 0x0d, 0x01, 0x0b, 0x08, 0x00, 0x01, 0x0e, 0x01, 0x0b, 0x04, 0x0a, 0x01, 0x0b,
    0x01, 0x0d, 0x01, 0x0e, 0x16, 0x00, 0x14, 0x00, 0x01, 0x08, 0x02, 0x0a, 0x02, 0x0b, 0x02, 0x0a, 0x01, 0x09, 0x01, 0x0a,
    0x01, 0x0b, 0x01, 0x0e, 0x01, 0x0d, 0x01, 0x0b, 0x08, 0x00, 0x01, 0x0b, 0x03, 0x09, 0x03, 0x0a, 0x01, 0x0b, 0x01, 0x0e,
    0x16, 0x00, 0x13, 0x00, 0x03, 0x09, 0x02, 0x0a, 0x02, 0x09, 0x02, 0x0a, 0x01, 0x0d, 0x01, 0x0e, 0x01, 0x0d, 0x01, 0x0b,
    0x01, 0x0d, 0x07, 0x00, 0x01, 0x0a, 0x01, 0x09, 0x07, 0x0a, 0x01, 0x0b, 0x01, 0x0e, 0x15, 0x00, 0x13, 0x00, 0x01, 0x09,
    0x01, 0x0a, 0x02, 0x0b, 0x03, 0x0a, 0x01, 0x0b, 0x01, 0x0d, 0x01, 0x0e, 0x01, 0x0f, 0x01, 0x0e, 0x01, 0x0d, 0x08, 0x00,
    0x01, 0x09, 0x01, 0x0a, 0x01, 0x0b, 0x02, 0x09, 0x01, 0x0a, 0x01, 0x09, 0x01, 0x0b, 0x01, 0x09, 0x01, 0x0a, 0x01, 0x0e,
    0x15, 0x00, 0x14, 0x00, 0x02, 0x09, 0x01, 0x0d, 0x02, 0x09, 0x03, 0x0e, 0x0c, 0x00, 0x01, 0x09, 0x01, 0x0a, 0x01, 0x0b,
    0x01, 0x0a, 0x02, 0x0b, 0x01, 0x0a, 0x01, 0x0d, 0x01, 0x0a, 0x01, 0x0d, 0x01, 0x0f, 0x15, 0x00, 0x17, 0x00, 0x02, 0x09,
    0x0f, 0x00, 0x03, 0x0b, 0x01, 0x09, 0x01, 0x0e, 0x01, 0x0b, 0x01, 0x09, 0x01, 0x0e, 0x01, 0x09, 0x01, 0x0f, 0x16, 0x00,
    0x2a, 0x00, 0x02, 0x06, 0x03, 0x09, 0x19, 0x00, 0x48, 0x00, 0x48, 0x00
};
const uint8_t kRunning3[] PROGMEM = {
    0x48, 0x00, 0x48, 0x00, 0x48, 0x00, 0x1f, 0x00, 0x01, 0x02, 0x02, 0x01, 0x01, 0x03, 0x25, 0x00, 0x1e, 0x00, 0x01, 0x03,
    0x02, 0x01, 0x01, 0x03, 0x26, 0x00, 0x1d, 0x00, 0x03, 0x01, 0x01, 0x03, 0x27, 0x00, 0x1d, 0x00, 0x04, 0x01, 0x01, 0x02,
    0x01, 0x03, 0x02, 0x02, 0x23, 0x00, 0x1d, 0x00, 0x01, 0x03, 0x06, 0x01, 0x01, 0x02, 0x01, 0x01, 0x01, 0x03, 0x21, 0x00,
    0x18, 0x00, 0x01, 0x0b, 0x01, 0x0a, 0x01, 0x08, 0x01, 0x0a, 0x01, 0x03, 0x01, 0x02, 0x01, 0x04, 0x01, 0x02, 0x04, 0x01,
    0x03, 0x02, 0x01, 0x03, 0x01, 0x00, 0x01, 0x08, 0x01, 0x06, 0x01, 0x09, 0x1c, 0x00, 0x17, 0x00, 0x01, 0x06, 0x01, 0x09,
    0x03, 0x0a, 0x01, 0x03, 0x01, 0x01, 0x02, 0x02, 0x07, 0x01, 0x01, 0x02, 0x01, 0x04, 0x01, 0x0a, 0x01, 0x08, 0x02, 0x09,
    0x01, 0x08, 0x1a, 0x00, 0x17, 0x00, 0x01, 0x0a, 0x01, 0x0b, 0x01, 0x0f, 0x01, 0x0b, 0x01, 0x03, 0x0c, 0x01, 0x01, 0x04,
    0x01, 0x0d, 0x01, 0x0a, 0x01, 0x0b, 0x01, 0x09, 0x01, 0x0a, 0x1a, 0x00, 0x16, 0x00, 0x01, 0x0a, 0x01, 0x09, 0x01, 0x0d,
    0x01, 0x0f, 0x01, 0x05, 0x0d, 0x01, 0x01, 0x02, 0x01, 0x09, 0x01, 0x0f, 0x01, 0x0e, 0x03, 0x0a, 0x19, 0x00, 0x16, 0x00,
    0x01, 0x0d, 0x01, 0x0a, 0x01, 0x0e, 0x01, 0x06, 0x0f, 0x01, 0x01, 0x03, 0x01, 0x0e, 0x01, 0x0f, 0x01, 0x0a, 0x01, 0x09,
    0x01, 0x0b, 0x19, 0x00, 0x17, 0x00, 0x01, 0x0d, 0x01, 0x0b, 0x01, 0x03, 0x01, 0x01, 0x02, 0x02, 0x05, 0x01, 0x02, 0x02,
    0x06, 0x01, 0x01, 0x04, 0x01, 0x0f, 0x01, 0x09, 0x01, 0x0b, 0x01, 0x0e, 0x05, 0x00, 0x02, 0x04, 0x12, 0x00, 0x17, 0x00,
    0x01, 0x0f, 0x01, 0x04, 0x01, 0x02, 0x02, 0x03, 0x02, 0x02, 0x03, 0x01, 0x02, 0x02, 0x02, 0x03, 0x01, 0x02, 0x04, 0x01,
    0x01, 0x03, 0x01, 0x0a, 0x01, 0x0d, 0x01, 0x0e, 0x06, 0x00, 0x01, 0x04, 0x01, 0x05, 0x01, 0x06, 0x11, 0x00, 0x17, 0x00,
    0x01, 0x03, 0x02, 0x02, 0x01, 0x03, 0x01, 0x01, 0x01, 0x02, 0x01, 0x03, 0x03, 0x01, 0x01, 0x02, 0x01, 0x01, 0x01, 0x02,
    0x02, 0x03, 0x05, 0x01, 0x01, 0x03, 0x01, 0x0f, 0x06, 0x00, 0x01, 0x06, 0x01, 0x04, 0x01, 0x05, 0x01, 0x09, 0x11, 0x00,
    0x17, 0x00, 0x01, 0x03, 0x01, 0x01, 0x01, 0x03, 0x02, 0x06, 0x01, 0x04, 0x03, 0x02, 0x01, 0x01, 0x01, 0x02, 0x02, 0x04,
    0x01, 0x09, 0x01, 0x0b, 0x01, 0x04, 0x05, 0x01, 0x01, 0x02, 0x05, 0x00, 0x01, 0x09, 0x02, 0x05, 0x01, 0x09, 0x12, 0x00,
    0x17, 0x00, 0x01, 0x03, 0x01, 0x01, 0x01, 0x06, 0x01, 0x0d, 0x01, 0x0e, 0x01, 0x0b, 0x01, 0x03, 0x01, 0x01, 0x01, 0x02,
    0x01, 0x01, 0x01, 0x03, 0x01, 0x0b, 0x01, 0x0e, 0x01, 0x0d, 0x01, 0x0b, 0x01, 0x0e, 0x01, 0x04, 0x01, 0x01, 0x01, 0x02,
    0x02, 0x01, 0x01, 0x03, 0x01, 0x04, 0x04, 0x00, 0x01, 0x05, 0x01, 0x04, 0x01, 0x06, 0x01, 0x0b, 0x12, 0x00, 0x17, 0x00,
    0x01, 0x02, 0x01, 0x03, 0x01, 0x0e, 0x01, 0x0f, 0x01, 0x0d, 0x01, 0x0f, 0x01, 0x03, 0x01, 0x01, 0x01, 0x02, 0x01, 0x01,
    0x01, 0x03, 0x02, 0x0f, 0x01, 0x0b, 0x01, 0x0d, 0x01, 0x0e, 0x01, 0x09, 0x01, 0x02, 0x01, 0x01, 0x01, 0x02, 0x01, 0x01,
    0x01, 0x02, 0x01, 0x03, 0x03, 0x00, 0x01, 0x06, 0x01, 0x04, 0x01, 0x06, 0x01, 0x0e, 0x13, 0x00, 0x16, 0x00, 0x01, 0x03,
    0x01, 0x01, 0x01, 0x04, 0x01, 0x0b, 0x01, 0x0f, 0x02, 0x06, 0x01, 0x03, 0x03, 0x01, 0x01, 0x03, 0x02, 0x0f, 0x01, 0x06,
    0x01, 0x03, 0x01, 0x09, 0x01, 0x0e, 0x01, 0x03, 0x01, 0x01, 0x02, 0x02, 0x02, 0x01, 0x02, 0x00, 0x01, 0x09, 0x01, 0x06,
    0x01, 0x05, 0x01, 0x09, 0x01, 0x06, 0x13, 0x00, 0x16, 0x00, 0x01, 0x04, 0x01, 0x01, 0x01, 0x04, 0x02, 0x06, 0x01, 0x0e,
    0x04, 0x03, 0x01, 0x01, 0x01, 0x02, 0x01, 0x06, 0x01, 0x0f, 0x01, 0x0e, 0x01, 0x01, 0x01, 0x04, 0x01, 0x0f, 0x01, 0x03,
    0x01, 0x01, 0x01, 0x02, 0x01, 0x01, 0x01, 0x03, 0x01, 0x04, 0x02, 0x00, 0x01, 0x05, 0x01, 0x04, 0x02, 0x09, 0x01, 0x06,
    0x13, 0x00, 0x16, 0x00, 0x01, 0x03, 0x01, 0x01, 0x01, 0x03, 0x01, 0x0e, 0x01, 0x0d, 0x01, 0x06, 0x01, 0x02, 0x01, 0x04,
    0x01, 0x0f, 0x01, 0x05, 0x01, 0x02, 0x01, 0x01, 0x01, 0x03, 0x01, 0x0b, 0x01, 0x05, 0x01, 0x04, 0x01, 0x0e, 0x01, 0x06,
    0x01, 0x02, 0x04, 0x01, 0x01, 0x03, 0x01, 0x00, 0x01, 0x05, 0x01, 0x04, 0x01, 0x05, 0x01, 0x09, 0x01, 0x0e, 0x01, 0x09,
    0x13, 0x00, 0x16, 0x00, 0x01, 0x04, 0x01, 0x03, 0x01, 0x01, 0x01, 0x03, 0x01, 0x04, 0x01, 0x02, 0x02, 0x01, 0x01, 0x02,
    0x02, 0x01, 0x01, 0x02, 0x01, 0x01, 0x01, 0x03, 0x01, 0x05, 0x01, 0x06, 0x01, 0x04, 0x01, 0x02, 0x01, 0x01, 0x04, 0x02,
    0x01, 0x03, 0x01, 0x06, 0x02, 0x05, 0x01, 0x09, 0x01, 0x00, 0x01, 0x0d, 0x01, 0x05, 0x01, 0x04, 0x12, 0x00, 0x16, 0x00,
    0x01, 0x04, 0x01, 0x03, 0x01, 0x02, 0x02, 0x01, 0x02, 0x02, 0x01, 0x01, 0x02, 0x02, 0x01, 0x01, 0x01, 0x02, 0x01, 0x03,
    0x04, 0x01, 0x02, 0x02, 0x02, 0x01, 0x01, 0x03, 0x01, 0x04, 0x01, 0x0f, 0x02, 0x05, 0x01, 0x09, 0x02, 0x00, 0x01, 0x09,
    0x02, 0x04, 0x12, 0x00, 0x17, 0x00, 0x01, 0x04, 0x02, 0x03, 0x01, 0x05, 0x01, 0x09, 0x01, 0x04, 0x06, 0x03, 0x05, 0x02,
    0x02, 0x01, 0x01, 0x04, 0x01, 0x09, 0x01, 0x0e, 0x01, 0x09, 0x01, 0x05, 0x01, 0x06, 0x01, 0x0b, 0x02, 0x00, 0x01, 0x06,
    0x02, 0x04, 0x12, 0x00, 0x17, 0x00, 0x01, 0x09, 0x01, 0x0a, 0x01, 0x09, 0x01, 0x0d, 0x01, 0x0a, 0x01, 0x04, 0x09, 0x01,
    0x01, 0x02, 0x01, 0x03, 0x01, 0x04, 0x01, 0x05, 0x01, 0x0d, 0x01, 0x0e, 0x01, 0x0a, 0x01, 0x09, 0x01, 0x06, 0x01, 0x09,
    0x03, 0x00, 0x01, 0x05, 0x03, 0x04, 0x11, 0x00, 0x16, 0x00, 0x01, 0x04, 0x01, 0x06, 0x01, 0x0f, 0x01, 0x0a, 0x01, 0x0b,
    0x01, 0x06, 0x01, 0x09, 0x01, 0x04, 0x02, 0x03, 0x02, 0x02, 0x01, 0x03, 0x03, 0x04, 0x01, 0x05, 0x01, 0x0b, 0x01, 0x0a,
    0x01, 0x09, 0x01, 0x06, 0x01, 0x0b, 0x01, 0x0e, 0x02, 0x09, 0x04, 0x00, 0x01, 0x09, 0x01, 0x04, 0x01, 0x05, 0x01, 0x06,
    0x11, 0x00, 0x17, 0x00, 0x01, 0x05, 0x01, 0x08, 0x02, 0x0a, 0x03, 0x0d, 0x01, 0x0e, 0x01, 0x0b, 0x02, 0x09, 0x01, 0x0b,
    0x02, 0x0d, 0x01, 0x0f, 0x01, 0x0d, 0x02, 0x06, 0x01, 0x08, 0x02, 0x0d, 0x01, 0x0c, 0x01, 0x09, 0x01, 0x0b, 0x03, 0x00,
    0x01, 0x09, 0x01, 0x0a, 0x01, 0x06, 0x01, 0x05, 0x12, 0x00, 0x16, 0x00, 0x01, 0x0c, 0x01, 0x0b, 0x01, 0x09, 0x01, 0x0a,
    0x01, 0x09, 0x01, 0x0a, 0x01, 0x0b, 0x01, 0x0a, 0x01, 0x0b, 0x02, 0x0a, 0x01, 0x0b, 0x01, 0x0d, 0x01, 0x0b, 0x01, 0x0a,
    0x01, 0x09, 0x01, 0x06, 0x01, 0x07, 0x01, 0x0c, 0x01, 0x0d, 0x01, 0x0c, 0x03, 0x07, 0x01, 0x08, 0x03, 0x00, 0x02, 0x06,
    0x14, 0x00, 0x15, 0x00, 0x01, 0x07, 0x01, 0x08, 0x01, 0x0e, 0x01, 0x0d, 0x05, 0x0a, 0x02, 0x0e, 0x01, 0x0d, 0x01, 0x0b,
    0x01, 0x09, 0x02, 0x04, 0x02, 0x06, 0x01, 0x0c, 0x01, 0x0d, 0x01, 0x08, 0x05, 0x07, 0x01, 0x0c, 0x03, 0x00, 0x01, 0x04,
    0x14, 0x00, 0x14, 0x00, 0x02, 0x07, 0x01, 0x0c, 0x01, 0x0d, 0x03, 0x0a, 0x01, 0x0b, 0x01, 0x0d, 0x01, 0x0e, 0x01, 0x09,
    0x02, 0x04, 0x01, 0x03, 0x01, 0x02, 0x01, 0x03, 0x01, 0x06, 0x01, 0x09, 0x01, 0x06, 0x01, 0x0c, 0x01, 0x08, 0x06, 0x07,
    0x01, 0x08, 0x01, 0x00, 0x01, 0x06, 0x01, 0x08, 0x02, 0x04, 0x13, 0x00, 0x13, 0x00, 0x01, 0x08, 0x01, 0x07, 0x01, 0x0a,
    0x01, 0x0b, 0x01, 0x0a, 0x02, 0x0b, 0x02, 0x0a, 0x01, 0x0d, 0x01, 0x06, 0x01, 0x04, 0x01, 0x03, 0x02, 0x01, 0x01, 0x03,
    0x01, 0x04, 0x02, 0x06, 0x01, 0x07, 0x01, 0x0c, 0x01, 0x08, 0x07, 0x07, 0x02, 0x00, 0x01, 0x04, 0x01, 0x05, 0x14, 0x00,
    0x12, 0x00, 0x01, 0x0c, 0x02, 0x05, 0x01, 0x09, 0x02, 0x0a, 0x03, 0x0b, 0x01, 0x0a, 0x01, 0x0e, 0x01, 0x05, 0x01, 0x04,
    0x01, 0x02, 0x01, 0x01, 0x01, 0x03, 0x02, 0x05, 0x01, 0x06, 0x01, 0x08, 0x01, 0x0c, 0x01, 0x0d, 0x07, 0x07, 0x01, 0x0c,
    0x18, 0x00, 0x11, 0x00, 0x01, 0x0c, 0x01, 0x05, 0x01, 0x04, 0x01, 0x09, 0x03, 0x0a, 0x02, 0x0b, 0x01, 0x0d, 0x01, 0x0f,
    0x01, 0x09, 0x01, 0x04, 0x01, 0x03, 0x01, 0x01, 0x01, 0x03, 0x01, 0x04, 0x02, 0x05, 0x01, 0x06, 0x01, 0x07, 0x01, 0x0c,
    0x01, 0x08, 0x07, 0x07, 0x01, 0x0c, 0x18, 0x00, 0x11, 0x00, 0x01, 0x08, 0x01, 0x04, 0x01, 0x06, 0x01, 0x0b, 0x03, 0x0a,
    0x02, 0x0b, 0x02, 0x0e, 0x02, 0x04, 0x01, 0x02, 0x01, 0x03, 0x04, 0x05, 0x01, 0x06, 0x01, 0x0a, 0x01, 0x0c, 0x02, 0x08,
    0x06, 0x07, 0x01, 0x0c, 0x18, 0x00, 0x11, 0x00, 0x01, 0x07, 0x01, 0x04, 0x01, 0x0a, 0x01, 0x0b, 0x03, 0x0a, 0x01, 0x0b,
    0x01, 0x0d, 0x01, 0x0f, 0x01, 0x09, 0x01, 0x04, 0x01, 0x03, 0x01, 0x04, 0x01, 0x05, 0x02, 0x04, 0x03, 0x05, 0x02, 0x04,
    0x01, 0x06, 0x06, 0x07, 0x01, 0x08, 0x01, 0x0d, 0x18, 0x00, 0x10, 0x00, 0x01, 0x0c, 0x01, 0x06, 0x01, 0x04, 0x01, 0x09,
    0x04, 0x0a, 0x01, 0x0b, 0x01, 0x0e, 0x02, 0x0f, 0x01, 0x0a, 0x01, 0x09, 0x01, 0x06, 0x02, 0x05, 0x01, 0x06, 0x01, 0x09,
    0x01, 0x0a, 0x01, 0x09, 0x03, 0x04, 0x01, 0x06, 0x01, 0x07, 0x01, 0x08, 0x03, 0x07, 0x02, 0x0c, 0x18, 0x00, 0x11, 0x00,
    0x01, 0x07, 0x01, 0x04, 0x01, 0x06, 0x01, 0x0d, 0x01, 0x0b, 0x01, 0x0a, 0x01, 0x0b, 0x01, 0x0e, 0x02, 0x0f, 0x03, 0x0a,
    0x01, 0x0b, 0x05, 0x0a, 0x01, 0x0b, 0x01, 0x06, 0x03, 0x04, 0x04, 0x07, 0x01, 0x08, 0x01, 0x0c, 0x01, 0x0e, 0x18, 0x00,
    0x11, 0x00, 0x01, 0x0b, 0x02, 0x04, 0x03, 0x0d, 0x01, 0x0e, 0x02, 0x0f, 0x01, 0x0d, 0x06, 0x0a, 0x01, 0x09, 0x02, 0x0a,
    0x01, 0x09, 0x01, 0x0b, 0x01, 0x05, 0x02, 0x04, 0x01, 0x05, 0x03, 0x07, 0x01, 0x0c, 0x01, 0x0e, 0x19, 0x00, 0x11, 0x00,
    0x01, 0x0b, 0x02, 0x04, 0x01, 0x05, 0x03, 0x0e, 0x01, 0x0d, 0x01, 0x0f, 0x01, 0x0b, 0x0b, 0x0a, 0x01, 0x06, 0x02, 0x04,
    0x01, 0x05, 0x02, 0x07, 0x01, 0x08, 0x01, 0x0c, 0x01, 0x0e, 0x19, 0x00, 0x12, 0x00, 0x03, 0x05, 0x02, 0x06, 0x02, 0x09,
    0x01, 0x0e, 0x01, 0x0b, 0x0b, 0x0a, 0x01, 0x0d, 0x03, 0x04, 0x02, 0x08, 0x01, 0x0c, 0x01, 0x0d, 0x01, 0x0c, 0x19, 0x00,
    0x14, 0x00, 0x01, 0x06, 0x01, 0x09, 0x01, 0x0b, 0x01, 0x0d, 0x01, 0x0b, 0x03, 0x0e, 0x01, 0x0b, 0x01, 0x0d, 0x01, 0x0e,
    0x01, 0x0d, 0x01, 0x0b, 0x03, 0x0a, 0x02, 0x0b, 0x01, 0x0e, 0x01, 0x05, 0x01, 0x04, 0x01, 0x06, 0x02, 0x0c, 0x01, 0x0d,
    0x01, 0x0e, 0x01, 0x0d, 0x19, 0x00, 0x15, 0x00, 0x01, 0x0c, 0x01, 0x0b, 0x03, 0x09, 0x01, 0x0e, 0x01, 0x0f, 0x01, 0x0d,
    0x09, 0x0e, 0x01, 0x0f, 0x01, 0x06, 0x01, 0x05, 0x01, 0x09, 0x01, 0x0c, 0x02, 0x0d, 0x01, 0x09, 0x1a, 0x00, 0x15, 0x00,
    0x02, 0x09, 0x01, 0x0d, 0x01, 0x09, 0x01, 0x05, 0x03, 0x06, 0x03, 0x09, 0x01, 0x0b, 0x05, 0x0e, 0x01, 0x0d, 0x02, 0x06,
    0x01, 0x0b, 0x01, 0x0e, 0x01, 0x0b, 0x01, 0x09, 0x01, 0x0d, 0x1a, 0x00, 0x16, 0x00, 0x02, 0x0e, 0x01, 0x09, 0x01, 0x06,
    0x04, 0x05, 0x01, 0x06, 0x02, 0x09, 0x01, 0x06, 0x01, 0x09, 0x01, 0x0d, 0x01, 0x0e, 0x01, 0x0a, 0x01, 0x06, 0x01, 0x09,
    0x04, 0x0d, 0x03, 0x0c, 0x19, 0x00, 0x16, 0x00, 0x01, 0x0b, 0x02, 0x08, 0x01, 0x0c, 0x03, 0x0a, 0x02, 0x09, 0x01, 0x0a,
    0x03, 0x0b, 0x01, 0x09, 0x01, 0x0d, 0x01, 0x0c, 0x01, 0x0b, 0x01, 0x0d, 0x01, 0x0e, 0x01, 0x0b, 0x05, 0x0c, 0x19, 0x00,
    0x15, 0x00, 0x01, 0x08, 0x06, 0x07, 0x01, 0x08, 0x03, 0x07, 0x01, 0x08, 0x01, 0x0b, 0x01, 0x09, 0x01, 0x06, 0x01, 0x09,
    0x01, 0x0d, 0x03, 0x0c, 0x01, 0x0b, 0x01, 0x09, 0x04, 0x0c, 0x19, 0x00, 0x15, 0x00, 0x0b, 0x07, 0x01, 0x08, 0x01, 0x06,
    0x03, 0x05, 0x01, 0x09, 0x04, 0x0c, 0x02, 0x09, 0x04, 0x0c, 0x18, 0x00, 0x14, 0x00, 0x01, 0x08, 0x07, 0x07, 0x01, 0x08,
    0x03, 0x07, 0x01, 0x06, 0x05, 0x05, 0x01, 0x08, 0x01, 0x07, 0x03, 0x08, 0x01, 0x06, 0x01, 0x0a, 0x02, 0x0c, 0x19, 0x00,
    0x14, 0x00, 0x01, 0x08, 0x04, 0x07, 0x02, 0x08, 0x05, 0x07, 0x01, 0x06, 0x04, 0x05, 0x01, 0x06, 0x01, 0x0a, 0x05, 0x07,
    0x01, 0x08, 0x01, 0x0b, 0x02, 0x0c, 0x18, 0x00, 0x14, 0x00, 0x05, 0x07, 0x02, 0x08, 0x01, 0x0c, 0x04, 0x08, 0x01, 0x06,
    0x02, 0x05, 0x01, 0x06, 0x01, 0x05, 0x01, 0x09, 0x01, 0x0c, 0x02, 0x07, 0x02, 0x08, 0x01, 0x07, 0x01, 0x08, 0x03, 0x0c,
    0x18, 0x00, 0x14, 0x00, 0x01, 0x08, 0x06, 0x07, 0x01, 0x0c, 0x03, 0x0d, 0x01, 0x0c, 0x01, 0x0b, 0x01, 0x0a, 0x01, 0x0b,
    0x01, 0x09, 0x01, 0x06, 0x01, 0x0c, 0x01, 0x08, 0x06, 0x07, 0x03, 0x0c, 0x18, 0x00, 0x14, 0x00, 0x01, 0x08, 0x06, 0x07,
    0x01, 0x08, 0x01, 0x0c, 0x02, 0x0d, 0x01, 0x0e, 0x01, 0x0f, 0x01, 0x0d, 0x01, 0x0c, 0x01, 0x0a, 0x01, 0x0c, 0x07, 0x07,
    0x01, 0x08, 0x02, 0x0c, 0x01, 0x09, 0x18, 0x00, 0x13, 0x00, 0x02, 0x05, 0x01, 0x06, 0x02, 0x07, 0x05, 0x08, 0x02, 0x0c,
    0x01, 0x0d, 0x01, 0x0e, 0x01, 0x0d, 0x02, 0x08, 0x03, 0x07, 0x02, 0x08, 0x03, 0x07, 0x04, 0x06, 0x18, 0x00, 0x14, 0x00,
    0x01, 0x05, 0x02, 0x04, 0x01, 0x05, 0x02, 0x06, 0x01, 0x07, 0x01, 0x08, 0x04, 0x0b, 0x01, 0x0d, 0x02, 0x0b, 0x01, 0x08,
    0x02, 0x07, 0x01, 0x08, 0x02, 0x06, 0x02, 0x05, 0x01, 0x04, 0x01, 0x05, 0x01, 0x06, 0x01, 0x0b, 0x01, 0x0d, 0x18, 0x00,
    0x14, 0x00, 0x01, 0x0d, 0x01, 0x0a, 0x01, 0x09, 0x04, 0x05, 0x02, 0x06, 0x03, 0x09, 0x02, 0x00, 0x01, 0x06, 0x01, 0x05,
    0x05, 0x04, 0x01, 0x05, 0x01, 0x06, 0x01, 0x09, 0x01, 0x0b, 0x03, 0x0e, 0x18, 0x00, 0x14, 0x00, 0x01, 0x0b, 0x01, 0x09,
    0x01, 0x0a, 0x03, 0x0b, 0x03, 0x0d, 0x02, 0x0e, 0x01, 0x0f, 0x03, 0x00, 0x03, 0x0a, 0x01, 0x0b, 0x05, 0x0a, 0x01, 0x0b,
    0x02, 0x0d, 0x01, 0x0e, 0x18, 0x00, 0x14, 0x00, 0x02, 0x0d, 0x02, 0x0a, 0x01, 0x0b, 0x03, 0x0d, 0x01, 0x0e, 0x01, 0x0f,
    0x02, 0x0e, 0x04, 0x00, 0x01, 0x0e, 0x02, 0x0d, 0x01, 0x0a, 0x03, 0x09, 0x01, 0x0b, 0x01, 0x0d, 0x01, 0x0a, 0x01, 0x0b,
    0x01, 0x0e, 0x01, 0x0f, 0x17, 0x00, 0x14, 0x00, 0x02, 0x0d, 0x01, 0x0f, 0x02, 0x0e, 0x01, 0x0b, 0x02, 0x0a, 0x01, 0x0d,
    0x03, 0x0e, 0x05, 0x00, 0x02, 0x0e, 0x01, 0x0d, 0x02, 0x0a, 0x01, 0x0d, 0x01, 0x0e, 0x01, 0x0b, 0x02, 0x0a, 0x01, 0x0d,
    0x01, 0x0e, 0x17, 0x00, 0x15, 0x00, 0x01, 0x0d, 0x01, 0x0a, 0x01, 0x0d, 0x01, 0x0b, 0x04, 0x0a, 0x02, 0x0d, 0x01, 0x0e,
    0x05, 0x00, 0x01, 0x0d, 0x05, 0x0e, 0x01, 0x0d, 0x03, 0x0a, 0x01, 0x0b, 0x01, 0x0e, 0x17, 0x00, 0x15, 0x00, 0x01, 0x0d,
    0x01, 0x0a, 0x01, 0x09, 0x04, 0x0a, 0x01, 0x0b, 0x01, 0x0d, 0x01, 0x0e, 0x01, 0x0f, 0x05, 0x00, 0x02, 0x0d, 0x04, 0x0b,
    0x03, 0x0a, 0x01, 0x0b, 0x01, 0x0e, 0x01, 0x0f, 0x17, 0x00, 0x16, 0x00, 0x01, 0x0d, 0x03, 0x0a, 0x02, 0x0b, 0x01, 0x0d,
    0x02, 0x0e, 0x07, 0x00, 0x01, 0x0e, 0x01, 0x0b, 0x04, 0x0a, 0x02, 0x0b, 0x01, 0x0d, 0x01, 0x0e, 0x18, 0x00, 0x16, 0x00,
    0x01, 0x0d, 0x02, 0x0b, 0x03, 0x0a, 0x01, 0x0d, 0x02, 0x0e, 0x08, 0x00, 0x01, 0x0d, 0x01, 0x0b, 0x02, 0x0a, 0x03, 0x0b,
    0x01, 0x0d, 0x01, 0x0e, 0x18, 0x00, 0x15, 0x00, 0x01, 0x0b, 0x05, 0x0a, 0x01, 0x0b, 0x01, 0x0d, 0x01, 0x0e, 0x01, 0x0d,
    0x08, 0x00, 0x01, 0x0e, 0x01, 0x0b, 0x02, 0x0a, 0x01, 0x0b, 0x01, 0x0a, 0x01, 0x0b, 0x01, 0x0d, 0x01, 0x0f, 0x18, 0x00,
    0x13, 0x00, 0x01, 0x08, 0x01, 0x0b, 0x01, 0x0a, 0x02, 0x0b, 0x04, 0x0a, 0x01, 0x0d, 0x01, 0x0e, 0x02, 0x0d, 0x07, 0x00,
    0x01, 0x0b, 0x02, 0x0a, 0x01, 0x09, 0x03, 0x0a, 0x01, 0x0b, 0x01, 0x0e, 0x18, 0x00, 0x13, 0x00, 0x01, 0x09, 0x01, 0x0a,
    0x01, 0x0b, 0x01, 0x0a, 0x01, 0x09, 0x02, 0x0a, 0x01, 0x0b, 0x01, 0x0d, 0x02, 0x0e, 0x01, 0x0d, 0x08, 0x00, 0x01, 0x09,
    0x03, 0x0a, 0x01, 0x0b, 0x03, 0x0a, 0x01, 0x0b, 0x01, 0x0f, 0x17, 0x00, 0x12, 0x00, 0x01, 0x09, 0x01, 0x0a, 0x01, 0x0b,
    0x01, 0x0d, 0x03, 0x0a, 0x01, 0x0b, 0x01, 0x0e, 0x02, 0x0f, 0x02, 0x0e, 0x07, 0x00, 0x01, 0x09, 0x01, 0x08, 0x01, 0x0b,
    0x01, 0x09, 0x02, 0x0a, 0x01, 0x09, 0x01, 0x0b, 0x02, 0x0a, 0x01, 0x0f, 0x17, 0x00, 0x13, 0x00, 0x02, 0x09, 0x01, 0x0b,
    0x01, 0x09, 0x01, 0x0b, 0x02, 0x0e, 0x01, 0x0f, 0x0b, 0x00, 0x01, 0x0a, 0x01, 0x09, 0x01, 0x0b, 0x01, 0x0a, 0x01, 0x0b,
    0x01, 0x0d, 0x01, 0x0a, 0x01, 0x0d, 0x01, 0x0a, 0x01, 0x0b, 0x01, 0x0f, 0x17, 0x00, 0x16, 0x00, 0x02, 0x09, 0x0e, 0x00,
    0x02, 0x0b, 0x01, 0x0d, 0x01, 0x09, 0x02, 0x0d, 0x01, 0x09, 0x01, 0x0f, 0x01, 0x0d, 0x01, 0x0e, 0x18, 0x00, 0x28, 0x00,
    0x01, 0x06, 0x04, 0x09, 0x1b, 0x00, 0x48, 0x00, 0x48, 0x00
};
const uint8_t kRunning4[] PROGMEM = {
    0x48, 0x00, 0x48, 0x00, 0x48, 0x00, 0x21, 0x00, 0x01, 0x03, 0x26, 0x00, 0x1f, 0x00, 0x01, 0x01, 0x01, 0x02, 0x01, 0x03,
    0x26, 0x00, 0x1d, 0x00, 0x01, 0x03, 0x01, 0x02, 0x01, 0x01, 0x01, 0x02, 0x27, 0x00, 0x1d, 0x00, 0x01, 0x02, 0x02, 0x01,
    0x01, 0x02, 0x01, 0x04, 0x01, 0x03, 0x25, 0x00, 0x1d, 0x00, 0x04, 0x01, 0x01, 0x02, 0x02, 0x01, 0x02, 0x02, 0x22, 0x00,
    0x1d, 0x00, 0x01, 0x03, 0x06, 0x01, 0x04, 0x03, 0x01, 0x00, 0x01, 0x09, 0x01, 0x08, 0x02, 0x0a, 0x1b, 0x00, 0x18, 0x00,
    0x01, 0x0a, 0x02, 0x09, 0x01, 0x0b, 0x03, 0x03, 0x01, 0x02, 0x03, 0x01, 0x01, 0x02, 0x03, 0x01, 0x01, 0x02, 0x01, 0x06,
    0x01, 0x0a, 0x03, 0x08, 0x01, 0x0a, 0x1a, 0x00, 0x17, 0x00, 0x02, 0x09, 0x02, 0x0a, 0x01, 0x0b, 0x01, 0x03, 0x01, 0x01,
    0x01, 0x03, 0x01, 0x02, 0x08, 0x01, 0x01, 0x04, 0x01, 0x0b, 0x01, 0x0d, 0x01, 0x0e, 0x01, 0x0a, 0x01, 0x09, 0x01, 0x0a,
    0x19, 0x00, 0x16, 0x00, 0x01, 0x0b, 0x01, 0x09, 0x01, 0x0a, 0x01, 0x0f, 0x01, 0x0d, 0x01, 0x03, 0x0b, 0x01, 0x01, 0x02,
    0x01, 0x01, 0x01, 0x04, 0x02, 0x0f, 0x01, 0x0b, 0x01, 0x09, 0x01, 0x0a, 0x19, 0x00, 0x16, 0x00, 0x01, 0x0a, 0x01, 0x09,
    0x01, 0x0d, 0x01, 0x0f, 0x01, 0x06, 0x0f, 0x01, 0x01, 0x04, 0x01, 0x0f, 0x01, 0x0b, 0x01, 0x0a, 0x01, 0x0b, 0x19, 0x00,
    0x16, 0x00, 0x01, 0x0b, 0x01, 0x09, 0x01, 0x0e, 0x01, 0x0b, 0x01, 0x02, 0x08, 0x01, 0x01, 0x02, 0x06, 0x01, 0x01, 0x02,
    0x01, 0x09, 0x02, 0x0b, 0x01, 0x0e, 0x19, 0x00, 0x17, 0x00, 0x01, 0x0b, 0x01, 0x0f, 0x01, 0x03, 0x04, 0x01, 0x01, 0x02,
    0x03, 0x01, 0x01, 0x02, 0x03, 0x03, 0x02, 0x02, 0x01, 0x01, 0x01, 0x02, 0x01, 0x01, 0x01, 0x03, 0x01, 0x0e, 0x01, 0x0f,
    0x07, 0x00, 0x02, 0x04, 0x11, 0x00, 0x17, 0x00, 0x01, 0x0f, 0x01, 0x06, 0x02, 0x01, 0x01, 0x02, 0x02, 0x03, 0x01, 0x02,
    0x02, 0x01, 0x01, 0x02, 0x01, 0x03, 0x01, 0x01, 0x01, 0x02, 0x02, 0x03, 0x01, 0x01, 0x01, 0x02, 0x03, 0x01, 0x01, 0x03,
    0x07, 0x00, 0x01, 0x05, 0x01, 0x04, 0x01, 0x05, 0x01, 0x09, 0x10, 0x00, 0x18, 0x00, 0x01, 0x03, 0x01, 0x01, 0x02, 0x03,
    0x02, 0x02, 0x01, 0x03, 0x01, 0x01, 0x01, 0x02, 0x01, 0x01, 0x01, 0x02, 0x02, 0x03, 0x01, 0x06, 0x01, 0x0a, 0x01, 0x04,
    0x05, 0x01, 0x01, 0x03, 0x06, 0x00, 0x01, 0x05, 0x01, 0x04, 0x01, 0x06, 0x01, 0x0e, 0x10, 0x00, 0x17, 0x00, 0x01, 0x03,
    0x01, 0x02, 0x01, 0x01, 0x01, 0x03, 0x01, 0x04, 0x01, 0x03, 0x01, 0x04, 0x01, 0x02, 0x01, 0x01, 0x01, 0x02, 0x01, 0x01,
    0x01, 0x02, 0x01, 0x09, 0x01, 0x0e, 0x01, 0x0d, 0x01, 0x0b, 0x01, 0x0d, 0x01, 0x04, 0x01, 0x01, 0x01, 0x02, 0x01, 0x01,
    0x01, 0x02, 0x01, 0x03, 0x05, 0x00, 0x01, 0x05, 0x01, 0x04, 0x01, 0x05, 0x01, 0x09, 0x11, 0x00, 0x17, 0x00, 0x01, 0x03,
    0x01, 0x02, 0x01, 0x01, 0x01, 0x05, 0x01, 0x0f, 0x01, 0x0d, 0x01, 0x0e, 0x01, 0x03, 0x01, 0x01, 0x01, 0x02, 0x01, 0x01,
    0x01, 0x02, 0x01, 0x0b, 0x01, 0x0e, 0x01, 0x0f, 0x01, 0x0d, 0x01, 0x0f, 0x01, 0x0e, 0x01, 0x03, 0x01, 0x01, 0x02, 0x02,
    0x01, 0x01, 0x01, 0x03, 0x03, 0x00, 0x01, 0x05, 0x01, 0x04, 0x01, 0x05, 0x01, 0x09, 0x12, 0x00, 0x17, 0x00, 0x01, 0x03,
    0x01, 0x01, 0x01, 0x03, 0x01, 0x0e, 0x01, 0x0d, 0x01, 0x0e, 0x01, 0x0f, 0x01, 0x04, 0x01, 0x01, 0x01, 0x02, 0x01, 0x01,
    0x01, 0x02, 0x01, 0x0d, 0x01, 0x0f, 0x01, 0x0d, 0x01, 0x06, 0x01, 0x04, 0x01, 0x0f, 0x01, 0x04, 0x01, 0x01, 0x01, 0x02,
    0x01, 0x01, 0x01, 0x03, 0x01, 0x04, 0x03, 0x00, 0x01, 0x05, 0x01, 0x04, 0x01, 0x09, 0x13, 0x00, 0x17, 0x00, 0x02, 0x01,
    0x01, 0x04, 0x01, 0x0d, 0x01, 0x06, 0x01, 0x0f, 0x01, 0x0b, 0x01, 0x06, 0x03, 0x01, 0x01, 0x02, 0x01, 0x05, 0x01, 0x0e,
    0x01, 0x0f, 0x01, 0x05, 0x01, 0x01, 0x01, 0x0f, 0x01, 0x04, 0x01, 0x01, 0x03, 0x02, 0x01, 0x03, 0x02, 0x00, 0x02, 0x05,
    0x01, 0x09, 0x01, 0x06, 0x01, 0x05, 0x12, 0x00, 0x16, 0x00, 0x01, 0x03, 0x01, 0x02, 0x01, 0x01, 0x01, 0x04, 0x01, 0x08,
    0x01, 0x03, 0x02, 0x0f, 0x01, 0x04, 0x01, 0x02, 0x02, 0x03, 0x01, 0x01, 0x01, 0x02, 0x01, 0x05, 0x01, 0x0f, 0x01, 0x04,
    0x01, 0x06, 0x01, 0x0d, 0x01, 0x03, 0x01, 0x01, 0x01, 0x02, 0x02, 0x01, 0x01, 0x03, 0x01, 0x00, 0x01, 0x06, 0x01, 0x04,
    0x01, 0x05, 0x01, 0x09, 0x01, 0x0b, 0x01, 0x09, 0x12, 0x00, 0x16, 0x00, 0x01, 0x04, 0x01, 0x03, 0x01, 0x01, 0x01, 0x03,
    0x01, 0x0e, 0x01, 0x04, 0x02, 0x09, 0x01, 0x01, 0x01, 0x04, 0x01, 0x0f, 0x01, 0x05, 0x02, 0x01, 0x01, 0x02, 0x01, 0x04,
    0x01, 0x06, 0x01, 0x05, 0x01, 0x03, 0x01, 0x01, 0x01, 0x02, 0x02, 0x01, 0x01, 0x03, 0x01, 0x05, 0x01, 0x06, 0x02, 0x05,
    0x01, 0x09, 0x01, 0x00, 0x01, 0x0b, 0x01, 0x06, 0x12, 0x00, 0x16, 0x00, 0x02, 0x03, 0x01, 0x02, 0x01, 0x01, 0x01, 0x04,
    0x01, 0x0a, 0x01, 0x06, 0x01, 0x03, 0x01, 0x01, 0x01, 0x02, 0x01, 0x03, 0x02, 0x01, 0x02, 0x02, 0x01, 0x01, 0x01, 0x02,
    0x01, 0x01, 0x02, 0x02, 0x01, 0x01, 0x01, 0x02, 0x01, 0x03, 0x01, 0x06, 0x01, 0x00, 0x02, 0x05, 0x01, 0x06, 0x02, 0x00,
    0x01, 0x06, 0x02, 0x04, 0x11, 0x00, 0x17, 0x00, 0x01, 0x04, 0x01, 0x03, 0x02, 0x01, 0x01, 0x02, 0x02, 0x01, 0x01, 0x02,
    0x02, 0x01, 0x01, 0x02, 0x01, 0x01, 0x02, 0x03, 0x06, 0x02, 0x01, 0x04, 0x01, 0x0f, 0x01, 0x0b, 0x01, 0x09, 0x01, 0x05,
    0x01, 0x06, 0x01, 0x09, 0x02, 0x00, 0x01, 0x06, 0x02, 0x04, 0x11, 0x00, 0x18, 0x00, 0x01, 0x04, 0x01, 0x03, 0x02, 0x01,
    0x02, 0x02, 0x06, 0x03, 0x01, 0x02, 0x03, 0x01, 0x01, 0x02, 0x01, 0x04, 0x01, 0x0b, 0x01, 0x0f, 0x01, 0x0b, 0x01, 0x0a,
    0x01, 0x09, 0x01, 0x05, 0x01, 0x09, 0x03, 0x00, 0x01, 0x05, 0x03, 0x04, 0x10, 0x00, 0x17, 0x00, 0x01, 0x05, 0x02, 0x0b,
    0x01, 0x04, 0x01, 0x03, 0x02, 0x02, 0x06, 0x01, 0x01, 0x02, 0x02, 0x04, 0x01, 0x05, 0x01, 0x09, 0x01, 0x0b, 0x02, 0x06,
    0x01, 0x08, 0x01, 0x0d, 0x02, 0x09, 0x04, 0x00, 0x01, 0x06, 0x02, 0x04, 0x01, 0x06, 0x10, 0x00, 0x17, 0x00, 0x01, 0x04,
    0x01, 0x07, 0x01, 0x0e, 0x01, 0x0f, 0x01, 0x0d, 0x02, 0x06, 0x01, 0x04, 0x01, 0x03, 0x04, 0x04, 0x01, 0x06, 0x01, 0x0d,
    0x01, 0x0e, 0x01, 0x0f, 0x02, 0x06, 0x01, 0x07, 0x01, 0x0c, 0x01, 0x0f, 0x01, 0x0e, 0x01, 0x09, 0x01, 0x0e, 0x03, 0x00,
    0x01, 0x0b, 0x01, 0x0a, 0x01, 0x05, 0x01, 0x06, 0x11, 0x00, 0x17, 0x00, 0x01, 0x0b, 0x01, 0x05, 0x01, 0x07, 0x01, 0x0c,
    0x02, 0x0f, 0x07, 0x0d, 0x01, 0x0e, 0x01, 0x0b, 0x02, 0x09, 0x01, 0x06, 0x01, 0x0c, 0x01, 0x0d, 0x01, 0x0c, 0x01, 0x08,
    0x01, 0x07, 0x01, 0x08, 0x01, 0x0c, 0x03, 0x00, 0x01, 0x06, 0x01, 0x07, 0x13, 0x00, 0x16, 0x00, 0x01, 0x07, 0x01, 0x0c,
    0x01, 0x0d, 0x01, 0x06, 0x01, 0x0e, 0x01, 0x0f, 0x02, 0x05, 0x01, 0x0b, 0x01, 0x0d, 0x01, 0x0a, 0x01, 0x0b, 0x02, 0x0d,
    0x01, 0x09, 0x01, 0x04, 0x01, 0x05, 0x01, 0x06, 0x01, 0x07, 0x02, 0x0c, 0x05, 0x07, 0x01, 0x08, 0x03, 0x00, 0x01, 0x04,
    0x13, 0x00, 0x15, 0x00, 0x01, 0x08, 0x01, 0x07, 0x01, 0x08, 0x01, 0x0d, 0x01, 0x0a, 0x01, 0x0d, 0x01, 0x09, 0x02, 0x03,
    0x01, 0x04, 0x01, 0x06, 0x01, 0x0b, 0x01, 0x06, 0x02, 0x04, 0x01, 0x03, 0x01, 0x04, 0x01, 0x0a, 0x01, 0x09, 0x01, 0x0b,
    0x01, 0x0c, 0x07, 0x07, 0x02, 0x00, 0x01, 0x0e, 0x02, 0x04, 0x12, 0x00, 0x15, 0x00, 0x02, 0x07, 0x01, 0x0c, 0x01, 0x08,
    0x01, 0x09, 0x01, 0x0a, 0x01, 0x04, 0x01, 0x02, 0x02, 0x01, 0x01, 0x02, 0x01, 0x03, 0x02, 0x02, 0x01, 0x01, 0x01, 0x03,
    0x01, 0x05, 0x02, 0x06, 0x03, 0x08, 0x06, 0x07, 0x01, 0x08, 0x01, 0x00, 0x03, 0x05, 0x12, 0x00, 0x14, 0x00, 0x01, 0x08,
    0x01, 0x07, 0x02, 0x0c, 0x01, 0x07, 0x01, 0x0b, 0x01, 0x06, 0x01, 0x04, 0x05, 0x02, 0x01, 0x01, 0x01, 0x02, 0x01, 0x04,
    0x02, 0x06, 0x01, 0x05, 0x02, 0x07, 0x01, 0x0c, 0x02, 0x08, 0x06, 0x07, 0x01, 0x00, 0x02, 0x04, 0x13, 0x00, 0x10, 0x00,
    0x01, 0x09, 0x01, 0x06, 0x01, 0x0a, 0x01, 0x0b, 0x01, 0x09, 0x03, 0x0c, 0x01, 0x08, 0x01, 0x09, 0x01, 0x05, 0x01, 0x04,
    0x05, 0x02, 0x01, 0x03, 0x01, 0x04, 0x01, 0x05, 0x01, 0x06, 0x01, 0x09, 0x01, 0x06, 0x01, 0x07, 0x02, 0x0c, 0x08, 0x07,
    0x16, 0x00, 0x10, 0x00, 0x01, 0x0b, 0x01, 0x09, 0x01, 0x0b, 0x04, 0x0d, 0x01, 0x0c, 0x01, 0x06, 0x02, 0x05, 0x01, 0x04,
    0x03, 0x02, 0x02, 0x03, 0x01, 0x05, 0x01, 0x0a, 0x01, 0x04, 0x01, 0x0a, 0x01, 0x0b, 0x01, 0x06, 0x01, 0x08, 0x02, 0x0c,
    0x01, 0x08, 0x06, 0x07, 0x01, 0x0c, 0x16, 0x00, 0x11, 0x00, 0x01, 0x0d, 0x01, 0x09, 0x01, 0x0b, 0x01, 0x0a, 0x01, 0x0b,
    0x01, 0x0e, 0x01, 0x08, 0x01, 0x06, 0x01, 0x05, 0x01, 0x04, 0x01, 0x05, 0x01, 0x03, 0x01, 0x01, 0x01, 0x03, 0x01, 0x06,
    0x02, 0x09, 0x01, 0x0a, 0x01, 0x0b, 0x01, 0x0e, 0x01, 0x0d, 0x01, 0x09, 0x01, 0x08, 0x01, 0x05, 0x01, 0x04, 0x01, 0x06,
    0x02, 0x08, 0x04, 0x07, 0x01, 0x08, 0x16, 0x00, 0x11, 0x00, 0x01, 0x09, 0x01, 0x0b, 0x01, 0x0e, 0x01, 0x09, 0x01, 0x0d,
    0x01, 0x0e, 0x01, 0x0b, 0x01, 0x06, 0x02, 0x04, 0x01, 0x05, 0x01, 0x04, 0x01, 0x02, 0x01, 0x05, 0x01, 0x0e, 0x01, 0x0a,
    0x02, 0x0d, 0x01, 0x0b, 0x02, 0x0a, 0x01, 0x0d, 0x02, 0x09, 0x01, 0x05, 0x02, 0x04, 0x02, 0x08, 0x03, 0x07, 0x01, 0x08,
    0x16, 0x00, 0x10, 0x00, 0x01, 0x04, 0x01, 0x09, 0x01, 0x0f, 0x01, 0x0e, 0x01, 0x09, 0x01, 0x0f, 0x02, 0x0a, 0x01, 0x09,
    0x01, 0x05, 0x01, 0x04, 0x01, 0x05, 0x02, 0x04, 0x02, 0x0d, 0x01, 0x0e, 0x01, 0x0b, 0x01, 0x0d, 0x01, 0x0a, 0x01, 0x0b,
    0x02, 0x0d, 0x02, 0x0a, 0x01, 0x0b, 0x03, 0x04, 0x04, 0x07, 0x01, 0x0c, 0x16, 0x00, 0x10, 0x00, 0x01, 0x05, 0x01, 0x0b,
    0x03, 0x0d, 0x01, 0x0f, 0x01, 0x0b, 0x01, 0x0f, 0x01, 0x0b, 0x05, 0x05, 0x01, 0x09, 0x02, 0x0e, 0x01, 0x0d, 0x01, 0x0b,
    0x01, 0x0d, 0x02, 0x0e, 0x02, 0x0a, 0x01, 0x09, 0x01, 0x0a, 0x01, 0x06, 0x02, 0x04, 0x01, 0x06, 0x01, 0x08, 0x01, 0x07,
    0x01, 0x08, 0x01, 0x0c, 0x16, 0x00, 0x10, 0x00, 0x01, 0x05, 0x01, 0x0a, 0x01, 0x0b, 0x01, 0x0e, 0x01, 0x0f, 0x01, 0x0e,
    0x02, 0x0f, 0x01, 0x09, 0x02, 0x05, 0x01, 0x06, 0x01, 0x05, 0x01, 0x04, 0x01, 0x05, 0x01, 0x06, 0x01, 0x0b, 0x01, 0x0e,
    0x01, 0x0f, 0x02, 0x0e, 0x05, 0x0a, 0x01, 0x09, 0x02, 0x04, 0x01, 0x06, 0x02, 0x07, 0x01, 0x0c, 0x17, 0x00, 0x10, 0x00,
    0x01, 0x05, 0x02, 0x0b, 0x01, 0x0a, 0x01, 0x0d, 0x01, 0x0e, 0x01, 0x0f, 0x01, 0x0e, 0x01, 0x09, 0x01, 0x06, 0x02, 0x05,
    0x01, 0x04, 0x01, 0x05, 0x01, 0x06, 0x02, 0x04, 0x01, 0x06, 0x01, 0x0a, 0x02, 0x0e, 0x02, 0x0b, 0x01, 0x0a, 0x01, 0x09,
    0x01, 0x0a, 0x01, 0x09, 0x02, 0x04, 0x01, 0x05, 0x02, 0x07, 0x01, 0x0c, 0x17, 0x00, 0x10, 0x00, 0x01, 0x05, 0x01, 0x09,
    0x01, 0x0e, 0x01, 0x0d, 0x01, 0x0e, 0x01, 0x0f, 0x01, 0x0e, 0x01, 0x0b, 0x02, 0x0a, 0x01, 0x06, 0x01, 0x05, 0x02, 0x06,
    0x02, 0x05, 0x03, 0x06, 0x01, 0x0a, 0x02, 0x0e, 0x02, 0x0d, 0x01, 0x0a, 0x01, 0x0b, 0x01, 0x0a, 0x02, 0x04, 0x01, 0x09,
    0x02, 0x0c, 0x01, 0x0d, 0x17, 0x00, 0x11, 0x00, 0x01, 0x06, 0x01, 0x09, 0x01, 0x0d, 0x01, 0x0e, 0x01, 0x0b, 0x01, 0x0a,
    0x01, 0x0b, 0x01, 0x09, 0x01, 0x06, 0x02, 0x05, 0x03, 0x06, 0x06, 0x09, 0x01, 0x0d, 0x03, 0x0e, 0x01, 0x0f, 0x01, 0x09,
    0x01, 0x05, 0x01, 0x06, 0x01, 0x0c, 0x03, 0x0d, 0x17, 0x00, 0x12, 0x00, 0x03, 0x06, 0x01, 0x09, 0x01, 0x0a, 0x01, 0x0d,
    0x01, 0x09, 0x01, 0x06, 0x06, 0x05, 0x01, 0x06, 0x01, 0x09, 0x01, 0x06, 0x03, 0x09, 0x01, 0x0e, 0x01, 0x0d, 0x01, 0x0b,
    0x01, 0x09, 0x02, 0x06, 0x01, 0x0b, 0x03, 0x0e, 0x18, 0x00, 0x16, 0x00, 0x01, 0x09, 0x01, 0x0d, 0x01, 0x0b, 0x01, 0x09,
    0x01, 0x06, 0x05, 0x05, 0x01, 0x09, 0x01, 0x06, 0x01, 0x05, 0x01, 0x0b, 0x02, 0x0d, 0x01, 0x0b, 0x03, 0x09, 0x01, 0x0a,
    0x01, 0x0d, 0x01, 0x0f, 0x01, 0x0e, 0x02, 0x0c, 0x18, 0x00, 0x16, 0x00, 0x01, 0x0d, 0x01, 0x0c, 0x02, 0x08, 0x01, 0x0c,
    0x05, 0x0a, 0x01, 0x0b, 0x01, 0x0e, 0x01, 0x0d, 0x02, 0x09, 0x01, 0x0b, 0x01, 0x0c, 0x01, 0x0b, 0x01, 0x0d, 0x01, 0x0f,
    0x02, 0x0d, 0x04, 0x0c, 0x18, 0x00, 0x16, 0x00, 0x01, 0x0a, 0x02, 0x08, 0x04, 0x07, 0x01, 0x08, 0x04, 0x07, 0x01, 0x09,
    0x01, 0x06, 0x01, 0x05, 0x01, 0x09, 0x04, 0x0c, 0x01, 0x0a, 0x01, 0x09, 0x04, 0x0c, 0x18, 0x00, 0x15, 0x00, 0x01, 0x0a,
    0x07, 0x07, 0x02, 0x08, 0x02, 0x07, 0x01, 0x08, 0x04, 0x05, 0x01, 0x09, 0x04, 0x0c, 0x01, 0x09, 0x01, 0x0a, 0x03, 0x0c,
    0x18, 0x00, 0x15, 0x00, 0x01, 0x0c, 0x07, 0x07, 0x01, 0x08, 0x03, 0x07, 0x01, 0x06, 0x05, 0x05, 0x01, 0x0b, 0x03, 0x0c,
    0x01, 0x08, 0x01, 0x06, 0x01, 0x0a, 0x02, 0x0c, 0x18, 0x00, 0x15, 0x00, 0x01, 0x08, 0x03, 0x07, 0x03, 0x08, 0x01, 0x07,
    0x01, 0x08, 0x03, 0x07, 0x01, 0x06, 0x05, 0x05, 0x01, 0x0a, 0x04, 0x07, 0x01, 0x08, 0x01, 0x09, 0x01, 0x0b, 0x01, 0x0c,
    0x18, 0x00, 0x15, 0x00, 0x01, 0x08, 0x01, 0x07, 0x01, 0x08, 0x02, 0x07, 0x01, 0x08, 0x02, 0x0c, 0x03, 0x08, 0x01, 0x07,
    0x01, 0x06, 0x03, 0x05, 0x01, 0x04, 0x01, 0x09, 0x01, 0x0c, 0x02, 0x07, 0x02, 0x08, 0x02, 0x07, 0x03, 0x0c, 0x17, 0x00,
    0x15, 0x00, 0x06, 0x07, 0x01, 0x08, 0x01, 0x0c, 0x04, 0x0d, 0x01, 0x0b, 0x01, 0x0a, 0x01, 0x0d, 0x01, 0x09, 0x01, 0x06,
    0x01, 0x0c, 0x07, 0x07, 0x03, 0x0c, 0x17, 0x00, 0x15, 0x00, 0x01, 0x08, 0x06, 0x07, 0x01, 0x08, 0x02, 0x0c, 0x01, 0x0d,
    0x02, 0x0f, 0x02, 0x0c, 0x01, 0x0b, 0x01, 0x0c, 0x08, 0x07, 0x02, 0x0c, 0x01, 0x08, 0x17, 0x00, 0x15, 0x00, 0x02, 0x06,
    0x01, 0x07, 0x01, 0x08, 0x01, 0x07, 0x01, 0x08, 0x01, 0x07, 0x01, 0x08, 0x03, 0x0c, 0x01, 0x0d, 0x01, 0x0e, 0x01, 0x0d,
    0x01, 0x08, 0x04, 0x07, 0x04, 0x08, 0x01, 0x07, 0x01, 0x06, 0x01, 0x09, 0x02, 0x06, 0x17, 0x00, 0x15, 0x00, 0x01, 0x05,
    0x02, 0x04, 0x02, 0x05, 0x03, 0x06, 0x01, 0x08, 0x01, 0x0a, 0x01, 0x0b, 0x03, 0x0a, 0x01, 0x09, 0x03, 0x08, 0x01, 0x07,
    0x03, 0x06, 0x01, 0x05, 0x02, 0x04, 0x01, 0x06, 0x01, 0x0b, 0x01, 0x0d, 0x17, 0x00, 0x15, 0x00, 0x01, 0x0b, 0x01, 0x0a,
    0x01, 0x06, 0x02, 0x05, 0x01, 0x04, 0x02, 0x05, 0x01, 0x06, 0x02, 0x09, 0x01, 0x0a, 0x01, 0x0b, 0x01, 0x00, 0x01, 0x06,
    0x01, 0x05, 0x03, 0x04, 0x04, 0x05, 0x01, 0x09, 0x01, 0x0a, 0x01, 0x0e, 0x01, 0x0d, 0x01, 0x0e, 0x17, 0x00, 0x16, 0x00,
    0x01, 0x0d, 0x03, 0x0a, 0x02, 0x0b, 0x01, 0x0d, 0x02, 0x0e, 0x02, 0x0f, 0x03, 0x00, 0x01, 0x0b, 0x03, 0x0a, 0x01, 0x09,
    0x04, 0x0a, 0x01, 0x0b, 0x01, 0x0d, 0x02, 0x0e, 0x17, 0x00, 0x16, 0x00, 0x01, 0x0f, 0x01, 0x0b, 0x03, 0x0a, 0x02, 0x0d,
    0x01, 0x0b, 0x01, 0x0d, 0x03, 0x0e, 0x03, 0x00, 0x02, 0x0e, 0x01, 0x0d, 0x02, 0x0a, 0x02, 0x09, 0x01, 0x0b, 0x01, 0x0d,
    0x01, 0x0a, 0x02, 0x0d, 0x01, 0x0e, 0x16, 0x00, 0x16, 0x00, 0x02, 0x0d, 0x01, 0x0e, 0x01, 0x0d, 0x01, 0x0e, 0x01, 0x0d,
    0x01, 0x0a, 0x01, 0x0b, 0x01, 0x0d, 0x01, 0x0e, 0x01, 0x0d, 0x01, 0x0e, 0x04, 0x00, 0x02, 0x0e, 0x01, 0x0b, 0x02, 0x0a,
    0x01, 0x0d, 0x01, 0x0e, 0x01, 0x0b, 0x02, 0x0a, 0x01, 0x0d, 0x01, 0x0e, 0x16, 0x00, 0x16, 0x00, 0x01, 0x0e, 0x02, 0x0b,
    0x01, 0x0d, 0x05, 0x0a, 0x02, 0x0d, 0x01, 0x0e, 0x04, 0x00, 0x02, 0x0d, 0x04, 0x0e, 0x01, 0x0b, 0x02, 0x0a, 0x01, 0x0b,
    0x01, 0x0d, 0x01, 0x0e, 0x16, 0x00, 0x17, 0x00, 0x01, 0x0d, 0x02, 0x0a, 0x01, 0x0b, 0x03, 0x0a, 0x01, 0x0b, 0x02, 0x0e,
    0x05, 0x00, 0x01, 0x0e, 0x01, 0x0d, 0x03, 0x0b, 0x04, 0x0a, 0x01, 0x0b, 0x01, 0x0d, 0x01, 0x0e, 0x16, 0x00, 0x18, 0x00,
    0x01, 0x0d, 0x03, 0x0a, 0x02, 0x0b, 0x01, 0x0d, 0x02, 0x0e, 0x06, 0x00, 0x01, 0x0d, 0x01, 0x0b, 0x04, 0x0a, 0x01, 0x0b,
    0x01, 0x0a, 0x01, 0x0d, 0x01, 0x0e, 0x17, 0x00, 0x18, 0x00, 0x01, 0x0d, 0x02, 0x0b, 0x03, 0x0a, 0x03, 0x0e, 0x07, 0x00,
    0x01, 0x0d, 0x01, 0x0b, 0x03, 0x0a, 0x02, 0x0b, 0x01, 0x0d, 0x01, 0x0e, 0x17, 0x00, 0x17, 0x00, 0x07, 0x0a, 0x01, 0x0d,
    0x01, 0x0e, 0x01, 0x0d, 0x07, 0x00, 0x01, 0x0e, 0x01, 0x0d, 0x04, 0x0a, 0x01, 0x0b, 0x01, 0x0d, 0x01, 0x0f, 0x17, 0x00,
    0x15, 0x00, 0x03, 0x0a, 0x01, 0x0b, 0x05, 0x0a, 0x03, 0x0e, 0x07, 0x00, 0x01, 0x0b, 0x01, 0x09, 0x05, 0x0a, 0x01, 0x0b,
    0x01, 0x0e, 0x17, 0x00, 0x14, 0x00, 0x02, 0x09, 0x01, 0x0a, 0x01, 0x0b, 0x04, 0x0a, 0x01, 0x0b, 0x01, 0x0d, 0x01, 0x0e,
    0x01, 0x0d, 0x01, 0x0e, 0x07, 0x00, 0x01, 0x0a, 0x01, 0x09, 0x01, 0x0b, 0x01, 0x0a, 0x01, 0x0b, 0x03, 0x0a, 0x01, 0x0b,
    0x01, 0x0e, 0x16, 0x00, 0x14, 0x00, 0x04, 0x0b, 0x02, 0x0a, 0x02, 0x0b, 0x01, 0x0e, 0x02, 0x0f, 0x01, 0x0d, 0x07, 0x00,
    0x02, 0x09, 0x04, 0x0a, 0x01, 0x09, 0x03, 0x0a, 0x01, 0x0e, 0x16, 0x00, 0x14, 0x00, 0x01, 0x0b, 0x01, 0x09, 0x02, 0x0b,
    0x01, 0x09, 0x01, 0x0b, 0x03, 0x0e, 0x0a, 0x00, 0x01, 0x0a, 0x01, 0x09, 0x01, 0x0b, 0x02, 0x0a, 0x01, 0x0d, 0x02, 0x0b,
    0x01, 0x0d, 0x01, 0x0b, 0x01, 0x0f, 0x16, 0x00, 0x17, 0x00, 0x01, 0x09, 0x01, 0x05, 0x01, 0x0b, 0x0e, 0x00, 0x01, 0x0b,
    0x01, 0x0d, 0x02, 0x0a, 0x01, 0x0e, 0x01, 0x09, 0x02, 0x0e, 0x01, 0x0d, 0x17, 0x00, 0x2a, 0x00, 0x03, 0x09, 0x01, 0x06,
    0x01, 0x09, 0x19, 0x00, 0x48, 0x00, 0x48, 0x00
};
const uint8_t kRunning5[] PROGMEM = {
    0x48, 0x00, 0x48, 0x00, 0x20, 0x00, 0x01, 0x03, 0x27, 0x00, 0x1e, 0x00, 0x01, 0x02, 0x01, 0x01, 0x01, 0x03, 0x27, 0x00,
    0x1d, 0x00, 0x01, 0x02, 0x01, 0x01, 0x01, 0x03, 0x28, 0x00, 0x1c, 0x00, 0x01, 0x03, 0x02, 0x01, 0x01, 0x02, 0x01, 0x03,
    0x01, 0x04, 0x01, 0x03, 0x25, 0x00, 0x1c, 0x00, 0x01, 0x03, 0x03, 0x01, 0x02, 0x02, 0x01, 0x01, 0x02, 0x02, 0x01, 0x03,
    0x22, 0x00, 0x18, 0x00, 0x01, 0x0a, 0x02, 0x09, 0x01, 0x00, 0x01, 0x03, 0x01, 0x02, 0x05, 0x01, 0x01, 0x02, 0x03, 0x03,
    0x01, 0x04, 0x01, 0x00, 0x01, 0x06, 0x01, 0x09, 0x02, 0x0a, 0x1b, 0x00, 0x17, 0x00, 0x01, 0x0a, 0x02, 0x09, 0x02, 0x0a,
    0x01, 0x02, 0x01, 0x04, 0x01, 0x03, 0x02, 0x02, 0x02, 0x01, 0x02, 0x02, 0x02, 0x01, 0x01, 0x04, 0x01, 0x0d, 0x01, 0x09,
    0x02, 0x0a, 0x01, 0x08, 0x01, 0x0a, 0x1a, 0x00, 0x16, 0x00, 0x01, 0x0a, 0x01, 0x09, 0x02, 0x0b, 0x01, 0x0d, 0x01, 0x06,
    0x02, 0x02, 0x01, 0x03, 0x06, 0x01, 0x01, 0x02, 0x01, 0x01, 0x01, 0x02, 0x01, 0x06, 0x01, 0x0d, 0x01, 0x0e, 0x01, 0x0b,
    0x03, 0x0a, 0x19, 0x00, 0x16, 0x00, 0x01, 0x0b, 0x01, 0x0a, 0x02, 0x0f, 0x01, 0x06, 0x01, 0x02, 0x0a, 0x01, 0x01, 0x02,
    0x01, 0x01, 0x01, 0x02, 0x01, 0x09, 0x02, 0x0f, 0x01, 0x0b, 0x01, 0x09, 0x01, 0x0a, 0x19, 0x00, 0x16, 0x00, 0x01, 0x0a,
    0x01, 0x0b, 0x01, 0x0f, 0x01, 0x0e, 0x01, 0x03, 0x01, 0x01, 0x01, 0x02, 0x09, 0x01, 0x02, 0x02, 0x01, 0x01, 0x01, 0x03,
    0x01, 0x0a, 0x01, 0x0f, 0x02, 0x0a, 0x01, 0x0b, 0x19, 0x00, 0x16, 0x00, 0x02, 0x0a, 0x01, 0x0f, 0x01, 0x03, 0x06, 0x01,
    0x01, 0x02, 0x01, 0x01, 0x01, 0x02, 0x01, 0x03, 0x01, 0x02, 0x02, 0x01, 0x02, 0x02, 0x01, 0x01, 0x01, 0x04, 0x01, 0x0e,
    0x01, 0x0a, 0x01, 0x0d, 0x01, 0x0f, 0x19, 0x00, 0x16, 0x00, 0x01, 0x0d, 0x01, 0x0f, 0x01, 0x05, 0x02, 0x01, 0x02, 0x02,
    0x01, 0x01, 0x02, 0x02, 0x01, 0x01, 0x02, 0x02, 0x03, 0x03, 0x04, 0x02, 0x01, 0x01, 0x01, 0x04, 0x02, 0x0f, 0x07, 0x00,
    0x02, 0x04, 0x11, 0x00, 0x17, 0x00, 0x01, 0x0b, 0x01, 0x03, 0x01, 0x02, 0x04, 0x03, 0x03, 0x01, 0x04, 0x02, 0x01, 0x04,
    0x01, 0x03, 0x01, 0x01, 0x01, 0x02, 0x02, 0x01, 0x01, 0x02, 0x01, 0x05, 0x07, 0x00, 0x01, 0x05, 0x01, 0x04, 0x01, 0x05,
    0x01, 0x09, 0x10, 0x00, 0x17, 0x00, 0x01, 0x03, 0x01, 0x01, 0x01, 0x02, 0x01, 0x03, 0x02, 0x02, 0x01, 0x03, 0x01, 0x01,
    0x01, 0x02, 0x01, 0x01, 0x01, 0x02, 0x02, 0x04, 0x01, 0x09, 0x01, 0x0e, 0x01, 0x0a, 0x01, 0x03, 0x01, 0x01, 0x02, 0x02,
    0x01, 0x01, 0x01, 0x02, 0x01, 0x03, 0x06, 0x00, 0x01, 0x05, 0x01, 0x04, 0x01, 0x06, 0x01, 0x0e, 0x10, 0x00, 0x16, 0x00,
    0x01, 0x04, 0x01, 0x03, 0x01, 0x01, 0x01, 0x02, 0x01, 0x06, 0x01, 0x04, 0x01, 0x06, 0x01, 0x03, 0x01, 0x01, 0x02, 0x02,
    0x01, 0x01, 0x01, 0x05, 0x01, 0x0f, 0x01, 0x0d, 0x02, 0x0e, 0x01, 0x0d, 0x01, 0x03, 0x01, 0x01, 0x01, 0x02, 0x01, 0x01,
    0x01, 0x02, 0x01, 0x04, 0x05, 0x00, 0x01, 0x05, 0x01, 0x04, 0x01, 0x05, 0x01, 0x09, 0x11, 0x00, 0x17, 0x00, 0x01, 0x03,
    0x01, 0x01, 0x01, 0x05, 0x01, 0x0f, 0x01, 0x0e, 0x01, 0x0f, 0x01, 0x04, 0x01, 0x01, 0x03, 0x02, 0x01, 0x06, 0x02, 0x0f,
    0x01, 0x09, 0x01, 0x0d, 0x01, 0x0f, 0x01, 0x05, 0x01, 0x01, 0x02, 0x02, 0x01, 0x01, 0x01, 0x02, 0x04, 0x00, 0x01, 0x05,
    0x01, 0x04, 0x01, 0x05, 0x01, 0x09, 0x12, 0x00, 0x16, 0x00, 0x01, 0x04, 0x01, 0x01, 0x01, 0x03, 0x02, 0x0d, 0x02, 0x0e,
    0x01, 0x06, 0x01, 0x02, 0x03, 0x01, 0x01, 0x05, 0x02, 0x0f, 0x01, 0x06, 0x01, 0x03, 0x02, 0x0a, 0x01, 0x02, 0x01, 0x01,
    0x02, 0x02, 0x01, 0x03, 0x01, 0x04, 0x02, 0x00, 0x01, 0x09, 0x01, 0x05, 0x01, 0x04, 0x01, 0x09, 0x13, 0x00, 0x16, 0x00,
    0x01, 0x02, 0x01, 0x01, 0x01, 0x03, 0x01, 0x0d, 0x01, 0x04, 0x01, 0x0f, 0x01, 0x0e, 0x01, 0x06, 0x01, 0x01, 0x01, 0x02,
    0x01, 0x03, 0x01, 0x01, 0x01, 0x03, 0x01, 0x09, 0x01, 0x0f, 0x01, 0x06, 0x01, 0x01, 0x02, 0x09, 0x04, 0x02, 0x01, 0x04,
    0x03, 0x00, 0x01, 0x06, 0x01, 0x05, 0x01, 0x09, 0x01, 0x06, 0x01, 0x05, 0x12, 0x00, 0x15, 0x00, 0x01, 0x04, 0x01, 0x03,
    0x01, 0x01, 0x01, 0x03, 0x01, 0x0a, 0x01, 0x03, 0x01, 0x09, 0x01, 0x0f, 0x01, 0x03, 0x01, 0x04, 0x01, 0x0f, 0x01, 0x05,
    0x02, 0x01, 0x01, 0x03, 0x02, 0x09, 0x01, 0x0b, 0x01, 0x0f, 0x01, 0x03, 0x01, 0x01, 0x02, 0x02, 0x02, 0x01, 0x01, 0x04,
    0x01, 0x00, 0x01, 0x05, 0x01, 0x04, 0x01, 0x05, 0x01, 0x0d, 0x02, 0x09, 0x12, 0x00, 0x15, 0x00, 0x01, 0x04, 0x01, 0x03,
    0x01, 0x01, 0x01, 0x03, 0x01, 0x0d, 0x01, 0x0a, 0x01, 0x09, 0x01, 0x04, 0x01, 0x01, 0x02, 0x03, 0x03, 0x02, 0x01, 0x01,
    0x01, 0x02, 0x02, 0x04, 0x01, 0x03, 0x01, 0x01, 0x04, 0x02, 0x02, 0x04, 0x01, 0x00, 0x01, 0x05, 0x01, 0x04, 0x01, 0x09,
    0x01, 0x0f, 0x01, 0x0d, 0x01, 0x06, 0x12, 0x00, 0x15, 0x00, 0x01, 0x04, 0x01, 0x03, 0x01, 0x02, 0x01, 0x01, 0x01, 0x03,
    0x01, 0x04, 0x01, 0x03, 0x04, 0x01, 0x01, 0x02, 0x01, 0x01, 0x01, 0x02, 0x01, 0x03, 0x04, 0x01, 0x04, 0x02, 0x01, 0x04,
    0x01, 0x05, 0x01, 0x00, 0x01, 0x06, 0x01, 0x05, 0x01, 0x09, 0x01, 0x0b, 0x01, 0x00, 0x01, 0x09, 0x01, 0x04, 0x12, 0x00,
    0x16, 0x00, 0x01, 0x05, 0x01, 0x03, 0x04, 0x01, 0x01, 0x02, 0x01, 0x03, 0x01, 0x02, 0x05, 0x03, 0x06, 0x02, 0x01, 0x03,
    0x01, 0x09, 0x01, 0x0b, 0x01, 0x08, 0x01, 0x09, 0x01, 0x04, 0x01, 0x06, 0x01, 0x09, 0x01, 0x00, 0x01, 0x09, 0x01, 0x06,
    0x02, 0x04, 0x11, 0x00, 0x17, 0x00, 0x01, 0x04, 0x01, 0x03, 0x01, 0x02, 0x03, 0x01, 0x01, 0x02, 0x01, 0x03, 0x01, 0x02,
    0x01, 0x01, 0x02, 0x02, 0x03, 0x01, 0x02, 0x02, 0x01, 0x03, 0x01, 0x06, 0x01, 0x0d, 0x01, 0x0f, 0x01, 0x0b, 0x01, 0x0a,
    0x01, 0x06, 0x01, 0x04, 0x01, 0x09, 0x02, 0x00, 0x01, 0x06, 0x01, 0x05, 0x02, 0x04, 0x11, 0x00, 0x17, 0x00, 0x01, 0x06,
    0x01, 0x0e, 0x01, 0x04, 0x03, 0x03, 0x01, 0x02, 0x01, 0x01, 0x01, 0x02, 0x01, 0x03, 0x02, 0x01, 0x01, 0x03, 0x01, 0x05,
    0x01, 0x04, 0x01, 0x05, 0x01, 0x09, 0x01, 0x0e, 0x01, 0x0b, 0x01, 0x06, 0x01, 0x08, 0x01, 0x0c, 0x01, 0x0b, 0x01, 0x05,
    0x01, 0x09, 0x03, 0x00, 0x01, 0x06, 0x01, 0x05, 0x02, 0x04, 0x01, 0x05, 0x10, 0x00, 0x16, 0x00, 0x01, 0x04, 0x01, 0x05,
    0x01, 0x0e, 0x02, 0x0f, 0x02, 0x0b, 0x01, 0x06, 0x01, 0x05, 0x01, 0x09, 0x01, 0x0a, 0x02, 0x06, 0x01, 0x09, 0x02, 0x0e,
    0x01, 0x0f, 0x01, 0x09, 0x01, 0x06, 0x01, 0x07, 0x01, 0x0c, 0x01, 0x0e, 0x01, 0x0f, 0x02, 0x09, 0x01, 0x0e, 0x03, 0x00,
    0x01, 0x0b, 0x01, 0x0a, 0x01, 0x04, 0x01, 0x06, 0x11, 0x00, 0x17, 0x00, 0x01, 0x06, 0x01, 0x07, 0x01, 0x0c, 0x01, 0x0f,
    0x01, 0x0e, 0x01, 0x0a, 0x02, 0x0d, 0x01, 0x0b, 0x01, 0x0a, 0x02, 0x0b, 0x02, 0x0d, 0x01, 0x0b, 0x01, 0x09, 0x01, 0x06,
    0x02, 0x0c, 0x01, 0x0e, 0x01, 0x0c, 0x02, 0x08, 0x01, 0x0a, 0x04, 0x00, 0x01, 0x06, 0x01, 0x0a, 0x02, 0x06, 0x11, 0x00,
    0x15, 0x00, 0x01, 0x07, 0x01, 0x08, 0x01, 0x0d, 0x01, 0x06, 0x01, 0x0c, 0x01, 0x0f, 0x01, 0x06, 0x01, 0x04, 0x01, 0x09,
    0x01, 0x0d, 0x02, 0x0b, 0x01, 0x0e, 0x01, 0x0d, 0x01, 0x09, 0x02, 0x04, 0x01, 0x06, 0x01, 0x07, 0x01, 0x0c, 0x01, 0x0d,
    0x01, 0x0c, 0x04, 0x07, 0x01, 0x08, 0x03, 0x00, 0x02, 0x04, 0x13, 0x00, 0x14, 0x00, 0x01, 0x08, 0x02, 0x07, 0x01, 0x0c,
    0x01, 0x0a, 0x01, 0x0b, 0x01, 0x0a, 0x01, 0x03, 0x01, 0x02, 0x01, 0x03, 0x01, 0x05, 0x01, 0x0b, 0x01, 0x06, 0x01, 0x04,
    0x02, 0x03, 0x01, 0x04, 0x01, 0x09, 0x02, 0x0a, 0x01, 0x0c, 0x04, 0x07, 0x02, 0x08, 0x01, 0x0c, 0x04, 0x00, 0x01, 0x04,
    0x13, 0x00, 0x13, 0x00, 0x03, 0x07, 0x02, 0x0c, 0x01, 0x09, 0x01, 0x0b, 0x01, 0x05, 0x01, 0x02, 0x01, 0x01, 0x02, 0x02,
    0x01, 0x03, 0x01, 0x02, 0x02, 0x01, 0x01, 0x03, 0x01, 0x05, 0x02, 0x06, 0x02, 0x0c, 0x01, 0x08, 0x06, 0x07, 0x01, 0x0c,
    0x01, 0x00, 0x01, 0x05, 0x02, 0x04, 0x13, 0x00, 0x12, 0x00, 0x03, 0x07, 0x01, 0x08, 0x01, 0x0c, 0x01, 0x08, 0x01, 0x0a,
    0x01, 0x06, 0x01, 0x04, 0x02, 0x03, 0x01, 0x02, 0x01, 0x01, 0x03, 0x02, 0x01, 0x03, 0x01, 0x05, 0x02, 0x06, 0x01, 0x07,
    0x02, 0x0c, 0x07, 0x07, 0x01, 0x0c, 0x02, 0x00, 0x02, 0x04, 0x13, 0x00, 0x12, 0x00, 0x01, 0x0c, 0x01, 0x08, 0x02, 0x06,
    0x01, 0x0d, 0x01, 0x08, 0x01, 0x0a, 0x01, 0x06, 0x01, 0x09, 0x01, 0x0b, 0x01, 0x0a, 0x01, 0x05, 0x02, 0x02, 0x01, 0x01,
    0x01, 0x03, 0x02, 0x05, 0x02, 0x06, 0x02, 0x0c, 0x06, 0x07, 0x02, 0x08, 0x01, 0x0c, 0x17, 0x00, 0x11, 0x00, 0x01, 0x08,
    0x01, 0x06, 0x02, 0x04, 0x01, 0x05, 0x01, 0x09, 0x01, 0x0b, 0x04, 0x0a, 0x02, 0x0b, 0x01, 0x04, 0x01, 0x01, 0x01, 0x03,
    0x03, 0x05, 0x01, 0x06, 0x01, 0x07, 0x02, 0x0c, 0x06, 0x07, 0x01, 0x08, 0x01, 0x0c, 0x01, 0x0d, 0x17, 0x00, 0x10, 0x00,
    0x01, 0x08, 0x01, 0x05, 0x01, 0x04, 0x01, 0x06, 0x01, 0x0b, 0x01, 0x0a, 0x02, 0x0b, 0x02, 0x09, 0x01, 0x0b, 0x01, 0x0a,
    0x01, 0x09, 0x01, 0x0e, 0x01, 0x09, 0x01, 0x04, 0x01, 0x05, 0x01, 0x04, 0x02, 0x05, 0x02, 0x06, 0x02, 0x08, 0x01, 0x0c,
    0x06, 0x07, 0x01, 0x0c, 0x01, 0x0e, 0x17, 0x00, 0x10, 0x00, 0x01, 0x08, 0x01, 0x04, 0x01, 0x06, 0x01, 0x0b, 0x01, 0x0a,
    0x01, 0x09, 0x03, 0x0a, 0x02, 0x0b, 0x01, 0x0e, 0x01, 0x0b, 0x01, 0x0a, 0x02, 0x09, 0x02, 0x05, 0x03, 0x06, 0x03, 0x04,
    0x01, 0x06, 0x01, 0x07, 0x01, 0x0c, 0x04, 0x08, 0x01, 0x0c, 0x01, 0x0e, 0x17, 0x00, 0x10, 0x00, 0x01, 0x06, 0x01, 0x04,
    0x02, 0x0b, 0x03, 0x0a, 0x01, 0x09, 0x01, 0x0a, 0x01, 0x0e, 0x01, 0x0a, 0x01, 0x0d, 0x01, 0x0a, 0x02, 0x09, 0x02, 0x0a,
    0x01, 0x09, 0x02, 0x0a, 0x01, 0x0b, 0x01, 0x09, 0x03, 0x04, 0x01, 0x06, 0x01, 0x07, 0x01, 0x08, 0x01, 0x07, 0x01, 0x08,
    0x01, 0x0c, 0x01, 0x0e, 0x01, 0x0f, 0x17, 0x00, 0x10, 0x00, 0x01, 0x06, 0x01, 0x04, 0x01, 0x0d, 0x03, 0x0a, 0x01, 0x0d,
    0x01, 0x0b, 0x01, 0x0d, 0x01, 0x0e, 0x01, 0x0b, 0x07, 0x0a, 0x01, 0x09, 0x01, 0x0a, 0x01, 0x09, 0x01, 0x0b, 0x01, 0x09,
    0x03, 0x04, 0x02, 0x07, 0x01, 0x08, 0x02, 0x0c, 0x01, 0x0f, 0x18, 0x00, 0x10, 0x00, 0x01, 0x06, 0x01, 0x04, 0x01, 0x0e,
    0x03, 0x0b, 0x01, 0x0e, 0x02, 0x0f, 0x01, 0x0e, 0x01, 0x0b, 0x01, 0x0e, 0x01, 0x0b, 0x04, 0x0a, 0x01, 0x09, 0x03, 0x0a,
    0x01, 0x09, 0x01, 0x0a, 0x03, 0x04, 0x01, 0x08, 0x01, 0x0c, 0x01, 0x08, 0x02, 0x0c, 0x01, 0x0e, 0x18, 0x00, 0x10, 0x00,
    0x01, 0x06, 0x01, 0x05, 0x01, 0x0a, 0x01, 0x0f, 0x03, 0x0e, 0x01, 0x0f, 0x01, 0x0e, 0x01, 0x06, 0x01, 0x09, 0x01, 0x0a,
    0x01, 0x0d, 0x05, 0x0a, 0x04, 0x09, 0x01, 0x0a, 0x01, 0x06, 0x02, 0x04, 0x01, 0x05, 0x02, 0x08, 0x01, 0x0c, 0x02, 0x0e,
    0x18, 0x00, 0x11, 0x00, 0x02, 0x06, 0x01, 0x0d, 0x03, 0x0e, 0x01, 0x0d, 0x02, 0x09, 0x02, 0x06, 0x01, 0x0a, 0x01, 0x0d,
    0x02, 0x0e, 0x01, 0x0b, 0x03, 0x0a, 0x01, 0x0b, 0x01, 0x0a, 0x02, 0x0b, 0x02, 0x04, 0x01, 0x06, 0x02, 0x0c, 0x01, 0x0f,
    0x02, 0x0c, 0x18, 0x00, 0x12, 0x00, 0x01, 0x09, 0x02, 0x06, 0x01, 0x0a, 0x01, 0x0e, 0x01, 0x0d, 0x01, 0x0a, 0x01, 0x09,
    0x02, 0x06, 0x02, 0x09, 0x01, 0x0b, 0x02, 0x0f, 0x02, 0x0e, 0x01, 0x0d, 0x04, 0x0e, 0x02, 0x06, 0x01, 0x0a, 0x02, 0x0e,
    0x02, 0x0d, 0x19, 0x00, 0x15, 0x00, 0x02, 0x0a, 0x02, 0x09, 0x01, 0x06, 0x02, 0x05, 0x01, 0x06, 0x03, 0x09, 0x01, 0x0e,
    0x01, 0x0f, 0x01, 0x0e, 0x04, 0x0f, 0x01, 0x0b, 0x02, 0x06, 0x02, 0x0d, 0x02, 0x09, 0x01, 0x0d, 0x19, 0x00, 0x15, 0x00,
    0x01, 0x06, 0x01, 0x09, 0x01, 0x0e, 0x01, 0x09, 0x05, 0x05, 0x01, 0x06, 0x02, 0x09, 0x01, 0x06, 0x01, 0x09, 0x01, 0x0d,
    0x01, 0x0f, 0x01, 0x0e, 0x01, 0x0b, 0x02, 0x06, 0x01, 0x0b, 0x02, 0x0e, 0x03, 0x0d, 0x19, 0x00, 0x16, 0x00, 0x01, 0x0d,
    0x01, 0x0c, 0x02, 0x0a, 0x02, 0x06, 0x02, 0x05, 0x01, 0x06, 0x02, 0x09, 0x01, 0x05, 0x01, 0x09, 0x01, 0x0b, 0x03, 0x0d,
    0x01, 0x09, 0x01, 0x0b, 0x05, 0x0d, 0x01, 0x0c, 0x19, 0x00, 0x15, 0x00, 0x01, 0x08, 0x01, 0x0c, 0x01, 0x08, 0x02, 0x07,
    0x01, 0x08, 0x03, 0x0c, 0x02, 0x08, 0x01, 0x0c, 0x01, 0x0d, 0x03, 0x09, 0x01, 0x0e, 0x03, 0x0d, 0x01, 0x0b, 0x01, 0x09,
    0x02, 0x0c, 0x01, 0x0d, 0x01, 0x0c, 0x01, 0x0d, 0x18, 0x00, 0x15, 0x00, 0x01, 0x08, 0x01, 0x07, 0x01, 0x08, 0x09, 0x07,
    0x01, 0x09, 0x03, 0x05, 0x01, 0x0a, 0x04, 0x0c, 0x01, 0x06, 0x02, 0x08, 0x03, 0x0c, 0x18, 0x00, 0x15, 0x00, 0x05, 0x07,
    0x01, 0x08, 0x01, 0x07, 0x01, 0x08, 0x04, 0x07, 0x05, 0x05, 0x01, 0x09, 0x02, 0x07, 0x02, 0x08, 0x01, 0x06, 0x01, 0x08,
    0x03, 0x0c, 0x18, 0x00, 0x14, 0x00, 0x01, 0x08, 0x04, 0x07, 0x01, 0x08, 0x02, 0x07, 0x01, 0x08, 0x04, 0x07, 0x05, 0x05,
    0x01, 0x09, 0x03, 0x07, 0x02, 0x08, 0x01, 0x06, 0x01, 0x0a, 0x02, 0x0c, 0x18, 0x00, 0x14, 0x00, 0x01, 0x08, 0x03, 0x07,
    0x03, 0x08, 0x05, 0x07, 0x01, 0x08, 0x05, 0x05, 0x01, 0x09, 0x02, 0x07, 0x04, 0x08, 0x01, 0x0a, 0x01, 0x0c, 0x01, 0x0d,
    0x18, 0x00, 0x14, 0x00, 0x05, 0x07, 0x02, 0x08, 0x03, 0x0c, 0x03, 0x08, 0x02, 0x05, 0x01, 0x09, 0x01, 0x05, 0x01, 0x06,
    0x01, 0x0c, 0x02, 0x07, 0x03, 0x08, 0x01, 0x07, 0x01, 0x08, 0x02, 0x0c, 0x18, 0x00, 0x14, 0x00, 0x01, 0x08, 0x05, 0x07,
    0x02, 0x08, 0x01, 0x0b, 0x01, 0x0d, 0x02, 0x0e, 0x02, 0x0d, 0x01, 0x0c, 0x01, 0x0d, 0x01, 0x09, 0x01, 0x0b, 0x01, 0x08,
    0x06, 0x07, 0x01, 0x08, 0x02, 0x0c, 0x18, 0x00, 0x13, 0x00, 0x01, 0x06, 0x02, 0x08, 0x06, 0x07, 0x01, 0x08, 0x01, 0x0c,
    0x01, 0x0d, 0x01, 0x0e, 0x01, 0x0f, 0x01, 0x0e, 0x01, 0x0c, 0x01, 0x08, 0x01, 0x0c, 0x06, 0x07, 0x03, 0x08, 0x01, 0x0b,
    0x02, 0x09, 0x17, 0x00, 0x13, 0x00, 0x01, 0x05, 0x01, 0x04, 0x01, 0x05, 0x01, 0x06, 0x01, 0x07, 0x04, 0x08, 0x02, 0x0c,
    0x04, 0x0d, 0x01, 0x0c, 0x01, 0x08, 0x01, 0x07, 0x05, 0x08, 0x01, 0x07, 0x05, 0x06, 0x01, 0x09, 0x17, 0x00, 0x13, 0x00,
    0x01, 0x06, 0x01, 0x05, 0x03, 0x04, 0x01, 0x05, 0x03, 0x06, 0x04, 0x0a, 0x01, 0x0b, 0x01, 0x00, 0x01, 0x0a, 0x01, 0x08,
    0x04, 0x06, 0x02, 0x05, 0x02, 0x04, 0x01, 0x05, 0x01, 0x06, 0x01, 0x0d, 0x02, 0x0f, 0x17, 0x00, 0x14, 0x00, 0x01, 0x0d,
    0x01, 0x0b, 0x01, 0x09, 0x01, 0x06, 0x04, 0x05, 0x01, 0x06, 0x04, 0x09, 0x01, 0x00, 0x02, 0x06, 0x06, 0x05, 0x01, 0x06,
    0x01, 0x09, 0x01, 0x0d, 0x02, 0x0f, 0x01, 0x0e, 0x01, 0x0f, 0x17, 0x00, 0x14, 0x00, 0x01, 0x0d, 0x01, 0x09, 0x02, 0x0a,
    0x01, 0x0b, 0x01, 0x0d, 0x03, 0x0e, 0x03, 0x0f, 0x03, 0x00, 0x01, 0x0b, 0x01, 0x0d, 0x01, 0x0b, 0x02, 0x0d, 0x02, 0x0b,
    0x03, 0x0a, 0x02, 0x0d, 0x01, 0x0f, 0x01, 0x0e, 0x17, 0x00, 0x14, 0x00, 0x01, 0x0e, 0x01, 0x0b, 0x02, 0x0a, 0x01, 0x0b,
    0x01, 0x0d, 0x02, 0x0b, 0x01, 0x0e, 0x03, 0x0f, 0x05, 0x00, 0x01, 0x0d, 0x01, 0x0e, 0x01, 0x0a, 0x03, 0x09, 0x01, 0x0a,
    0x01, 0x0e, 0x01, 0x0b, 0x01, 0x0a, 0x01, 0x0d, 0x01, 0x0e, 0x01, 0x0f, 0x16, 0x00, 0x14, 0x00, 0x01, 0x0e, 0x01, 0x0d,
    0x03, 0x0e, 0x01, 0x0b, 0x01, 0x0a, 0x01, 0x0b, 0x01, 0x0d, 0x03, 0x0e, 0x05, 0x00, 0x01, 0x0e, 0x01, 0x0f, 0x01, 0x0e,
    0x01, 0x0b, 0x01, 0x0a, 0x01, 0x0b, 0x01, 0x0e, 0x01, 0x0d, 0x02, 0x0a, 0x01, 0x0d, 0x01, 0x0e, 0x01, 0x0f, 0x16, 0x00,
    0x15, 0x00, 0x02, 0x0b, 0x01, 0x0d, 0x01, 0x0b, 0x04, 0x0a, 0x01, 0x0d, 0x01, 0x0e, 0x01, 0x0f, 0x05, 0x00, 0x01, 0x0b,
    0x01, 0x0d, 0x01, 0x0e, 0x01, 0x0f, 0x01, 0x0e, 0x01, 0x0f, 0x01, 0x0e, 0x03, 0x0a, 0x01, 0x0b, 0x01, 0x0e, 0x01, 0x0f,
    0x16, 0x00, 0x15, 0x00, 0x01, 0x0d, 0x01, 0x0b, 0x05, 0x0a, 0x01, 0x0b, 0x01, 0x0e, 0x02, 0x0f, 0x06, 0x00, 0x02, 0x0d,
    0x03, 0x0b, 0x02, 0x0a, 0x01, 0x0b, 0x01, 0x0a, 0x01, 0x0d, 0x01, 0x0e, 0x17, 0x00, 0x16, 0x00, 0x01, 0x0e, 0x03, 0x0a,
    0x02, 0x0b, 0x01, 0x0d, 0x02, 0x0e, 0x07, 0x00, 0x01, 0x0e, 0x01, 0x0d, 0x01, 0x0b, 0x03, 0x0a, 0x03, 0x0b, 0x02, 0x0e,
    0x17, 0x00, 0x16, 0x00, 0x01, 0x0b, 0x04, 0x0a, 0x01, 0x0b, 0x01, 0x0d, 0x02, 0x0e, 0x08, 0x00, 0x01, 0x0e, 0x01, 0x0d,
    0x03, 0x0a, 0x01, 0x0b, 0x01, 0x0a, 0x01, 0x0d, 0x02, 0x0e, 0x17, 0x00, 0x15, 0x00, 0x01, 0x0b, 0x02, 0x09, 0x01, 0x0a,
    0x01, 0x09, 0x03, 0x0a, 0x03, 0x0e, 0x07, 0x00, 0x02, 0x0e, 0x01, 0x0b, 0x01, 0x0a, 0x01, 0x0b, 0x02, 0x0a, 0x01, 0x0d,
    0x01, 0x0e, 0x01, 0x0f, 0x17, 0x00, 0x14, 0x00, 0x03, 0x0a, 0x01, 0x0b, 0x01, 0x0a, 0x02, 0x09, 0x01, 0x0a, 0x01, 0x0b,
    0x03, 0x0e, 0x07, 0x00, 0x01, 0x0d, 0x02, 0x0a, 0x01, 0x09, 0x03, 0x0a, 0x01, 0x0b, 0x01, 0x0d, 0x01, 0x0f, 0x17, 0x00,
    0x13, 0x00, 0x02, 0x09, 0x02, 0x0a, 0x02, 0x09, 0x02, 0x0a, 0x01, 0x0d, 0x02, 0x0e, 0x01, 0x0d, 0x01, 0x0e, 0x07, 0x00,
    0x01, 0x0a, 0x01, 0x09, 0x01, 0x0b, 0x05, 0x0a, 0x01, 0x0b, 0x01, 0x0e, 0x17, 0x00, 0x12, 0x00, 0x01, 0x09, 0x03, 0x0b,
    0x01, 0x09, 0x02, 0x0a, 0x01, 0x0b, 0x01, 0x0d, 0x01, 0x0e, 0x01, 0x0f, 0x02, 0x0e, 0x08, 0x00, 0x01, 0x09, 0x02, 0x0a,
    0x01, 0x09, 0x01, 0x0a, 0x01, 0x09, 0x01, 0x0a, 0x01, 0x0b, 0x01, 0x0a, 0x01, 0x0d, 0x17, 0x00, 0x13, 0x00, 0x01, 0x0d,
    0x01, 0x09, 0x01, 0x0b, 0x02, 0x09, 0x01, 0x0d, 0x01, 0x0e, 0x01, 0x0f, 0x01, 0x0e, 0x0a, 0x00, 0x01, 0x0d, 0x01, 0x09,
    0x01, 0x0b, 0x02, 0x0a, 0x03, 0x0b, 0x01, 0x0e, 0x01, 0x0a, 0x01, 0x0e, 0x17, 0x00, 0x16, 0x00, 0x01, 0x09, 0x01, 0x06,
    0x0f, 0x00, 0x01, 0x09, 0x01, 0x0e, 0x01, 0x0a, 0x01, 0x09, 0x01, 0x0e, 0x01, 0x09, 0x01, 0x0b, 0x01, 0x0f, 0x01, 0x0d,
    0x01, 0x0f, 0x17, 0x00, 0x29, 0x00, 0x01, 0x06, 0x04, 0x09, 0x1a, 0x00, 0x48, 0x00, 0x48, 0x00
};
const Frame kRunningFrames[] PROGMEM = {
    {kRunning0, 2628, 120},
    {kRunning1, 2772, 120},
    {kRunning2, 2332, 120},
    {kRunning3, 2430, 120},
    {kRunning4, 2568, 120},
    {kRunning5, 2636, 220},
};

const uint8_t kReview0[] PROGMEM = {
    0x48, 0x00, 0x48, 0x00, 0x48, 0x00, 0x1d, 0x00, 0x01, 0x02, 0x01, 0x03, 0x29, 0x00, 0x1c, 0x00, 0x01, 0x02, 0x01, 0x01,
    0x0a, 0x00, 0x01, 0x0b, 0x02, 0x0d, 0x1d, 0x00, 0x1b, 0x00, 0x01, 0x02, 0x01, 0x01, 0x01, 0x02, 0x03, 0x03, 0x01, 0x02,
    0x01, 0x01, 0x01, 0x03, 0x02, 0x00, 0x01, 0x09, 0x05, 0x0b, 0x1c, 0x00, 0x1b, 0x00, 0x01, 0x02, 0x01, 0x01, 0x03, 0x02,
    0x02, 0x01, 0x01, 0x02, 0x03, 0x03, 0x01, 0x0b, 0x03, 0x0e, 0x01, 0x0d, 0x02, 0x0a, 0x1b, 0x00, 0x1b, 0x00, 0x01, 0x03,
    0x01, 0x02, 0x02, 0x01, 0x05, 0x02, 0x01, 0x01, 0x01, 0x02, 0x01, 0x03, 0x01, 0x06, 0x02, 0x0f, 0x03, 0x0d, 0x1b, 0x00,
    0x18, 0x00, 0x01, 0x0b, 0x01, 0x0a, 0x01, 0x0b, 0x01, 0x00, 0x03, 0x03, 0x02, 0x02, 0x02, 0x01, 0x03, 0x02, 0x01, 0x01,
    0x01, 0x02, 0x01, 0x04, 0x01, 0x0b, 0x01, 0x0f, 0x01, 0x0a, 0x01, 0x0e, 0x1b, 0x00, 0x17, 0x00, 0x01, 0x0d, 0x02, 0x0b,
    0x01, 0x0e, 0x01, 0x05, 0x01, 0x02, 0x01, 0x03, 0x04, 0x02, 0x03, 0x01, 0x03, 0x02, 0x01, 0x01, 0x01, 0x03, 0x01, 0x0a,
    0x01, 0x0e, 0x01, 0x0f, 0x07, 0x00, 0x01, 0x04, 0x13, 0x00, 0x16, 0x00, 0x02, 0x0b, 0x01, 0x0d, 0x01, 0x0e, 0x01, 0x0a,
    0x01, 0x03, 0x03, 0x01, 0x02, 0x02, 0x01, 0x01, 0x02, 0x02, 0x01, 0x03, 0x01, 0x02, 0x01, 0x01, 0x02, 0x02, 0x01, 0x01,
    0x01, 0x03, 0x01, 0x09, 0x07, 0x00, 0x02, 0x04, 0x01, 0x05, 0x12, 0x00, 0x16, 0x00, 0x02, 0x0b, 0x02, 0x0f, 0x01, 0x04,
    0x01, 0x01, 0x01, 0x02, 0x01, 0x01, 0x01, 0x02, 0x02, 0x01, 0x03, 0x02, 0x01, 0x03, 0x01, 0x04, 0x01, 0x02, 0x02, 0x01,
    0x01, 0x02, 0x01, 0x01, 0x01, 0x02, 0x01, 0x03, 0x06, 0x00, 0x01, 0x05, 0x01, 0x04, 0x01, 0x06, 0x01, 0x0b, 0x11, 0x00,
    0x16, 0x00, 0x02, 0x0b, 0x01, 0x0f, 0x01, 0x0e, 0x01, 0x03, 0x01, 0x01, 0x03, 0x02, 0x02, 0x01, 0x03, 0x02, 0x01, 0x04,
    0x01, 0x0d, 0x01, 0x09, 0x01, 0x04, 0x01, 0x01, 0x02, 0x02, 0x01, 0x01, 0x01, 0x03, 0x05, 0x00, 0x01, 0x06, 0x01, 0x04,
    0x01, 0x05, 0x01, 0x09, 0x12, 0x00, 0x16, 0x00, 0x01, 0x0d, 0x01, 0x0b, 0x01, 0x0f, 0x01, 0x05, 0x01, 0x01, 0x01, 0x02,
    0x02, 0x03, 0x01, 0x02, 0x01, 0x01, 0x01, 0x02, 0x01, 0x01, 0x01, 0x03, 0x01, 0x0b, 0x01, 0x0f, 0x01, 0x0e, 0x01, 0x0d,
    0x01, 0x0f, 0x01, 0x04, 0x01, 0x01, 0x04, 0x02, 0x03, 0x00, 0x01, 0x04, 0x01, 0x05, 0x01, 0x04, 0x01, 0x09, 0x13, 0x00,
    0x17, 0x00, 0x01, 0x0d, 0x01, 0x0f, 0x01, 0x04, 0x01, 0x02, 0x01, 0x03, 0x02, 0x02, 0x01, 0x03, 0x01, 0x01, 0x01, 0x02,
    0x01, 0x01, 0x01, 0x03, 0x01, 0x0e, 0x01, 0x09, 0x01, 0x08, 0x02, 0x0f, 0x01, 0x0b, 0x01, 0x03, 0x01, 0x01, 0x02, 0x02,
    0x01, 0x03, 0x03, 0x00, 0x01, 0x05, 0x01, 0x04, 0x01, 0x09, 0x14, 0x00, 0x19, 0x00, 0x01, 0x03, 0x01, 0x01, 0x02, 0x04,
    0x01, 0x06, 0x01, 0x05, 0x01, 0x01, 0x01, 0x02, 0x01, 0x01, 0x01, 0x02, 0x01, 0x06, 0x01, 0x03, 0x01, 0x09, 0x01, 0x0e,
    0x01, 0x09, 0x01, 0x0e, 0x01, 0x03, 0x01, 0x01, 0x03, 0x02, 0x01, 0x03, 0x01, 0x00, 0x01, 0x09, 0x01, 0x05, 0x02, 0x06,
    0x01, 0x05, 0x13, 0x00, 0x18, 0x00, 0x01, 0x03, 0x02, 0x02, 0x01, 0x09, 0x02, 0x0f, 0x01, 0x0e, 0x01, 0x03, 0x01, 0x01,
    0x04, 0x02, 0x01, 0x04, 0x01, 0x09, 0x01, 0x0d, 0x01, 0x09, 0x01, 0x02, 0x01, 0x01, 0x02, 0x02, 0x01, 0x03, 0x01, 0x04,
    0x01, 0x00, 0x02, 0x05, 0x01, 0x0d, 0x01, 0x09, 0x01, 0x06, 0x13, 0x00, 0x19, 0x00, 0x01, 0x02, 0x01, 0x03, 0x01, 0x0e,
    0x01, 0x0a, 0x01, 0x0b, 0x01, 0x0f, 0x01, 0x03, 0x01, 0x04, 0x01, 0x0e, 0x01, 0x03, 0x01, 0x01, 0x01, 0x02, 0x01, 0x03,
    0x02, 0x04, 0x05, 0x02, 0x01, 0x04, 0x01, 0x00, 0x01, 0x05, 0x01, 0x04, 0x01, 0x05, 0x02, 0x09, 0x01, 0x06, 0x13, 0x00,
    0x19, 0x00, 0x01, 0x02, 0x01, 0x03, 0x01, 0x09, 0x01, 0x03, 0x01, 0x0e, 0x01, 0x09, 0x01, 0x02, 0x02, 0x04, 0x02, 0x01,
    0x02, 0x02, 0x02, 0x01, 0x02, 0x02, 0x01, 0x01, 0x01, 0x02, 0x01, 0x04, 0x01, 0x00, 0x01, 0x06, 0x02, 0x05, 0x01, 0x09,
    0x01, 0x00, 0x01, 0x06, 0x02, 0x04, 0x12, 0x00, 0x18, 0x00, 0x01, 0x03, 0x01, 0x01, 0x01, 0x03, 0x01, 0x0b, 0x01, 0x04,
    0x01, 0x06, 0x01, 0x04, 0x03, 0x01, 0x02, 0x02, 0x02, 0x03, 0x02, 0x02, 0x02, 0x01, 0x01, 0x03, 0x01, 0x04, 0x01, 0x0d,
    0x01, 0x0a, 0x02, 0x05, 0x01, 0x09, 0x02, 0x00, 0x01, 0x05, 0x02, 0x04, 0x12, 0x00, 0x18, 0x00, 0x01, 0x04, 0x01, 0x03,
    0x01, 0x01, 0x01, 0x04, 0x01, 0x0b, 0x01, 0x04, 0x01, 0x01, 0x02, 0x02, 0x03, 0x03, 0x01, 0x02, 0x02, 0x01, 0x01, 0x02,
    0x01, 0x03, 0x01, 0x04, 0x01, 0x09, 0x01, 0x0f, 0x01, 0x0d, 0x01, 0x06, 0x02, 0x05, 0x01, 0x09, 0x01, 0x00, 0x01, 0x0d,
    0x01, 0x05, 0x02, 0x04, 0x12, 0x00, 0x19, 0x00, 0x01, 0x03, 0x01, 0x02, 0x01, 0x01, 0x02, 0x02, 0x03, 0x03, 0x01, 0x02,
    0x03, 0x01, 0x01, 0x03, 0x01, 0x04, 0x01, 0x05, 0x01, 0x0b, 0x01, 0x0f, 0x01, 0x0d, 0x02, 0x06, 0x01, 0x0c, 0x01, 0x06,
    0x01, 0x09, 0x03, 0x00, 0x01, 0x05, 0x01, 0x04, 0x01, 0x05, 0x01, 0x06, 0x11, 0x00, 0x19, 0x00, 0x01, 0x09, 0x01, 0x04,
    0x01, 0x02, 0x01, 0x03, 0x01, 0x0a, 0x01, 0x09, 0x01, 0x05, 0x01, 0x03, 0x01, 0x01, 0x02, 0x03, 0x01, 0x04, 0x01, 0x06,
    0x02, 0x0d, 0x01, 0x0b, 0x02, 0x06, 0x01, 0x07, 0x01, 0x0c, 0x01, 0x0d, 0x01, 0x09, 0x03, 0x00, 0x02, 0x09, 0x02, 0x06,
    0x12, 0x00, 0x19, 0x00, 0x01, 0x05, 0x01, 0x0c, 0x01, 0x09, 0x01, 0x0a, 0x01, 0x0d, 0x01, 0x09, 0x01, 0x06, 0x01, 0x05,
    0x01, 0x06, 0x04, 0x0d, 0x01, 0x0b, 0x01, 0x09, 0x01, 0x05, 0x02, 0x07, 0x02, 0x0c, 0x03, 0x08, 0x02, 0x00, 0x01, 0x06,
    0x01, 0x05, 0x14, 0x00, 0x18, 0x00, 0x01, 0x08, 0x01, 0x06, 0x01, 0x0a, 0x01, 0x0d, 0x02, 0x0a, 0x01, 0x0d, 0x01, 0x09,
    0x01, 0x0b, 0x01, 0x0d, 0x01, 0x0a, 0x02, 0x0d, 0x01, 0x06, 0x01, 0x04, 0x01, 0x05, 0x01, 0x07, 0x03, 0x0c, 0x05, 0x07,
    0x02, 0x00, 0x01, 0x03, 0x14, 0x00, 0x17, 0x00, 0x02, 0x07, 0x01, 0x0c, 0x02, 0x0a, 0x01, 0x0b, 0x02, 0x0a, 0x01, 0x0b,
    0x01, 0x09, 0x01, 0x0d, 0x01, 0x0b, 0x01, 0x06, 0x01, 0x04, 0x01, 0x03, 0x01, 0x05, 0x01, 0x09, 0x01, 0x06, 0x02, 0x0c,
    0x06, 0x07, 0x01, 0x06, 0x01, 0x05, 0x01, 0x04, 0x14, 0x00, 0x16, 0x00, 0x01, 0x08, 0x01, 0x07, 0x01, 0x0c, 0x01, 0x0d,
    0x01, 0x0b, 0x01, 0x0a, 0x01, 0x0b, 0x03, 0x0a, 0x01, 0x0d, 0x01, 0x06, 0x01, 0x03, 0x02, 0x01, 0x01, 0x04, 0x02, 0x06,
    0x01, 0x08, 0x01, 0x0c, 0x08, 0x07, 0x01, 0x04, 0x01, 0x05, 0x14, 0x00, 0x15, 0x00, 0x02, 0x07, 0x01, 0x08, 0x01, 0x0a,
    0x06, 0x0b, 0x01, 0x0a, 0x01, 0x0d, 0x01, 0x04, 0x01, 0x01, 0x01, 0x02, 0x01, 0x04, 0x01, 0x06, 0x01, 0x05, 0x01, 0x06,
    0x01, 0x08, 0x01, 0x0c, 0x01, 0x08, 0x06, 0x07, 0x01, 0x0c, 0x16, 0x00, 0x14, 0x00, 0x01, 0x0c, 0x01, 0x07, 0x01, 0x0c,
    0x05, 0x0b, 0x02, 0x0a, 0x01, 0x0b, 0x01, 0x0a, 0x01, 0x05, 0x01, 0x03, 0x01, 0x01, 0x01, 0x04, 0x01, 0x06, 0x01, 0x05,
    0x01, 0x06, 0x01, 0x07, 0x02, 0x0c, 0x07, 0x07, 0x01, 0x0c, 0x16, 0x00, 0x13, 0x00, 0x01, 0x08, 0x01, 0x05, 0x01, 0x06,
    0x03, 0x0b, 0x01, 0x0a, 0x04, 0x0b, 0x01, 0x0d, 0x01, 0x04, 0x01, 0x03, 0x01, 0x02, 0x01, 0x04, 0x03, 0x05, 0x01, 0x06,
    0x02, 0x0c, 0x07, 0x07, 0x01, 0x08, 0x01, 0x0c, 0x16, 0x00, 0x13, 0x00, 0x02, 0x05, 0x01, 0x0d, 0x04, 0x0a, 0x02, 0x0b,
    0x01, 0x0d, 0x01, 0x0f, 0x01, 0x05, 0x02, 0x03, 0x01, 0x04, 0x01, 0x05, 0x01, 0x04, 0x01, 0x05, 0x01, 0x06, 0x02, 0x05,
    0x01, 0x06, 0x01, 0x0c, 0x06, 0x07, 0x02, 0x0c, 0x16, 0x00, 0x12, 0x00, 0x02, 0x04, 0x01, 0x0a, 0x06, 0x0b, 0x01, 0x0a,
    0x01, 0x0b, 0x01, 0x0f, 0x01, 0x09, 0x01, 0x04, 0x01, 0x05, 0x02, 0x06, 0x01, 0x09, 0x01, 0x0a, 0x01, 0x09, 0x03, 0x04,
    0x01, 0x05, 0x05, 0x07, 0x02, 0x0c, 0x17, 0x00, 0x12, 0x00, 0x01, 0x04, 0x01, 0x06, 0x01, 0x0d, 0x03, 0x0a, 0x01, 0x0b,
    0x02, 0x0a, 0x01, 0x0b, 0x02, 0x0e, 0x02, 0x0d, 0x06, 0x0b, 0x01, 0x0d, 0x04, 0x04, 0x03, 0x07, 0x03, 0x0c, 0x17, 0x00,
    0x11, 0x00, 0x01, 0x05, 0x01, 0x04, 0x01, 0x06, 0x01, 0x0d, 0x06, 0x0b, 0x01, 0x0d, 0x01, 0x0f, 0x01, 0x0b, 0x07, 0x0a,
    0x01, 0x0b, 0x01, 0x0d, 0x01, 0x09, 0x03, 0x04, 0x01, 0x06, 0x02, 0x07, 0x03, 0x0c, 0x17, 0x00, 0x11, 0x00, 0x01, 0x05,
    0x01, 0x04, 0x01, 0x09, 0x01, 0x0e, 0x05, 0x0b, 0x01, 0x0d, 0x02, 0x0e, 0x03, 0x0b, 0x03, 0x0a, 0x01, 0x0b, 0x03, 0x0a,
    0x01, 0x0d, 0x04, 0x04, 0x01, 0x08, 0x03, 0x0c, 0x18, 0x00, 0x12, 0x00, 0x01, 0x05, 0x01, 0x06, 0x01, 0x0e, 0x01, 0x0a,
    0x02, 0x0b, 0x02, 0x0d, 0x01, 0x0e, 0x01, 0x0f, 0x01, 0x0d, 0x05, 0x0b, 0x01, 0x0a, 0x04, 0x0b, 0x01, 0x0d, 0x01, 0x09,
    0x03, 0x04, 0x01, 0x0a, 0x02, 0x0c, 0x01, 0x0d, 0x18, 0x00, 0x12, 0x00, 0x01, 0x06, 0x01, 0x05, 0x01, 0x0b, 0x01, 0x0d,
    0x04, 0x0e, 0x03, 0x0f, 0x01, 0x0e, 0x02, 0x0b, 0x01, 0x0a, 0x07, 0x0b, 0x01, 0x0d, 0x02, 0x04, 0x01, 0x05, 0x01, 0x0a,
    0x02, 0x0d, 0x01, 0x0c, 0x18, 0x00, 0x13, 0x00, 0x02, 0x06, 0x01, 0x0d, 0x02, 0x0e, 0x01, 0x0d, 0x01, 0x0e, 0x02, 0x0a,
    0x01, 0x0b, 0x01, 0x0e, 0x01, 0x0f, 0x01, 0x0e, 0x01, 0x0d, 0x06, 0x0b, 0x01, 0x0a, 0x01, 0x0d, 0x03, 0x05, 0x01, 0x0b,
    0x01, 0x0e, 0x02, 0x0c, 0x18, 0x00, 0x14, 0x00, 0x03, 0x06, 0x01, 0x09, 0x02, 0x0d, 0x02, 0x0a, 0x01, 0x06, 0x01, 0x08,
    0x01, 0x0a, 0x01, 0x0d, 0x02, 0x0e, 0x04, 0x0d, 0x02, 0x0e, 0x01, 0x0f, 0x01, 0x06, 0x01, 0x05, 0x01, 0x06, 0x01, 0x0d,
    0x03, 0x0c, 0x01, 0x08, 0x17, 0x00, 0x17, 0x00, 0x01, 0x06, 0x01, 0x0d, 0x01, 0x0e, 0x02, 0x09, 0x04, 0x06, 0x01, 0x0b,
    0x03, 0x0f, 0x01, 0x0e, 0x03, 0x0f, 0x01, 0x0d, 0x01, 0x06, 0x01, 0x09, 0x01, 0x0d, 0x02, 0x0c, 0x01, 0x0a, 0x01, 0x06,
    0x18, 0x00, 0x18, 0x00, 0x01, 0x0d, 0x01, 0x0b, 0x01, 0x06, 0x05, 0x05, 0x03, 0x06, 0x01, 0x09, 0x01, 0x0e, 0x01, 0x0d,
    0x01, 0x0b, 0x01, 0x0a, 0x01, 0x09, 0x01, 0x0b, 0x01, 0x0c, 0x01, 0x0a, 0x02, 0x09, 0x01, 0x0a, 0x19, 0x00, 0x18, 0x00,
    0x01, 0x0c, 0x01, 0x0b, 0x02, 0x09, 0x01, 0x06, 0x03, 0x05, 0x01, 0x09, 0x02, 0x06, 0x01, 0x09, 0x01, 0x0b, 0x01, 0x09,
    0x02, 0x0b, 0x03, 0x09, 0x02, 0x0b, 0x03, 0x0c, 0x18, 0x00, 0x17, 0x00, 0x06, 0x08, 0x01, 0x0a, 0x02, 0x09, 0x01, 0x0b,
    0x02, 0x0d, 0x01, 0x09, 0x01, 0x06, 0x01, 0x0d, 0x0a, 0x0c, 0x18, 0x00, 0x17, 0x00, 0x02, 0x07, 0x01, 0x08, 0x02, 0x07,
    0x06, 0x08, 0x01, 0x09, 0x01, 0x06, 0x01, 0x05, 0x01, 0x09, 0x04, 0x08, 0x01, 0x07, 0x03, 0x08, 0x02, 0x0c, 0x18, 0x00,
    0x17, 0x00, 0x02, 0x07, 0x01, 0x08, 0x01, 0x07, 0x07, 0x08, 0x01, 0x06, 0x03, 0x05, 0x01, 0x09, 0x06, 0x08, 0x03, 0x0c,
    0x18, 0x00, 0x17, 0x00, 0x02, 0x08, 0x01, 0x07, 0x08, 0x08, 0x04, 0x05, 0x01, 0x06, 0x01, 0x08, 0x01, 0x07, 0x03, 0x08,
    0x01, 0x07, 0x03, 0x0c, 0x18, 0x00, 0x17, 0x00, 0x01, 0x08, 0x01, 0x07, 0x09, 0x08, 0x04, 0x05, 0x01, 0x09, 0x01, 0x08,
    0x05, 0x07, 0x03, 0x0c, 0x18, 0x00, 0x17, 0x00, 0x05, 0x08, 0x03, 0x0c, 0x02, 0x08, 0x01, 0x0a, 0x03, 0x09, 0x01, 0x05,
    0x01, 0x0c, 0x02, 0x08, 0x02, 0x07, 0x02, 0x08, 0x03, 0x0c, 0x18, 0x00, 0x17, 0x00, 0x03, 0x08, 0x01, 0x07, 0x02, 0x08,
    0x01, 0x0c, 0x01, 0x0d, 0x02, 0x0e, 0x01, 0x0c, 0x02, 0x08, 0x02, 0x0a, 0x02, 0x08, 0x02, 0x07, 0x04, 0x08, 0x02, 0x0c,
    0x18, 0x00, 0x17, 0x00, 0x01, 0x0c, 0x06, 0x08, 0x02, 0x0c, 0x01, 0x0d, 0x01, 0x0f, 0x01, 0x0c, 0x01, 0x08, 0x02, 0x07,
    0x02, 0x08, 0x04, 0x07, 0x01, 0x08, 0x04, 0x0c, 0x17, 0x00, 0x17, 0x00, 0x01, 0x0a, 0x07, 0x08, 0x02, 0x0c, 0x01, 0x0e,
    0x01, 0x0c, 0x0b, 0x08, 0x01, 0x0c, 0x01, 0x0a, 0x01, 0x09, 0x17, 0x00, 0x17, 0x00, 0x01, 0x06, 0x01, 0x05, 0x01, 0x06,
    0x05, 0x08, 0x02, 0x0c, 0x02, 0x0d, 0x01, 0x0c, 0x0a, 0x08, 0x01, 0x0a, 0x02, 0x09, 0x17, 0x00, 0x17, 0x00, 0x01, 0x06,
    0x01, 0x05, 0x01, 0x04, 0x01, 0x05, 0x01, 0x04, 0x02, 0x05, 0x01, 0x06, 0x03, 0x09, 0x01, 0x0b, 0x01, 0x09, 0x03, 0x08,
    0x01, 0x07, 0x03, 0x06, 0x02, 0x05, 0x01, 0x06, 0x01, 0x0a, 0x01, 0x0d, 0x01, 0x0e, 0x17, 0x00, 0x18, 0x00, 0x01, 0x0e,
    0x01, 0x0a, 0x01, 0x09, 0x02, 0x06, 0x01, 0x09, 0x01, 0x0a, 0x01, 0x0b, 0x01, 0x0d, 0x02, 0x0e, 0x08, 0x05, 0x01, 0x06,
    0x01, 0x09, 0x01, 0x0d, 0x01, 0x0e, 0x01, 0x0d, 0x01, 0x0e, 0x17, 0x00, 0x18, 0x00, 0x01, 0x0d, 0x01, 0x0a, 0x01, 0x0b,
    0x03, 0x0d, 0x03, 0x0e, 0x02, 0x0f, 0x01, 0x00, 0x03, 0x0d, 0x01, 0x0b, 0x02, 0x0a, 0x02, 0x0b, 0x01, 0x0a, 0x03, 0x0d,
    0x02, 0x0e, 0x16, 0x00, 0x18, 0x00, 0x01, 0x0f, 0x01, 0x0e, 0x02, 0x0b, 0x02, 0x0d, 0x02, 0x0b, 0x02, 0x0e, 0x01, 0x0d,
    0x02, 0x00, 0x02, 0x0d, 0x01, 0x0b, 0x04, 0x0a, 0x01, 0x0b, 0x01, 0x0d, 0x01, 0x0b, 0x03, 0x0d, 0x16, 0x00, 0x18, 0x00,
    0x01, 0x0e, 0x01, 0x0d, 0x03, 0x0e, 0x01, 0x0b, 0x01, 0x0a, 0x02, 0x0b, 0x01, 0x0d, 0x02, 0x0e, 0x02, 0x00, 0x02, 0x0f,
    0x01, 0x0d, 0x02, 0x0a, 0x01, 0x0b, 0x01, 0x0d, 0x03, 0x0b, 0x01, 0x0d, 0x01, 0x0e, 0x16, 0x00, 0x19, 0x00, 0x01, 0x0d,
    0x01, 0x0b, 0x01, 0x0d, 0x05, 0x0b, 0x03, 0x0d, 0x02, 0x00, 0x01, 0x0e, 0x01, 0x0d, 0x02, 0x0e, 0x01, 0x0d, 0x01, 0x0e,
    0x01, 0x0b, 0x01, 0x0a, 0x02, 0x0b, 0x01, 0x0d, 0x01, 0x0e, 0x16, 0x00, 0x19, 0x00, 0x01, 0x0e, 0x07, 0x0b, 0x01, 0x0d,
    0x01, 0x0e, 0x03, 0x00, 0x05, 0x0d, 0x01, 0x0b, 0x02, 0x0a, 0x02, 0x0b, 0x01, 0x0d, 0x01, 0x0e, 0x16, 0x00, 0x1a, 0x00,
    0x01, 0x0d, 0x02, 0x0b, 0x01, 0x0a, 0x02, 0x0b, 0x01, 0x0d, 0x02, 0x0e, 0x04, 0x00, 0x01, 0x0e, 0x01, 0x0d, 0x01, 0x0b,
    0x01, 0x0a, 0x01, 0x0b, 0x01, 0x0a, 0x03, 0x0b, 0x01, 0x0d, 0x01, 0x0e, 0x16, 0x00, 0x1a, 0x00, 0x01, 0x0d, 0x01, 0x0b,
    0x01, 0x0a, 0x03, 0x0b, 0x01, 0x0e, 0x02, 0x0d, 0x05, 0x00, 0x01, 0x0e, 0x01, 0x0b, 0x02, 0x0a, 0x03, 0x0b, 0x01, 0x0d,
    0x01, 0x0e, 0x17, 0x00, 0x1a, 0x00, 0x01, 0x0d, 0x02, 0x0b, 0x01, 0x0a, 0x02, 0x0b, 0x03, 0x0e, 0x05, 0x00, 0x01, 0x0e,
    0x01, 0x0d, 0x05, 0x0b, 0x01, 0x0d, 0x01, 0x0e, 0x17, 0x00, 0x19, 0x00, 0x01, 0x0b, 0x01, 0x0a, 0x01, 0x0b, 0x01, 0x0a,
    0x03, 0x0b, 0x02, 0x0e, 0x01, 0x0d, 0x06, 0x00, 0x01, 0x0e, 0x05, 0x0b, 0x01, 0x0d, 0x01, 0x0e, 0x17, 0x00, 0x17, 0x00,
    0x01, 0x0b, 0x01, 0x0d, 0x05, 0x0b, 0x01, 0x0a, 0x01, 0x0b, 0x03, 0x0e, 0x06, 0x00, 0x01, 0x0d, 0x01, 0x0a, 0x05, 0x0b,
    0x01, 0x0d, 0x17, 0x00, 0x16, 0x00, 0x02, 0x0a, 0x07, 0x0b, 0x01, 0x0d, 0x01, 0x0e, 0x01, 0x0d, 0x01, 0x0e, 0x06, 0x00,
    0x01, 0x0b, 0x01, 0x0a, 0x06, 0x0b, 0x01, 0x0d, 0x16, 0x00, 0x16, 0x00, 0x02, 0x0d, 0x02, 0x0b, 0x02, 0x0a, 0x02, 0x0b,
    0x01, 0x0d, 0x03, 0x0e, 0x06, 0x00, 0x02, 0x0a, 0x04, 0x0b, 0x01, 0x0a, 0x01, 0x0d, 0x01, 0x0a, 0x01, 0x0d, 0x16, 0x00,
    0x16, 0x00, 0x01, 0x0e, 0x01, 0x09, 0x01, 0x0b, 0x02, 0x0a, 0x01, 0x0d, 0x01, 0x0b, 0x01, 0x0d, 0x02, 0x0f, 0x08, 0x00,
    0x02, 0x0a, 0x01, 0x0b, 0x01, 0x0a, 0x02, 0x0b, 0x01, 0x0a, 0x02, 0x0b, 0x01, 0x0d, 0x16, 0x00, 0x17, 0x00, 0x01, 0x05,
    0x01, 0x09, 0x01, 0x06, 0x01, 0x09, 0x01, 0x0f, 0x02, 0x0e, 0x0a, 0x00, 0x01, 0x0b, 0x01, 0x09, 0x01, 0x0d, 0x02, 0x0b,
    0x01, 0x0d, 0x01, 0x0a, 0x01, 0x0e, 0x01, 0x0b, 0x01, 0x0d, 0x16, 0x00, 0x29, 0x00, 0x02, 0x0b, 0x01, 0x09, 0x01, 0x0a,
    0x01, 0x0d, 0x01, 0x09, 0x02, 0x0d, 0x17, 0x00, 0x48, 0x00, 0x48, 0x00, 0x48, 0x00
};
const uint8_t kReview1[] PROGMEM = {
    0x48, 0x00, 0x48, 0x00, 0x48, 0x00, 0x48, 0x00, 0x48, 0x00, 0x48, 0x00, 0x48, 0x00, 0x48, 0x00, 0x48, 0x00, 0x48, 0x00,
    0x48, 0x00, 0x48, 0x00, 0x18, 0x00, 0x01, 0x01, 0x01, 0x03, 0x2e, 0x00, 0x17, 0x00, 0x01, 0x02, 0x01, 0x01, 0x0a, 0x00,
    0x01, 0x0a, 0x02, 0x0d, 0x22, 0x00, 0x16, 0x00, 0x01, 0x02, 0x02, 0x01, 0x01, 0x02, 0x01, 0x03, 0x03, 0x02, 0x01, 0x03,
    0x03, 0x00, 0x01, 0x0a, 0x03, 0x0b, 0x02, 0x0d, 0x08, 0x00, 0x02, 0x04, 0x16, 0x00, 0x16, 0x00, 0x01, 0x03, 0x01, 0x01,
    0x03, 0x02, 0x02, 0x01, 0x01, 0x02, 0x01, 0x03, 0x02, 0x02, 0x01, 0x09, 0x01, 0x0e, 0x01, 0x0d, 0x02, 0x0e, 0x02, 0x0b,
    0x07, 0x00, 0x01, 0x05, 0x01, 0x04, 0x01, 0x05, 0x01, 0x09, 0x15, 0x00, 0x14, 0x00, 0x02, 0x0b, 0x01, 0x05, 0x01, 0x03,
    0x02, 0x01, 0x05, 0x02, 0x02, 0x01, 0x01, 0x03, 0x01, 0x06, 0x02, 0x0f, 0x01, 0x0e, 0x02, 0x0d, 0x01, 0x0e, 0x06, 0x00,
    0x01, 0x05, 0x01, 0x04, 0x01, 0x06, 0x01, 0x0d, 0x15, 0x00, 0x13, 0x00, 0x02, 0x0b, 0x01, 0x0a, 0x01, 0x0d, 0x01, 0x05,
    0x02, 0x03, 0x07, 0x02, 0x01, 0x01, 0x01, 0x02, 0x01, 0x04, 0x01, 0x0a, 0x01, 0x0f, 0x01, 0x0b, 0x01, 0x0d, 0x01, 0x0f,
    0x05, 0x00, 0x01, 0x05, 0x01, 0x04, 0x01, 0x05, 0x01, 0x0b, 0x16, 0x00, 0x13, 0x00, 0x01, 0x0b, 0x01, 0x0d, 0x01, 0x0e,
    0x01, 0x0d, 0x02, 0x03, 0x02, 0x02, 0x01, 0x01, 0x01, 0x02, 0x01, 0x01, 0x05, 0x02, 0x01, 0x01, 0x01, 0x03, 0x01, 0x0a,
    0x01, 0x0f, 0x01, 0x0e, 0x05, 0x00, 0x01, 0x09, 0x02, 0x05, 0x01, 0x09, 0x17, 0x00, 0x12, 0x00, 0x01, 0x0b, 0x01, 0x0a,
    0x01, 0x0e, 0x01, 0x0f, 0x01, 0x04, 0x03, 0x01, 0x01, 0x02, 0x01, 0x01, 0x03, 0x02, 0x01, 0x01, 0x04, 0x02, 0x01, 0x01,
    0x01, 0x03, 0x01, 0x06, 0x01, 0x0b, 0x05, 0x00, 0x01, 0x06, 0x01, 0x05, 0x01, 0x06, 0x01, 0x09, 0x17, 0x00, 0x12, 0x00,
    0x01, 0x0b, 0x01, 0x0a, 0x01, 0x0f, 0x01, 0x0e, 0x01, 0x03, 0x01, 0x01, 0x01, 0x02, 0x02, 0x01, 0x01, 0x02, 0x01, 0x01,
    0x01, 0x02, 0x02, 0x03, 0x01, 0x02, 0x01, 0x01, 0x05, 0x02, 0x02, 0x03, 0x03, 0x00, 0x01, 0x05, 0x01, 0x04, 0x01, 0x06,
    0x01, 0x0b, 0x01, 0x06, 0x17, 0x00, 0x12, 0x00, 0x01, 0x0e, 0x01, 0x0b, 0x01, 0x0f, 0x01, 0x05, 0x01, 0x01, 0x01, 0x02,
    0x01, 0x01, 0x02, 0x02, 0x01, 0x01, 0x04, 0x02, 0x01, 0x04, 0x01, 0x03, 0x02, 0x01, 0x04, 0x02, 0x01, 0x03, 0x03, 0x00,
    0x02, 0x05, 0x01, 0x09, 0x01, 0x0b, 0x01, 0x09, 0x17, 0x00, 0x13, 0x00, 0x01, 0x0d, 0x01, 0x0f, 0x01, 0x03, 0x01, 0x01,
    0x01, 0x02, 0x01, 0x03, 0x01, 0x02, 0x01, 0x01, 0x02, 0x02, 0x02, 0x03, 0x01, 0x04, 0x01, 0x0e, 0x01, 0x0d, 0x01, 0x06,
    0x01, 0x03, 0x01, 0x01, 0x03, 0x02, 0x01, 0x01, 0x01, 0x02, 0x01, 0x00, 0x01, 0x05, 0x01, 0x04, 0x01, 0x06, 0x01, 0x00,
    0x01, 0x09, 0x01, 0x05, 0x01, 0x04, 0x16, 0x00, 0x14, 0x00, 0x01, 0x05, 0x02, 0x02, 0x01, 0x03, 0x04, 0x02, 0x01, 0x01,
    0x01, 0x03, 0x01, 0x0b, 0x01, 0x0e, 0x02, 0x0d, 0x01, 0x0e, 0x01, 0x0a, 0x01, 0x03, 0x01, 0x01, 0x02, 0x02, 0x02, 0x03,
    0x01, 0x06, 0x01, 0x05, 0x01, 0x06, 0x01, 0x09, 0x01, 0x00, 0x01, 0x05, 0x02, 0x04, 0x16, 0x00, 0x14, 0x00, 0x02, 0x01,
    0x03, 0x03, 0x01, 0x04, 0x01, 0x01, 0x01, 0x02, 0x01, 0x01, 0x01, 0x02, 0x01, 0x0b, 0x01, 0x0a, 0x01, 0x0f, 0x01, 0x09,
    0x01, 0x0a, 0x01, 0x0f, 0x01, 0x04, 0x01, 0x01, 0x03, 0x02, 0x01, 0x03, 0x01, 0x06, 0x01, 0x05, 0x01, 0x09, 0x02, 0x00,
    0x01, 0x09, 0x03, 0x04, 0x15, 0x00, 0x14, 0x00, 0x01, 0x03, 0x01, 0x01, 0x01, 0x03, 0x02, 0x0d, 0x01, 0x0b, 0x01, 0x03,
    0x02, 0x02, 0x01, 0x01, 0x01, 0x06, 0x02, 0x0f, 0x02, 0x03, 0x01, 0x0f, 0x01, 0x04, 0x01, 0x01, 0x03, 0x02, 0x02, 0x05,
    0x01, 0x06, 0x03, 0x00, 0x01, 0x09, 0x02, 0x04, 0x01, 0x05, 0x15, 0x00, 0x14, 0x00, 0x01, 0x04, 0x01, 0x02, 0x01, 0x04,
    0x01, 0x0f, 0x01, 0x0b, 0x01, 0x0f, 0x01, 0x04, 0x03, 0x01, 0x01, 0x02, 0x01, 0x04, 0x01, 0x0e, 0x01, 0x04, 0x01, 0x06,
    0x01, 0x0e, 0x01, 0x03, 0x01, 0x01, 0x01, 0x02, 0x01, 0x01, 0x01, 0x03, 0x01, 0x0a, 0x01, 0x06, 0x01, 0x0e, 0x03, 0x00,
    0x01, 0x0a, 0x01, 0x09, 0x01, 0x05, 0x01, 0x06, 0x15, 0x00, 0x14, 0x00, 0x01, 0x03, 0x01, 0x01, 0x01, 0x05, 0x01, 0x09,
    0x01, 0x0b, 0x01, 0x0f, 0x01, 0x03, 0x01, 0x04, 0x01, 0x0a, 0x01, 0x03, 0x02, 0x01, 0x01, 0x03, 0x02, 0x05, 0x01, 0x03,
    0x01, 0x01, 0x01, 0x02, 0x01, 0x01, 0x01, 0x03, 0x01, 0x06, 0x01, 0x0c, 0x01, 0x08, 0x02, 0x07, 0x02, 0x00, 0x01, 0x05,
    0x18, 0x00, 0x14, 0x00, 0x01, 0x03, 0x01, 0x01, 0x01, 0x05, 0x02, 0x04, 0x01, 0x09, 0x01, 0x02, 0x02, 0x05, 0x01, 0x02,
    0x01, 0x01, 0x02, 0x02, 0x02, 0x01, 0x03, 0x02, 0x01, 0x03, 0x01, 0x05, 0x01, 0x0a, 0x01, 0x0c, 0x04, 0x07, 0x01, 0x0c,
    0x01, 0x00, 0x01, 0x04, 0x17, 0x00, 0x14, 0x00, 0x01, 0x03, 0x01, 0x02, 0x01, 0x03, 0x01, 0x0b, 0x01, 0x0a, 0x01, 0x04,
    0x05, 0x01, 0x02, 0x03, 0x01, 0x01, 0x01, 0x02, 0x01, 0x01, 0x01, 0x02, 0x01, 0x03, 0x01, 0x0a, 0x01, 0x06, 0x01, 0x08,
    0x01, 0x0c, 0x06, 0x07, 0x01, 0x04, 0x17, 0x00, 0x15, 0x00, 0x01, 0x03, 0x01, 0x02, 0x01, 0x03, 0x01, 0x04, 0x04, 0x02,
    0x03, 0x03, 0x02, 0x01, 0x01, 0x02, 0x01, 0x03, 0x01, 0x05, 0x01, 0x0f, 0x01, 0x09, 0x01, 0x07, 0x02, 0x0c, 0x06, 0x07,
    0x01, 0x08, 0x17, 0x00, 0x15, 0x00, 0x01, 0x0d, 0x01, 0x04, 0x01, 0x02, 0x03, 0x01, 0x02, 0x02, 0x03, 0x01, 0x01, 0x03,
    0x01, 0x04, 0x01, 0x06, 0x01, 0x0d, 0x01, 0x0f, 0x01, 0x0a, 0x01, 0x06, 0x02, 0x0c, 0x09, 0x07, 0x16, 0x00, 0x15, 0x00,
    0x01, 0x06, 0x01, 0x0c, 0x01, 0x08, 0x01, 0x04, 0x03, 0x03, 0x01, 0x02, 0x02, 0x04, 0x01, 0x05, 0x01, 0x09, 0x01, 0x0b,
    0x01, 0x0d, 0x01, 0x0a, 0x01, 0x05, 0x01, 0x06, 0x01, 0x07, 0x02, 0x0c, 0x09, 0x07, 0x01, 0x08, 0x01, 0x06, 0x14, 0x00,
    0x15, 0x00, 0x01, 0x06, 0x01, 0x07, 0x01, 0x0c, 0x02, 0x0f, 0x01, 0x0e, 0x01, 0x0d, 0x01, 0x0a, 0x02, 0x0d, 0x03, 0x0b,
    0x01, 0x06, 0x02, 0x04, 0x01, 0x09, 0x01, 0x06, 0x01, 0x0c, 0x01, 0x08, 0x0a, 0x07, 0x01, 0x06, 0x01, 0x04, 0x13, 0x00,
    0x15, 0x00, 0x01, 0x07, 0x01, 0x06, 0x01, 0x07, 0x01, 0x0c, 0x01, 0x0e, 0x02, 0x06, 0x01, 0x0d, 0x03, 0x0b, 0x01, 0x06,
    0x01, 0x04, 0x02, 0x03, 0x01, 0x05, 0x01, 0x09, 0x01, 0x06, 0x01, 0x08, 0x0c, 0x07, 0x01, 0x04, 0x13, 0x00, 0x15, 0x00,
    0x01, 0x07, 0x01, 0x0c, 0x02, 0x0a, 0x01, 0x0b, 0x01, 0x06, 0x01, 0x03, 0x01, 0x04, 0x01, 0x06, 0x01, 0x09, 0x01, 0x04,
    0x02, 0x03, 0x01, 0x02, 0x01, 0x03, 0x02, 0x05, 0x01, 0x06, 0x06, 0x07, 0x02, 0x08, 0x05, 0x07, 0x01, 0x04, 0x01, 0x05,
    0x12, 0x00, 0x15, 0x00, 0x01, 0x07, 0x01, 0x08, 0x01, 0x0c, 0x01, 0x08, 0x01, 0x0a, 0x01, 0x06, 0x01, 0x04, 0x02, 0x03,
    0x01, 0x04, 0x01, 0x03, 0x01, 0x02, 0x01, 0x01, 0x01, 0x02, 0x01, 0x04, 0x02, 0x05, 0x04, 0x07, 0x04, 0x0c, 0x02, 0x07,
    0x01, 0x0c, 0x01, 0x08, 0x01, 0x0c, 0x01, 0x08, 0x01, 0x04, 0x01, 0x06, 0x12, 0x00, 0x16, 0x00, 0x02, 0x0c, 0x01, 0x08,
    0x01, 0x09, 0x01, 0x05, 0x01, 0x04, 0x06, 0x02, 0x01, 0x04, 0x02, 0x05, 0x02, 0x06, 0x03, 0x07, 0x02, 0x0c, 0x01, 0x0d,
    0x06, 0x0c, 0x02, 0x05, 0x01, 0x06, 0x12, 0x00, 0x16, 0x00, 0x01, 0x09, 0x02, 0x0c, 0x01, 0x09, 0x02, 0x05, 0x01, 0x03,
    0x01, 0x01, 0x03, 0x02, 0x01, 0x03, 0x03, 0x05, 0x01, 0x06, 0x01, 0x05, 0x03, 0x07, 0x02, 0x0c, 0x01, 0x0e, 0x01, 0x0f,
    0x01, 0x0d, 0x02, 0x0c, 0x01, 0x0a, 0x01, 0x06, 0x01, 0x05, 0x01, 0x06, 0x13, 0x00, 0x16, 0x00, 0x01, 0x05, 0x01, 0x06,
    0x01, 0x0c, 0x01, 0x08, 0x01, 0x06, 0x02, 0x05, 0x01, 0x03, 0x01, 0x01, 0x02, 0x02, 0x01, 0x04, 0x04, 0x05, 0x01, 0x06,
    0x03, 0x07, 0x04, 0x0c, 0x01, 0x0a, 0x02, 0x06, 0x02, 0x05, 0x01, 0x09, 0x01, 0x0f, 0x13, 0x00, 0x17, 0x00, 0x01, 0x05,
    0x01, 0x06, 0x01, 0x0a, 0x01, 0x09, 0x03, 0x05, 0x01, 0x03, 0x01, 0x02, 0x01, 0x04, 0x05, 0x05, 0x01, 0x09, 0x01, 0x05,
    0x03, 0x07, 0x03, 0x0c, 0x01, 0x0e, 0x01, 0x0a, 0x02, 0x09, 0x01, 0x0b, 0x01, 0x0e, 0x14, 0x00, 0x18, 0x00, 0x01, 0x0b,
    0x01, 0x08, 0x01, 0x0b, 0x01, 0x09, 0x01, 0x05, 0x02, 0x06, 0x06, 0x05, 0x04, 0x06, 0x01, 0x08, 0x03, 0x0c, 0x01, 0x0a,
    0x01, 0x0d, 0x01, 0x0c, 0x03, 0x0f, 0x01, 0x0e, 0x14, 0x00, 0x19, 0x00, 0x01, 0x08, 0x01, 0x06, 0x01, 0x0d, 0x02, 0x06,
    0x01, 0x09, 0x01, 0x06, 0x01, 0x05, 0x01, 0x06, 0x03, 0x05, 0x02, 0x06, 0x01, 0x0a, 0x01, 0x05, 0x01, 0x08, 0x02, 0x0c,
    0x01, 0x0a, 0x01, 0x0d, 0x03, 0x0c, 0x02, 0x0f, 0x15, 0x00, 0x19, 0x00, 0x01, 0x0c, 0x01, 0x06, 0x01, 0x0e, 0x01, 0x0d,
    0x01, 0x0a, 0x01, 0x09, 0x01, 0x06, 0x01, 0x09, 0x03, 0x06, 0x01, 0x08, 0x01, 0x09, 0x01, 0x0a, 0x01, 0x0e, 0x01, 0x09,
    0x01, 0x08, 0x01, 0x0c, 0x01, 0x09, 0x02, 0x0d, 0x04, 0x0c, 0x16, 0x00, 0x1a, 0x00, 0x01, 0x06, 0x01, 0x0c, 0x01, 0x0d,
    0x06, 0x09, 0x01, 0x0b, 0x03, 0x09, 0x01, 0x0b, 0x01, 0x0e, 0x02, 0x06, 0x01, 0x0b, 0x03, 0x0c, 0x03, 0x08, 0x16, 0x00,
    0x1a, 0x00, 0x01, 0x0a, 0x03, 0x0c, 0x01, 0x0b, 0x02, 0x09, 0x02, 0x06, 0x03, 0x09, 0x02, 0x0b, 0x01, 0x0e, 0x01, 0x0a,
    0x01, 0x0b, 0x01, 0x0c, 0x03, 0x08, 0x01, 0x0c, 0x02, 0x08, 0x16, 0x00, 0x1b, 0x00, 0x04, 0x08, 0x01, 0x0c, 0x03, 0x0b,
    0x02, 0x0c, 0x01, 0x0d, 0x01, 0x09, 0x01, 0x06, 0x01, 0x09, 0x02, 0x0c, 0x03, 0x08, 0x01, 0x07, 0x03, 0x0c, 0x16, 0x00,
    0x1a, 0x00, 0x02, 0x07, 0x03, 0x08, 0x01, 0x07, 0x05, 0x08, 0x01, 0x09, 0x03, 0x05, 0x01, 0x09, 0x02, 0x08, 0x03, 0x07,
    0x01, 0x08, 0x02, 0x0c, 0x16, 0x00, 0x1b, 0x00, 0x04, 0x08, 0x02, 0x0c, 0x04, 0x08, 0x01, 0x06, 0x01, 0x05, 0x01, 0x06,
    0x01, 0x05, 0x01, 0x06, 0x01, 0x0c, 0x01, 0x08, 0x02, 0x07, 0x01, 0x08, 0x03, 0x0c, 0x16, 0x00, 0x1b, 0x00, 0x03, 0x08,
    0x01, 0x07, 0x01, 0x08, 0x01, 0x0c, 0x01, 0x0d, 0x01, 0x0e, 0x01, 0x0d, 0x01, 0x0e, 0x01, 0x09, 0x03, 0x05, 0x01, 0x09,
    0x01, 0x08, 0x01, 0x07, 0x03, 0x08, 0x03, 0x0c, 0x16, 0x00, 0x1b, 0x00, 0x01, 0x0c, 0x02, 0x08, 0x01, 0x07, 0x02, 0x08,
    0x02, 0x0c, 0x01, 0x0e, 0x01, 0x0f, 0x01, 0x0a, 0x03, 0x09, 0x06, 0x08, 0x01, 0x0c, 0x01, 0x0a, 0x01, 0x09, 0x16, 0x00,
    0x1b, 0x00, 0x01, 0x06, 0x04, 0x08, 0x04, 0x0c, 0x01, 0x0d, 0x03, 0x0c, 0x01, 0x08, 0x01, 0x07, 0x05, 0x08, 0x02, 0x09,
    0x17, 0x00, 0x1b, 0x00, 0x01, 0x06, 0x02, 0x05, 0x03, 0x06, 0x03, 0x09, 0x02, 0x0a, 0x02, 0x08, 0x01, 0x07, 0x02, 0x08,
    0x01, 0x07, 0x01, 0x06, 0x01, 0x05, 0x01, 0x06, 0x01, 0x0a, 0x01, 0x0f, 0x17, 0x00, 0x1b, 0x00, 0x01, 0x0f, 0x01, 0x0b,
    0x01, 0x09, 0x03, 0x06, 0x01, 0x09, 0x01, 0x0b, 0x01, 0x0d, 0x01, 0x0e, 0x01, 0x0a, 0x07, 0x05, 0x01, 0x09, 0x01, 0x0d,
    0x02, 0x0e, 0x17, 0x00, 0x1c, 0x00, 0x01, 0x0d, 0x02, 0x0b, 0x01, 0x0d, 0x01, 0x0e, 0x01, 0x0f, 0x01, 0x0e, 0x03, 0x0f,
    0x01, 0x0e, 0x01, 0x0d, 0x03, 0x0a, 0x01, 0x0b, 0x01, 0x0d, 0x04, 0x0e, 0x17, 0x00, 0x1c, 0x00, 0x02, 0x0e, 0x02, 0x0d,
    0x01, 0x0e, 0x02, 0x0d, 0x02, 0x0e, 0x01, 0x0f, 0x02, 0x0e, 0x01, 0x0d, 0x01, 0x0b, 0x01, 0x0a, 0x01, 0x0b, 0x03, 0x0d,
    0x03, 0x0e, 0x16, 0x00, 0x1c, 0x00, 0x01, 0x0e, 0x01, 0x0d, 0x01, 0x0f, 0x01, 0x0e, 0x01, 0x0d, 0x02, 0x0b, 0x01, 0x0d,
    0x02, 0x0e, 0x01, 0x00, 0x02, 0x0e, 0x02, 0x0d, 0x02, 0x0e, 0x02, 0x0b, 0x02, 0x0d, 0x01, 0x0f, 0x16, 0x00, 0x1c, 0x00,
    0x01, 0x0e, 0x06, 0x0b, 0x01, 0x0d, 0x02, 0x0e, 0x01, 0x00, 0x01, 0x0e, 0x01, 0x0d, 0x02, 0x0e, 0x01, 0x0d, 0x03, 0x0b,
    0x01, 0x0d, 0x01, 0x0e, 0x17, 0x00, 0x1d, 0x00, 0x01, 0x0d, 0x05, 0x0b, 0x01, 0x0d, 0x02, 0x0e, 0x01, 0x00, 0x01, 0x0e,
    0x07, 0x0b, 0x02, 0x0e, 0x17, 0x00, 0x1d, 0x00, 0x01, 0x0f, 0x04, 0x0b, 0x01, 0x0d, 0x02, 0x0e, 0x02, 0x00, 0x01, 0x0e,
    0x01, 0x0d, 0x05, 0x0b, 0x01, 0x0d, 0x02, 0x0e, 0x17, 0x00, 0x1d, 0x00, 0x01, 0x0e, 0x01, 0x0d, 0x03, 0x0b, 0x01, 0x0d,
    0x02, 0x0e, 0x03, 0x00, 0x01, 0x0e, 0x01, 0x0b, 0x01, 0x0a, 0x03, 0x0b, 0x01, 0x0d, 0x01, 0x0f, 0x18, 0x00, 0x1d, 0x00,
    0x06, 0x0b, 0x02, 0x0e, 0x03, 0x00, 0x01, 0x0d, 0x05, 0x0b, 0x01, 0x0d, 0x01, 0x0f, 0x18, 0x00, 0x1b, 0x00, 0x02, 0x0b,
    0x01, 0x0a, 0x04, 0x0b, 0x01, 0x0d, 0x02, 0x0e, 0x03, 0x00, 0x01, 0x0d, 0x04, 0x0b, 0x01, 0x0d, 0x02, 0x0e, 0x18, 0x00,
    0x1a, 0x00, 0x02, 0x0a, 0x02, 0x0b, 0x01, 0x0d, 0x03, 0x0b, 0x02, 0x0e, 0x01, 0x0d, 0x02, 0x00, 0x01, 0x0d, 0x02, 0x0a,
    0x03, 0x0b, 0x02, 0x0d, 0x01, 0x0e, 0x18, 0x00, 0x1a, 0x00, 0x04, 0x0b, 0x01, 0x0a, 0x02, 0x0b, 0x01, 0x0d, 0x02, 0x0e,
    0x01, 0x0f, 0x02, 0x00, 0x01, 0x0b, 0x01, 0x0a, 0x06, 0x0b, 0x01, 0x0e, 0x18, 0x00, 0x1a, 0x00, 0x01, 0x0d, 0x01, 0x0a,
    0x01, 0x0d, 0x01, 0x0a, 0x02, 0x0b, 0x01, 0x0d, 0x01, 0x0e, 0x02, 0x0f, 0x02, 0x00, 0x01, 0x0b, 0x01, 0x0a, 0x02, 0x0b,
    0x01, 0x0d, 0x04, 0x0b, 0x01, 0x0e, 0x18, 0x00, 0x1b, 0x00, 0x01, 0x09, 0x01, 0x0d, 0x02, 0x09, 0x01, 0x0e, 0x01, 0x0f,
    0x05, 0x00, 0x05, 0x0b, 0x01, 0x0a, 0x02, 0x0b, 0x01, 0x0a, 0x01, 0x0d, 0x18, 0x00, 0x26, 0x00, 0x01, 0x09, 0x03, 0x0b,
    0x01, 0x0e, 0x01, 0x0b, 0x01, 0x0d, 0x01, 0x0b, 0x01, 0x0d, 0x19, 0x00, 0x27, 0x00, 0x01, 0x0d, 0x02, 0x09, 0x01, 0x0b,
    0x01, 0x09, 0x01, 0x0e, 0x01, 0x0d, 0x1a, 0x00, 0x48, 0x00, 0x48, 0x00, 0x48, 0x00
};
const uint8_t kReview2[] PROGMEM = {
    0x48, 0x00, 0x48, 0x00, 0x1c, 0x00, 0x01, 0x02, 0x01, 0x03, 0x2a, 0x00, 0x1b, 0x00, 0x01, 0x02, 0x01, 0x01, 0x01, 0x03,
    0x2a, 0x00, 0x1a, 0x00, 0x01, 0x02, 0x01, 0x01, 0x01, 0x02, 0x02, 0x00, 0x02, 0x02, 0x05, 0x00, 0x01, 0x0b, 0x01, 0x0d,
    0x02, 0x0b, 0x1e, 0x00, 0x1a, 0x00, 0x01, 0x02, 0x01, 0x01, 0x02, 0x02, 0x01, 0x03, 0x02, 0x01, 0x01, 0x02, 0x03, 0x03,
    0x01, 0x0a, 0x05, 0x0b, 0x1d, 0x00, 0x1a, 0x00, 0x01, 0x02, 0x03, 0x01, 0x05, 0x02, 0x01, 0x01, 0x01, 0x03, 0x01, 0x0b,
    0x03, 0x0e, 0x01, 0x0d, 0x01, 0x0a, 0x01, 0x0b, 0x1c, 0x00, 0x17, 0x00, 0x01, 0x0d, 0x02, 0x0b, 0x03, 0x03, 0x08, 0x02,
    0x01, 0x03, 0x01, 0x06, 0x02, 0x0f, 0x01, 0x0d, 0x01, 0x0b, 0x01, 0x0d, 0x1c, 0x00, 0x16, 0x00, 0x03, 0x0b, 0x01, 0x0f,
    0x01, 0x05, 0x02, 0x03, 0x03, 0x02, 0x02, 0x01, 0x03, 0x02, 0x01, 0x01, 0x01, 0x02, 0x01, 0x04, 0x01, 0x0e, 0x01, 0x0d,
    0x01, 0x0a, 0x01, 0x0e, 0x1c, 0x00, 0x15, 0x00, 0x02, 0x0b, 0x01, 0x0e, 0x01, 0x0f, 0x01, 0x09, 0x01, 0x03, 0x03, 0x01,
    0x01, 0x02, 0x01, 0x01, 0x03, 0x02, 0x01, 0x01, 0x03, 0x02, 0x01, 0x01, 0x01, 0x04, 0x02, 0x0e, 0x01, 0x0f, 0x1c, 0x00,
    0x15, 0x00, 0x01, 0x0b, 0x01, 0x0a, 0x01, 0x0e, 0x01, 0x0f, 0x01, 0x03, 0x01, 0x01, 0x06, 0x02, 0x03, 0x03, 0x01, 0x01,
    0x03, 0x02, 0x01, 0x01, 0x01, 0x04, 0x01, 0x0d, 0x08, 0x00, 0x01, 0x05, 0x01, 0x04, 0x13, 0x00, 0x15, 0x00, 0x01, 0x0d,
    0x01, 0x0b, 0x01, 0x0f, 0x01, 0x06, 0x01, 0x01, 0x04, 0x02, 0x01, 0x01, 0x03, 0x02, 0x01, 0x03, 0x01, 0x06, 0x01, 0x03,
    0x03, 0x01, 0x01, 0x02, 0x01, 0x01, 0x01, 0x02, 0x01, 0x03, 0x07, 0x00, 0x02, 0x04, 0x01, 0x06, 0x12, 0x00, 0x16, 0x00,
    0x01, 0x0d, 0x01, 0x0f, 0x01, 0x03, 0x01, 0x01, 0x02, 0x03, 0x01, 0x02, 0x01, 0x01, 0x01, 0x02, 0x01, 0x01, 0x01, 0x03,
    0x01, 0x06, 0x01, 0x0d, 0x02, 0x0e, 0x01, 0x05, 0x02, 0x01, 0x01, 0x02, 0x01, 0x01, 0x01, 0x02, 0x01, 0x04, 0x06, 0x00,
    0x01, 0x05, 0x01, 0x04, 0x01, 0x05, 0x01, 0x09, 0x12, 0x00, 0x17, 0x00, 0x01, 0x09, 0x01, 0x02, 0x01, 0x03, 0x02, 0x02,
    0x01, 0x03, 0x01, 0x01, 0x01, 0x02, 0x01, 0x01, 0x01, 0x04, 0x02, 0x0f, 0x02, 0x0e, 0x01, 0x0f, 0x01, 0x04, 0x01, 0x01,
    0x02, 0x02, 0x02, 0x01, 0x01, 0x02, 0x05, 0x00, 0x02, 0x04, 0x01, 0x09, 0x13, 0x00, 0x17, 0x00, 0x01, 0x02, 0x01, 0x01,
    0x01, 0x03, 0x01, 0x04, 0x01, 0x06, 0x01, 0x04, 0x01, 0x01, 0x01, 0x02, 0x01, 0x01, 0x01, 0x04, 0x01, 0x0f, 0x01, 0x0a,
    0x01, 0x0f, 0x01, 0x05, 0x01, 0x0d, 0x01, 0x0b, 0x01, 0x02, 0x01, 0x01, 0x02, 0x02, 0x02, 0x03, 0x04, 0x00, 0x01, 0x05,
    0x01, 0x04, 0x01, 0x06, 0x14, 0x00, 0x17, 0x00, 0x01, 0x03, 0x01, 0x01, 0x01, 0x06, 0x02, 0x0f, 0x01, 0x06, 0x01, 0x02,
    0x02, 0x01, 0x01, 0x03, 0x01, 0x09, 0x01, 0x0f, 0x01, 0x0e, 0x01, 0x02, 0x01, 0x05, 0x01, 0x0e, 0x01, 0x03, 0x01, 0x01,
    0x03, 0x02, 0x01, 0x03, 0x03, 0x00, 0x01, 0x09, 0x01, 0x04, 0x01, 0x05, 0x01, 0x0a, 0x14, 0x00, 0x17, 0x00, 0x02, 0x02,
    0x01, 0x0e, 0x01, 0x0d, 0x01, 0x0f, 0x01, 0x0a, 0x01, 0x02, 0x02, 0x03, 0x01, 0x01, 0x01, 0x02, 0x01, 0x05, 0x01, 0x09,
    0x01, 0x06, 0x01, 0x0e, 0x01, 0x05, 0x03, 0x02, 0x01, 0x01, 0x01, 0x02, 0x01, 0x03, 0x03, 0x00, 0x02, 0x05, 0x01, 0x09,
    0x01, 0x05, 0x14, 0x00, 0x17, 0x00, 0x01, 0x01, 0x01, 0x03, 0x01, 0x0d, 0x01, 0x09, 0x01, 0x0f, 0x01, 0x05, 0x01, 0x04,
    0x01, 0x0f, 0x01, 0x03, 0x03, 0x01, 0x01, 0x03, 0x01, 0x04, 0x01, 0x03, 0x05, 0x02, 0x01, 0x04, 0x03, 0x00, 0x01, 0x05,
    0x01, 0x04, 0x01, 0x09, 0x01, 0x0e, 0x01, 0x0a, 0x14, 0x00, 0x16, 0x00, 0x01, 0x03, 0x01, 0x02, 0x01, 0x03, 0x01, 0x09,
    0x01, 0x04, 0x01, 0x0e, 0x01, 0x03, 0x01, 0x02, 0x01, 0x03, 0x02, 0x01, 0x01, 0x02, 0x01, 0x03, 0x03, 0x01, 0x02, 0x02,
    0x01, 0x01, 0x01, 0x02, 0x01, 0x04, 0x01, 0x05, 0x02, 0x00, 0x01, 0x06, 0x01, 0x04, 0x01, 0x05, 0x02, 0x09, 0x01, 0x06,
    0x01, 0x04, 0x13, 0x00, 0x17, 0x00, 0x01, 0x03, 0x01, 0x02, 0x01, 0x06, 0x01, 0x0d, 0x01, 0x04, 0x03, 0x01, 0x02, 0x02,
    0x02, 0x03, 0x01, 0x01, 0x02, 0x02, 0x02, 0x01, 0x01, 0x03, 0x01, 0x04, 0x01, 0x0e, 0x01, 0x0a, 0x01, 0x04, 0x01, 0x00,
    0x02, 0x05, 0x01, 0x09, 0x01, 0x00, 0x01, 0x05, 0x02, 0x04, 0x13, 0x00, 0x17, 0x00, 0x01, 0x03, 0x02, 0x02, 0x01, 0x03,
    0x01, 0x01, 0x01, 0x02, 0x02, 0x03, 0x03, 0x02, 0x03, 0x01, 0x01, 0x02, 0x01, 0x03, 0x01, 0x04, 0x01, 0x0a, 0x01, 0x0f,
    0x01, 0x0d, 0x01, 0x06, 0x01, 0x08, 0x01, 0x05, 0x01, 0x04, 0x01, 0x09, 0x02, 0x00, 0x01, 0x06, 0x02, 0x04, 0x13, 0x00,
    0x18, 0x00, 0x01, 0x03, 0x02, 0x01, 0x01, 0x03, 0x01, 0x02, 0x01, 0x01, 0x02, 0x02, 0x02, 0x01, 0x01, 0x02, 0x01, 0x04,
    0x01, 0x05, 0x01, 0x08, 0x01, 0x0d, 0x01, 0x0f, 0x01, 0x09, 0x01, 0x05, 0x01, 0x06, 0x01, 0x0c, 0x01, 0x0a, 0x01, 0x05,
    0x01, 0x06, 0x01, 0x0b, 0x02, 0x00, 0x01, 0x06, 0x03, 0x04, 0x12, 0x00, 0x17, 0x00, 0x01, 0x05, 0x01, 0x08, 0x01, 0x04,
    0x01, 0x03, 0x01, 0x06, 0x01, 0x05, 0x01, 0x04, 0x02, 0x06, 0x01, 0x05, 0x01, 0x06, 0x01, 0x09, 0x03, 0x0d, 0x01, 0x09,
    0x01, 0x05, 0x01, 0x06, 0x01, 0x07, 0x02, 0x0c, 0x01, 0x09, 0x01, 0x05, 0x01, 0x0b, 0x03, 0x00, 0x01, 0x09, 0x01, 0x04,
    0x01, 0x05, 0x01, 0x06, 0x12, 0x00, 0x17, 0x00, 0x01, 0x04, 0x01, 0x0c, 0x02, 0x0e, 0x01, 0x0d, 0x01, 0x0b, 0x02, 0x0d,
    0x01, 0x09, 0x01, 0x0a, 0x01, 0x0d, 0x01, 0x0b, 0x01, 0x0d, 0x01, 0x09, 0x01, 0x06, 0x01, 0x05, 0x02, 0x07, 0x02, 0x0c,
    0x02, 0x08, 0x01, 0x09, 0x03, 0x00, 0x01, 0x06, 0x01, 0x09, 0x01, 0x05, 0x01, 0x06, 0x13, 0x00, 0x16, 0x00, 0x01, 0x0c,
    0x01, 0x0a, 0x01, 0x05, 0x01, 0x0c, 0x01, 0x0e, 0x01, 0x0b, 0x03, 0x0a, 0x01, 0x0b, 0x01, 0x0a, 0x01, 0x0e, 0x01, 0x09,
    0x02, 0x04, 0x02, 0x06, 0x03, 0x0c, 0x05, 0x07, 0x02, 0x00, 0x01, 0x09, 0x01, 0x06, 0x15, 0x00, 0x15, 0x00, 0x02, 0x07,
    0x01, 0x0c, 0x02, 0x0a, 0x01, 0x0d, 0x01, 0x0a, 0x02, 0x0b, 0x01, 0x0a, 0x02, 0x0b, 0x01, 0x04, 0x02, 0x03, 0x01, 0x05,
    0x01, 0x09, 0x01, 0x06, 0x01, 0x0c, 0x01, 0x08, 0x06, 0x07, 0x03, 0x00, 0x01, 0x06, 0x15, 0x00, 0x15, 0x00, 0x02, 0x07,
    0x02, 0x08, 0x01, 0x0a, 0x01, 0x0d, 0x01, 0x0a, 0x02, 0x0b, 0x02, 0x0a, 0x01, 0x0d, 0x01, 0x03, 0x01, 0x02, 0x01, 0x05,
    0x01, 0x06, 0x01, 0x05, 0x09, 0x07, 0x01, 0x0c, 0x01, 0x00, 0x01, 0x04, 0x02, 0x05, 0x14, 0x00, 0x14, 0x00, 0x01, 0x08,
    0x02, 0x07, 0x01, 0x0c, 0x01, 0x08, 0x01, 0x0a, 0x01, 0x0d, 0x03, 0x0b, 0x01, 0x0a, 0x02, 0x0b, 0x02, 0x04, 0x02, 0x05,
    0x02, 0x07, 0x02, 0x08, 0x06, 0x07, 0x01, 0x0c, 0x01, 0x00, 0x02, 0x04, 0x15, 0x00, 0x14, 0x00, 0x01, 0x08, 0x01, 0x07,
    0x02, 0x0c, 0x01, 0x0d, 0x04, 0x0b, 0x01, 0x0a, 0x01, 0x0d, 0x01, 0x09, 0x01, 0x04, 0x03, 0x05, 0x01, 0x06, 0x01, 0x07,
    0x01, 0x08, 0x01, 0x0c, 0x01, 0x08, 0x06, 0x07, 0x01, 0x0c, 0x18, 0x00, 0x13, 0x00, 0x02, 0x0c, 0x01, 0x08, 0x01, 0x0b,
    0x01, 0x0d, 0x01, 0x0a, 0x04, 0x0b, 0x01, 0x0e, 0x01, 0x09, 0x01, 0x04, 0x04, 0x05, 0x01, 0x06, 0x01, 0x07, 0x02, 0x0c,
    0x07, 0x07, 0x01, 0x0c, 0x18, 0x00, 0x13, 0x00, 0x01, 0x08, 0x01, 0x05, 0x01, 0x06, 0x01, 0x0b, 0x04, 0x0a, 0x01, 0x0b,
    0x01, 0x0d, 0x01, 0x0e, 0x01, 0x04, 0x01, 0x05, 0x01, 0x06, 0x03, 0x05, 0x01, 0x06, 0x01, 0x0c, 0x01, 0x0d, 0x01, 0x0c,
    0x06, 0x07, 0x02, 0x0c, 0x18, 0x00, 0x13, 0x00, 0x01, 0x05, 0x01, 0x04, 0x01, 0x0d, 0x02, 0x0b, 0x01, 0x0a, 0x03, 0x0b,
    0x01, 0x0d, 0x01, 0x09, 0x02, 0x06, 0x03, 0x05, 0x04, 0x06, 0x02, 0x08, 0x05, 0x07, 0x02, 0x0c, 0x18, 0x00, 0x12, 0x00,
    0x01, 0x05, 0x01, 0x04, 0x01, 0x09, 0x02, 0x0b, 0x01, 0x0a, 0x04, 0x0b, 0x01, 0x0e, 0x01, 0x0d, 0x01, 0x06, 0x03, 0x05,
    0x01, 0x06, 0x01, 0x09, 0x01, 0x05, 0x03, 0x04, 0x01, 0x07, 0x01, 0x0c, 0x03, 0x07, 0x01, 0x08, 0x01, 0x0c, 0x19, 0x00,
    0x12, 0x00, 0x01, 0x05, 0x01, 0x04, 0x01, 0x0d, 0x07, 0x0b, 0x02, 0x0f, 0x02, 0x0a, 0x01, 0x0b, 0x02, 0x0a, 0x01, 0x0b,
    0x01, 0x0d, 0x01, 0x06, 0x03, 0x04, 0x01, 0x06, 0x02, 0x07, 0x01, 0x08, 0x02, 0x0c, 0x19, 0x00, 0x12, 0x00, 0x02, 0x04,
    0x01, 0x0d, 0x06, 0x0b, 0x01, 0x0e, 0x01, 0x0f, 0x05, 0x0b, 0x01, 0x0a, 0x02, 0x0b, 0x01, 0x0d, 0x01, 0x05, 0x03, 0x04,
    0x01, 0x08, 0x01, 0x07, 0x02, 0x0c, 0x01, 0x0d, 0x19, 0x00, 0x12, 0x00, 0x02, 0x04, 0x01, 0x0e, 0x01, 0x0b, 0x01, 0x0a,
    0x02, 0x0b, 0x01, 0x0d, 0x01, 0x0e, 0x01, 0x0f, 0x01, 0x0e, 0x03, 0x0b, 0x04, 0x0a, 0x03, 0x0b, 0x03, 0x04, 0x01, 0x06,
    0x04, 0x0c, 0x19, 0x00, 0x12, 0x00, 0x01, 0x06, 0x01, 0x04, 0x01, 0x09, 0x01, 0x0d, 0x01, 0x0a, 0x01, 0x0d, 0x03, 0x0e,
    0x01, 0x0f, 0x01, 0x0d, 0x04, 0x0b, 0x02, 0x0a, 0x03, 0x0b, 0x01, 0x0d, 0x01, 0x05, 0x02, 0x04, 0x01, 0x06, 0x01, 0x0c,
    0x01, 0x0d, 0x01, 0x0c, 0x1a, 0x00, 0x13, 0x00, 0x01, 0x06, 0x01, 0x05, 0x01, 0x0b, 0x01, 0x0e, 0x05, 0x0f, 0x01, 0x0e,
    0x09, 0x0b, 0x01, 0x0d, 0x01, 0x09, 0x01, 0x04, 0x01, 0x05, 0x01, 0x06, 0x02, 0x0d, 0x02, 0x0c, 0x19, 0x00, 0x14, 0x00,
    0x02, 0x06, 0x02, 0x09, 0x01, 0x0b, 0x01, 0x0d, 0x02, 0x0b, 0x01, 0x0e, 0x01, 0x0f, 0x01, 0x0e, 0x07, 0x0b, 0x01, 0x0d,
    0x01, 0x0b, 0x02, 0x05, 0x01, 0x09, 0x01, 0x0e, 0x03, 0x0c, 0x19, 0x00, 0x16, 0x00, 0x01, 0x09, 0x01, 0x0b, 0x02, 0x0d,
    0x03, 0x09, 0x01, 0x0d, 0x01, 0x0e, 0x01, 0x0f, 0x02, 0x0e, 0x02, 0x0d, 0x02, 0x0e, 0x01, 0x0f, 0x01, 0x0a, 0x01, 0x05,
    0x01, 0x06, 0x01, 0x0d, 0x02, 0x0c, 0x01, 0x08, 0x01, 0x09, 0x19, 0x00, 0x16, 0x00, 0x01, 0x06, 0x02, 0x0d, 0x01, 0x09,
    0x03, 0x05, 0x01, 0x06, 0x02, 0x09, 0x04, 0x0e, 0x01, 0x0f, 0x02, 0x0e, 0x02, 0x09, 0x01, 0x0d, 0x01, 0x0c, 0x03, 0x09,
    0x1a, 0x00, 0x17, 0x00, 0x01, 0x0d, 0x01, 0x0b, 0x01, 0x09, 0x01, 0x06, 0x03, 0x05, 0x01, 0x06, 0x01, 0x09, 0x01, 0x05,
    0x01, 0x09, 0x01, 0x0d, 0x01, 0x0e, 0x02, 0x0d, 0x01, 0x09, 0x01, 0x0a, 0x03, 0x09, 0x01, 0x0d, 0x02, 0x0c, 0x1a, 0x00,
    0x17, 0x00, 0x01, 0x0c, 0x01, 0x08, 0x01, 0x0c, 0x01, 0x0a, 0x04, 0x09, 0x01, 0x0b, 0x01, 0x0a, 0x01, 0x0d, 0x01, 0x09,
    0x01, 0x0b, 0x02, 0x0d, 0x01, 0x0b, 0x01, 0x0d, 0x01, 0x0c, 0x01, 0x0d, 0x04, 0x0c, 0x1a, 0x00, 0x16, 0x00, 0x01, 0x0c,
    0x01, 0x07, 0x08, 0x08, 0x01, 0x0c, 0x01, 0x09, 0x01, 0x05, 0x01, 0x09, 0x04, 0x0c, 0x02, 0x08, 0x01, 0x0c, 0x01, 0x08,
    0x02, 0x0c, 0x1a, 0x00, 0x16, 0x00, 0x01, 0x08, 0x01, 0x07, 0x01, 0x08, 0x01, 0x07, 0x06, 0x08, 0x01, 0x09, 0x03, 0x05,
    0x01, 0x06, 0x03, 0x08, 0x02, 0x07, 0x02, 0x08, 0x02, 0x0c, 0x1a, 0x00, 0x16, 0x00, 0x01, 0x08, 0x01, 0x07, 0x08, 0x08,
    0x01, 0x06, 0x04, 0x05, 0x01, 0x09, 0x01, 0x08, 0x04, 0x07, 0x01, 0x08, 0x02, 0x0c, 0x01, 0x08, 0x19, 0x00, 0x16, 0x00,
    0x01, 0x08, 0x01, 0x07, 0x05, 0x08, 0x01, 0x07, 0x02, 0x08, 0x01, 0x06, 0x04, 0x05, 0x01, 0x0a, 0x05, 0x07, 0x01, 0x08,
    0x02, 0x0c, 0x1a, 0x00, 0x16, 0x00, 0x01, 0x0c, 0x02, 0x07, 0x01, 0x08, 0x02, 0x0c, 0x04, 0x08, 0x01, 0x06, 0x01, 0x05,
    0x01, 0x06, 0x01, 0x05, 0x01, 0x06, 0x01, 0x0c, 0x01, 0x07, 0x04, 0x08, 0x03, 0x0c, 0x1a, 0x00, 0x16, 0x00, 0x01, 0x0c,
    0x01, 0x08, 0x01, 0x07, 0x02, 0x08, 0x01, 0x0c, 0x03, 0x0d, 0x01, 0x0c, 0x01, 0x0b, 0x01, 0x0c, 0x01, 0x0b, 0x01, 0x09,
    0x01, 0x0a, 0x05, 0x08, 0x04, 0x0c, 0x1a, 0x00, 0x16, 0x00, 0x01, 0x0c, 0x06, 0x08, 0x01, 0x0c, 0x01, 0x0e, 0x01, 0x0f,
    0x01, 0x0c, 0x0a, 0x08, 0x04, 0x0c, 0x19, 0x00, 0x16, 0x00, 0x01, 0x0c, 0x02, 0x08, 0x02, 0x07, 0x02, 0x08, 0x02, 0x0c,
    0x01, 0x0e, 0x01, 0x0c, 0x02, 0x08, 0x01, 0x07, 0x07, 0x08, 0x02, 0x0c, 0x01, 0x0b, 0x01, 0x0a, 0x19, 0x00, 0x16, 0x00,
    0x02, 0x06, 0x05, 0x08, 0x02, 0x0c, 0x02, 0x0d, 0x01, 0x0c, 0x0a, 0x08, 0x01, 0x0a, 0x02, 0x09, 0x19, 0x00, 0x16, 0x00,
    0x01, 0x05, 0x02, 0x04, 0x03, 0x05, 0x01, 0x06, 0x03, 0x09, 0x02, 0x0b, 0x06, 0x08, 0x01, 0x06, 0x03, 0x05, 0x01, 0x09,
    0x01, 0x0d, 0x01, 0x0e, 0x19, 0x00, 0x17, 0x00, 0x01, 0x0b, 0x01, 0x09, 0x01, 0x06, 0x01, 0x05, 0x02, 0x06, 0x01, 0x09,
    0x01, 0x0a, 0x01, 0x0b, 0x01, 0x0e, 0x01, 0x09, 0x08, 0x05, 0x01, 0x06, 0x01, 0x0b, 0x01, 0x0f, 0x02, 0x0e, 0x19, 0x00,
    0x17, 0x00, 0x01, 0x0d, 0x02, 0x0b, 0x03, 0x0d, 0x02, 0x0e, 0x02, 0x0f, 0x01, 0x0d, 0x01, 0x06, 0x02, 0x0a, 0x02, 0x09,
    0x01, 0x0a, 0x03, 0x0b, 0x02, 0x0d, 0x02, 0x0e, 0x19, 0x00, 0x17, 0x00, 0x01, 0x0f, 0x01, 0x0d, 0x03, 0x0b, 0x01, 0x0d,
    0x02, 0x0b, 0x03, 0x0e, 0x01, 0x00, 0x01, 0x0e, 0x02, 0x0d, 0x02, 0x0b, 0x02, 0x0a, 0x02, 0x0d, 0x01, 0x0b, 0x03, 0x0e,
    0x18, 0x00, 0x18, 0x00, 0x02, 0x0e, 0x01, 0x0d, 0x01, 0x0e, 0x01, 0x0d, 0x02, 0x0b, 0x01, 0x0d, 0x01, 0x0e, 0x01, 0x0d,
    0x02, 0x00, 0x02, 0x0f, 0x01, 0x0b, 0x02, 0x0a, 0x01, 0x0d, 0x01, 0x0e, 0x01, 0x0b, 0x01, 0x0a, 0x01, 0x0b, 0x01, 0x0d,
    0x01, 0x0e, 0x18, 0x00, 0x18, 0x00, 0x01, 0x0e, 0x01, 0x0d, 0x01, 0x0e, 0x05, 0x0b, 0x03, 0x0d, 0x01, 0x00, 0x02, 0x0e,
    0x01, 0x0f, 0x03, 0x0e, 0x04, 0x0b, 0x01, 0x0d, 0x01, 0x0e, 0x18, 0x00, 0x18, 0x00, 0x01, 0x0e, 0x07, 0x0b, 0x02, 0x0e,
    0x02, 0x00, 0x02, 0x0d, 0x03, 0x0e, 0x01, 0x0d, 0x04, 0x0b, 0x01, 0x0d, 0x01, 0x0e, 0x18, 0x00, 0x19, 0x00, 0x01, 0x0d,
    0x05, 0x0b, 0x01, 0x0d, 0x02, 0x0e, 0x03, 0x00, 0x01, 0x0e, 0x01, 0x0d, 0x07, 0x0b, 0x01, 0x0d, 0x01, 0x0e, 0x18, 0x00,
    0x19, 0x00, 0x01, 0x0e, 0x04, 0x0b, 0x01, 0x0d, 0x02, 0x0e, 0x05, 0x00, 0x01, 0x0e, 0x06, 0x0b, 0x01, 0x0d, 0x01, 0x0e,
    0x19, 0x00, 0x19, 0x00, 0x03, 0x0d, 0x02, 0x0b, 0x01, 0x0d, 0x02, 0x0e, 0x05, 0x00, 0x01, 0x0e, 0x01, 0x0d, 0x05, 0x0b,
    0x01, 0x0d, 0x01, 0x0e, 0x19, 0x00, 0x17, 0x00, 0x08, 0x0b, 0x02, 0x0e, 0x06, 0x00, 0x01, 0x0e, 0x01, 0x0d, 0x01, 0x0b,
    0x01, 0x0d, 0x02, 0x0b, 0x01, 0x0d, 0x01, 0x0e, 0x19, 0x00, 0x16, 0x00, 0x03, 0x0b, 0x01, 0x0d, 0x04, 0x0b, 0x01, 0x0d,
    0x02, 0x0e, 0x06, 0x00, 0x01, 0x0d, 0x06, 0x0b, 0x01, 0x0e, 0x19, 0x00, 0x15, 0x00, 0x08, 0x0b, 0x01, 0x0d, 0x03, 0x0e,
    0x06, 0x00, 0x07, 0x0b, 0x01, 0x0d, 0x19, 0x00, 0x14, 0x00, 0x01, 0x09, 0x04, 0x0b, 0x01, 0x0a, 0x02, 0x0b, 0x01, 0x0d,
    0x03, 0x0e, 0x01, 0x0f, 0x05, 0x00, 0x02, 0x0a, 0x06, 0x0b, 0x01, 0x0a, 0x01, 0x0d, 0x18, 0x00, 0x15, 0x00, 0x01, 0x0b,
    0x01, 0x09, 0x01, 0x0d, 0x01, 0x09, 0x02, 0x0b, 0x01, 0x0d, 0x01, 0x0e, 0x02, 0x0f, 0x07, 0x00, 0x02, 0x0a, 0x01, 0x0b,
    0x01, 0x0a, 0x02, 0x0b, 0x01, 0x0a, 0x01, 0x0b, 0x01, 0x0a, 0x01, 0x0e, 0x18, 0x00, 0x16, 0x00, 0x01, 0x05, 0x01, 0x09,
    0x01, 0x06, 0x01, 0x0b, 0x02, 0x0f, 0x0a, 0x00, 0x01, 0x0a, 0x01, 0x0b, 0x01, 0x0d, 0x01, 0x0b, 0x01, 0x0d, 0x02, 0x0b,
    0x01, 0x0e, 0x01, 0x0b, 0x19, 0x00, 0x27, 0x00, 0x01, 0x09, 0x01, 0x0b, 0x01, 0x09, 0x01, 0x0d, 0x01, 0x09, 0x01, 0x0b,
    0x01, 0x0e, 0x1a, 0x00, 0x48, 0x00, 0x48, 0x00, 0x48, 0x00
};
const uint8_t kReview3[] PROGMEM = {
    0x48, 0x00, 0x48, 0x00, 0x48, 0x00, 0x48, 0x00, 0x1e, 0x00, 0x01, 0x02, 0x01, 0x03, 0x28, 0x00, 0x1d, 0x00, 0x01, 0x02,
    0x01, 0x01, 0x0a, 0x00, 0x01, 0x0d, 0x01, 0x0b, 0x01, 0x0d, 0x1c, 0x00, 0x1c, 0x00, 0x01, 0x02, 0x01, 0x01, 0x01, 0x02,
    0x02, 0x03, 0x01, 0x02, 0x02, 0x01, 0x01, 0x03, 0x03, 0x00, 0x04, 0x0b, 0x01, 0x0d, 0x1b, 0x00, 0x1c, 0x00, 0x02, 0x01,
    0x01, 0x02, 0x04, 0x01, 0x02, 0x03, 0x01, 0x02, 0x01, 0x03, 0x01, 0x0e, 0x02, 0x0d, 0x01, 0x0e, 0x01, 0x0d, 0x01, 0x0b,
    0x01, 0x0d, 0x1a, 0x00, 0x1c, 0x00, 0x01, 0x01, 0x08, 0x02, 0x01, 0x01, 0x01, 0x02, 0x01, 0x04, 0x01, 0x09, 0x02, 0x0f,
    0x01, 0x0d, 0x01, 0x0b, 0x01, 0x0e, 0x1a, 0x00, 0x19, 0x00, 0x03, 0x0d, 0x01, 0x06, 0x01, 0x03, 0x01, 0x04, 0x01, 0x03,
    0x01, 0x02, 0x01, 0x01, 0x05, 0x02, 0x01, 0x01, 0x01, 0x02, 0x01, 0x04, 0x01, 0x0e, 0x01, 0x0d, 0x01, 0x0b, 0x01, 0x0e,
    0x1a, 0x00, 0x18, 0x00, 0x02, 0x0b, 0x01, 0x0d, 0x01, 0x0e, 0x01, 0x06, 0x04, 0x02, 0x05, 0x01, 0x02, 0x02, 0x02, 0x01,
    0x01, 0x04, 0x02, 0x0e, 0x01, 0x0f, 0x05, 0x00, 0x01, 0x05, 0x02, 0x04, 0x12, 0x00, 0x18, 0x00, 0x01, 0x0b, 0x01, 0x0d,
    0x01, 0x0f, 0x01, 0x0d, 0x01, 0x03, 0x03, 0x01, 0x02, 0x02, 0x01, 0x01, 0x07, 0x02, 0x01, 0x01, 0x01, 0x04, 0x01, 0x0d,
    0x06, 0x00, 0x01, 0x05, 0x01, 0x04, 0x01, 0x06, 0x12, 0x00, 0x18, 0x00, 0x01, 0x0b, 0x01, 0x0d, 0x01, 0x0f, 0x01, 0x04,
    0x01, 0x01, 0x01, 0x02, 0x01, 0x01, 0x01, 0x02, 0x02, 0x01, 0x01, 0x02, 0x03, 0x03, 0x01, 0x02, 0x01, 0x01, 0x03, 0x02,
    0x01, 0x01, 0x01, 0x02, 0x01, 0x03, 0x04, 0x00, 0x01, 0x05, 0x01, 0x04, 0x01, 0x05, 0x01, 0x09, 0x12, 0x00, 0x18, 0x00,
    0x03, 0x0d, 0x01, 0x02, 0x03, 0x01, 0x02, 0x02, 0x01, 0x01, 0x03, 0x02, 0x01, 0x04, 0x01, 0x06, 0x01, 0x04, 0x01, 0x02,
    0x01, 0x01, 0x01, 0x02, 0x01, 0x01, 0x01, 0x02, 0x01, 0x03, 0x04, 0x00, 0x01, 0x05, 0x01, 0x04, 0x01, 0x09, 0x13, 0x00,
    0x18, 0x00, 0x01, 0x0d, 0x01, 0x0f, 0x01, 0x05, 0x01, 0x01, 0x02, 0x02, 0x01, 0x03, 0x01, 0x02, 0x01, 0x01, 0x01, 0x02,
    0x01, 0x01, 0x01, 0x04, 0x01, 0x09, 0x01, 0x0e, 0x01, 0x0d, 0x01, 0x0e, 0x01, 0x05, 0x05, 0x02, 0x01, 0x03, 0x02, 0x00,
    0x01, 0x06, 0x01, 0x04, 0x01, 0x05, 0x01, 0x0d, 0x13, 0x00, 0x1a, 0x00, 0x01, 0x03, 0x01, 0x01, 0x01, 0x03, 0x02, 0x02,
    0x01, 0x03, 0x01, 0x01, 0x01, 0x02, 0x01, 0x01, 0x01, 0x04, 0x01, 0x0f, 0x01, 0x0e, 0x01, 0x0f, 0x01, 0x0e, 0x01, 0x0f,
    0x01, 0x04, 0x01, 0x01, 0x02, 0x02, 0x01, 0x03, 0x01, 0x04, 0x02, 0x00, 0x01, 0x06, 0x01, 0x05, 0x01, 0x06, 0x01, 0x05,
    0x13, 0x00, 0x19, 0x00, 0x01, 0x09, 0x01, 0x06, 0x01, 0x05, 0x02, 0x04, 0x01, 0x05, 0x01, 0x04, 0x01, 0x01, 0x01, 0x02,
    0x01, 0x01, 0x01, 0x04, 0x01, 0x0f, 0x01, 0x0a, 0x01, 0x0f, 0x01, 0x04, 0x01, 0x0a, 0x01, 0x09, 0x04, 0x02, 0x01, 0x03,
    0x01, 0x00, 0x01, 0x06, 0x01, 0x05, 0x02, 0x09, 0x01, 0x06, 0x13, 0x00, 0x18, 0x00, 0x03, 0x0a, 0x01, 0x06, 0x01, 0x0e,
    0x02, 0x0f, 0x01, 0x08, 0x01, 0x02, 0x02, 0x01, 0x01, 0x02, 0x01, 0x05, 0x01, 0x0f, 0x01, 0x0e, 0x01, 0x03, 0x01, 0x0a,
    0x01, 0x06, 0x01, 0x01, 0x01, 0x02, 0x01, 0x01, 0x01, 0x02, 0x01, 0x04, 0x01, 0x00, 0x01, 0x05, 0x01, 0x04, 0x01, 0x09,
    0x01, 0x0d, 0x01, 0x06, 0x13, 0x00, 0x17, 0x00, 0x01, 0x0b, 0x01, 0x0a, 0x02, 0x0b, 0x01, 0x09, 0x01, 0x0b, 0x01, 0x0a,
    0x01, 0x0b, 0x01, 0x0a, 0x01, 0x02, 0x01, 0x03, 0x01, 0x04, 0x02, 0x01, 0x01, 0x04, 0x01, 0x09, 0x01, 0x0b, 0x01, 0x08,
    0x01, 0x03, 0x03, 0x02, 0x01, 0x03, 0x01, 0x00, 0x01, 0x05, 0x01, 0x04, 0x01, 0x05, 0x02, 0x09, 0x02, 0x04, 0x12, 0x00,
    0x16, 0x00, 0x04, 0x0a, 0x01, 0x0b, 0x01, 0x06, 0x01, 0x0a, 0x02, 0x0f, 0x01, 0x06, 0x01, 0x03, 0x01, 0x0f, 0x01, 0x05,
    0x01, 0x01, 0x01, 0x02, 0x01, 0x01, 0x02, 0x03, 0x01, 0x02, 0x01, 0x01, 0x01, 0x02, 0x01, 0x01, 0x01, 0x03, 0x01, 0x04,
    0x01, 0x00, 0x02, 0x05, 0x01, 0x09, 0x01, 0x00, 0x01, 0x06, 0x02, 0x04, 0x12, 0x00, 0x16, 0x00, 0x01, 0x0b, 0x01, 0x0a,
    0x02, 0x0b, 0x01, 0x0a, 0x01, 0x05, 0x01, 0x0b, 0x02, 0x0f, 0x01, 0x03, 0x01, 0x01, 0x01, 0x03, 0x03, 0x01, 0x01, 0x02,
    0x02, 0x01, 0x03, 0x02, 0x01, 0x03, 0x01, 0x09, 0x01, 0x0f, 0x01, 0x09, 0x01, 0x04, 0x01, 0x06, 0x02, 0x00, 0x01, 0x06,
    0x02, 0x04, 0x12, 0x00, 0x15, 0x00, 0x01, 0x0b, 0x01, 0x0a, 0x03, 0x0b, 0x01, 0x09, 0x03, 0x06, 0x01, 0x04, 0x03, 0x01,
    0x01, 0x03, 0x01, 0x02, 0x01, 0x03, 0x01, 0x02, 0x03, 0x01, 0x01, 0x02, 0x01, 0x04, 0x02, 0x0e, 0x01, 0x08, 0x01, 0x06,
    0x01, 0x05, 0x01, 0x09, 0x02, 0x00, 0x01, 0x09, 0x02, 0x04, 0x01, 0x05, 0x11, 0x00, 0x15, 0x00, 0x02, 0x0b, 0x01, 0x0a,
    0x01, 0x0b, 0x01, 0x0a, 0x02, 0x06, 0x01, 0x03, 0x01, 0x02, 0x02, 0x01, 0x02, 0x03, 0x02, 0x02, 0x02, 0x01, 0x02, 0x03,
    0x01, 0x04, 0x01, 0x0a, 0x01, 0x0e, 0x02, 0x06, 0x01, 0x08, 0x02, 0x09, 0x02, 0x00, 0x01, 0x09, 0x01, 0x0a, 0x02, 0x05,
    0x12, 0x00, 0x14, 0x00, 0x01, 0x0b, 0x01, 0x0a, 0x03, 0x0b, 0x01, 0x06, 0x01, 0x09, 0x01, 0x06, 0x01, 0x03, 0x05, 0x01,
    0x01, 0x02, 0x02, 0x03, 0x01, 0x04, 0x01, 0x09, 0x01, 0x0d, 0x01, 0x0e, 0x01, 0x09, 0x01, 0x06, 0x01, 0x07, 0x02, 0x0c,
    0x02, 0x09, 0x02, 0x00, 0x02, 0x06, 0x14, 0x00, 0x13, 0x00, 0x01, 0x0d, 0x02, 0x0b, 0x01, 0x0a, 0x01, 0x0b, 0x02, 0x0d,
    0x01, 0x09, 0x01, 0x0d, 0x01, 0x0b, 0x01, 0x05, 0x02, 0x04, 0x01, 0x05, 0x01, 0x04, 0x01, 0x09, 0x01, 0x0d, 0x01, 0x0b,
    0x01, 0x0d, 0x01, 0x0e, 0x01, 0x0b, 0x01, 0x09, 0x01, 0x05, 0x01, 0x07, 0x01, 0x08, 0x02, 0x0c, 0x01, 0x07, 0x02, 0x08,
    0x02, 0x00, 0x01, 0x04, 0x14, 0x00, 0x12, 0x00, 0x01, 0x09, 0x04, 0x0a, 0x01, 0x0b, 0x01, 0x0d, 0x01, 0x0f, 0x01, 0x09,
    0x01, 0x07, 0x01, 0x0c, 0x01, 0x0f, 0x03, 0x0e, 0x01, 0x0d, 0x02, 0x0b, 0x02, 0x0d, 0x01, 0x05, 0x01, 0x04, 0x02, 0x06,
    0x02, 0x0c, 0x06, 0x07, 0x01, 0x08, 0x02, 0x04, 0x13, 0x00, 0x12, 0x00, 0x02, 0x0a, 0x01, 0x0b, 0x03, 0x0a, 0x01, 0x0b,
    0x02, 0x0e, 0x01, 0x06, 0x01, 0x0c, 0x01, 0x0e, 0x01, 0x04, 0x01, 0x03, 0x01, 0x06, 0x03, 0x0d, 0x01, 0x06, 0x02, 0x03,
    0x01, 0x05, 0x01, 0x0a, 0x01, 0x06, 0x01, 0x0c, 0x08, 0x07, 0x01, 0x04, 0x14, 0x00, 0x11, 0x00, 0x01, 0x05, 0x02, 0x0b,
    0x04, 0x0a, 0x01, 0x0b, 0x02, 0x0f, 0x01, 0x0a, 0x01, 0x0b, 0x01, 0x09, 0x01, 0x03, 0x02, 0x02, 0x02, 0x04, 0x01, 0x03,
    0x02, 0x01, 0x01, 0x04, 0x02, 0x06, 0x0b, 0x07, 0x14, 0x00, 0x10, 0x00, 0x01, 0x04, 0x01, 0x05, 0x01, 0x0d, 0x04, 0x0b,
    0x01, 0x0a, 0x01, 0x0d, 0x01, 0x0f, 0x01, 0x0d, 0x01, 0x08, 0x01, 0x0a, 0x01, 0x05, 0x05, 0x02, 0x01, 0x01, 0x01, 0x02,
    0x01, 0x04, 0x02, 0x05, 0x01, 0x06, 0x0b, 0x07, 0x01, 0x0c, 0x13, 0x00, 0x10, 0x00, 0x01, 0x05, 0x01, 0x06, 0x01, 0x0e,
    0x05, 0x0b, 0x02, 0x0e, 0x01, 0x0b, 0x01, 0x0a, 0x01, 0x06, 0x01, 0x05, 0x01, 0x03, 0x05, 0x02, 0x01, 0x04, 0x02, 0x05,
    0x01, 0x06, 0x0d, 0x07, 0x13, 0x00, 0x10, 0x00, 0x02, 0x05, 0x01, 0x0e, 0x01, 0x0b, 0x02, 0x0a, 0x01, 0x0b, 0x01, 0x0d,
    0x01, 0x0f, 0x01, 0x0d, 0x01, 0x0a, 0x01, 0x06, 0x02, 0x05, 0x01, 0x03, 0x03, 0x02, 0x01, 0x01, 0x01, 0x03, 0x04, 0x05,
    0x05, 0x07, 0x02, 0x08, 0x01, 0x07, 0x01, 0x08, 0x05, 0x07, 0x12, 0x00, 0x10, 0x00, 0x01, 0x06, 0x01, 0x04, 0x01, 0x06,
    0x01, 0x0e, 0x02, 0x0b, 0x01, 0x0d, 0x01, 0x0f, 0x01, 0x0a, 0x01, 0x09, 0x01, 0x0a, 0x01, 0x06, 0x02, 0x05, 0x01, 0x03,
    0x01, 0x01, 0x02, 0x02, 0x01, 0x03, 0x01, 0x05, 0x01, 0x04, 0x03, 0x05, 0x04, 0x07, 0x02, 0x0c, 0x01, 0x07, 0x01, 0x08,
    0x02, 0x07, 0x01, 0x08, 0x03, 0x07, 0x12, 0x00, 0x11, 0x00, 0x01, 0x05, 0x01, 0x04, 0x01, 0x05, 0x01, 0x09, 0x02, 0x0b,
    0x01, 0x09, 0x01, 0x05, 0x01, 0x09, 0x01, 0x08, 0x01, 0x06, 0x01, 0x05, 0x01, 0x06, 0x01, 0x04, 0x02, 0x02, 0x01, 0x03,
    0x05, 0x05, 0x01, 0x06, 0x04, 0x07, 0x02, 0x0c, 0x02, 0x08, 0x02, 0x0c, 0x01, 0x08, 0x02, 0x0c, 0x01, 0x07, 0x01, 0x08,
    0x11, 0x00, 0x11, 0x00, 0x01, 0x06, 0x01, 0x05, 0x03, 0x04, 0x02, 0x05, 0x01, 0x09, 0x01, 0x0c, 0x01, 0x09, 0x01, 0x06,
    0x03, 0x05, 0x01, 0x03, 0x01, 0x04, 0x06, 0x05, 0x01, 0x06, 0x04, 0x07, 0x01, 0x0c, 0x01, 0x0f, 0x02, 0x0c, 0x01, 0x08,
    0x04, 0x05, 0x01, 0x07, 0x01, 0x0c, 0x11, 0x00, 0x12, 0x00, 0x05, 0x06, 0x01, 0x09, 0x01, 0x0d, 0x01, 0x0c, 0x01, 0x0a,
    0x01, 0x06, 0x0a, 0x05, 0x02, 0x06, 0x04, 0x07, 0x01, 0x0c, 0x01, 0x0e, 0x01, 0x0b, 0x01, 0x05, 0x06, 0x04, 0x01, 0x06,
    0x01, 0x0c, 0x10, 0x00, 0x14, 0x00, 0x01, 0x0b, 0x02, 0x0d, 0x02, 0x0c, 0x01, 0x07, 0x01, 0x0d, 0x01, 0x06, 0x01, 0x05,
    0x02, 0x06, 0x08, 0x05, 0x01, 0x06, 0x04, 0x07, 0x02, 0x0c, 0x01, 0x06, 0x01, 0x05, 0x02, 0x06, 0x01, 0x05, 0x04, 0x04,
    0x01, 0x05, 0x10, 0x00, 0x18, 0x00, 0x02, 0x07, 0x01, 0x0d, 0x01, 0x06, 0x01, 0x05, 0x01, 0x06, 0x01, 0x05, 0x01, 0x04,
    0x06, 0x05, 0x02, 0x06, 0x04, 0x07, 0x02, 0x0c, 0x01, 0x0b, 0x04, 0x0d, 0x01, 0x0b, 0x01, 0x05, 0x02, 0x04, 0x01, 0x06,
    0x10, 0x00, 0x18, 0x00, 0x01, 0x07, 0x01, 0x08, 0x01, 0x0d, 0x02, 0x06, 0x02, 0x05, 0x01, 0x06, 0x06, 0x05, 0x03, 0x06,
    0x01, 0x07, 0x01, 0x08, 0x02, 0x0c, 0x02, 0x0d, 0x01, 0x0a, 0x01, 0x0b, 0x02, 0x0a, 0x01, 0x0b, 0x01, 0x0e, 0x01, 0x05,
    0x01, 0x04, 0x01, 0x05, 0x10, 0x00, 0x18, 0x00, 0x01, 0x06, 0x01, 0x08, 0x01, 0x0e, 0x02, 0x09, 0x05, 0x06, 0x06, 0x09,
    0x01, 0x06, 0x01, 0x0c, 0x01, 0x07, 0x01, 0x08, 0x01, 0x0c, 0x01, 0x0d, 0x05, 0x0b, 0x01, 0x0a, 0x01, 0x0d, 0x01, 0x09,
    0x01, 0x04, 0x01, 0x06, 0x10, 0x00, 0x18, 0x00, 0x01, 0x04, 0x01, 0x09, 0x01, 0x0d, 0x01, 0x09, 0x05, 0x05, 0x01, 0x06,
    0x01, 0x09, 0x01, 0x06, 0x01, 0x09, 0x02, 0x06, 0x01, 0x09, 0x01, 0x05, 0x01, 0x06, 0x01, 0x05, 0x01, 0x09, 0x04, 0x0b,
    0x02, 0x0a, 0x02, 0x0b, 0x01, 0x0f, 0x02, 0x06, 0x11, 0x00, 0x1a, 0x00, 0x01, 0x0d, 0x01, 0x09, 0x01, 0x06, 0x04, 0x05,
    0x01, 0x09, 0x01, 0x06, 0x01, 0x05, 0x01, 0x09, 0x01, 0x0d, 0x02, 0x09, 0x01, 0x06, 0x01, 0x09, 0x01, 0x0d, 0x01, 0x0e,
    0x04, 0x0b, 0x01, 0x0a, 0x02, 0x0b, 0x02, 0x0d, 0x01, 0x06, 0x12, 0x00, 0x19, 0x00, 0x03, 0x0c, 0x01, 0x0b, 0x01, 0x09,
    0x02, 0x06, 0x01, 0x09, 0x01, 0x0a, 0x02, 0x0d, 0x02, 0x09, 0x01, 0x0d, 0x02, 0x0c, 0x01, 0x0e, 0x01, 0x0a, 0x01, 0x0b,
    0x01, 0x0a, 0x02, 0x0b, 0x01, 0x0a, 0x01, 0x0b, 0x01, 0x0d, 0x02, 0x0e, 0x01, 0x0b, 0x13, 0x00, 0x19, 0x00, 0x02, 0x08,
    0x02, 0x07, 0x05, 0x08, 0x01, 0x0c, 0x01, 0x0a, 0x01, 0x06, 0x01, 0x05, 0x01, 0x0a, 0x01, 0x08, 0x02, 0x0c, 0x01, 0x05,
    0x01, 0x09, 0x01, 0x0b, 0x02, 0x0a, 0x01, 0x0b, 0x01, 0x0d, 0x02, 0x0e, 0x15, 0x00, 0x18, 0x00, 0x01, 0x08, 0x01, 0x07,
    0x01, 0x08, 0x01, 0x07, 0x07, 0x08, 0x01, 0x06, 0x03, 0x05, 0x01, 0x08, 0x01, 0x07, 0x01, 0x08, 0x01, 0x06, 0x01, 0x05,
    0x01, 0x0b, 0x01, 0x0a, 0x01, 0x0b, 0x02, 0x0e, 0x17, 0x00, 0x18, 0x00, 0x04, 0x07, 0x07, 0x08, 0x04, 0x05, 0x01, 0x06,
    0x01, 0x08, 0x01, 0x07, 0x01, 0x08, 0x01, 0x05, 0x01, 0x09, 0x01, 0x0e, 0x01, 0x0d, 0x01, 0x0e, 0x18, 0x00, 0x17, 0x00,
    0x01, 0x08, 0x02, 0x07, 0x09, 0x08, 0x04, 0x05, 0x01, 0x06, 0x01, 0x08, 0x01, 0x07, 0x02, 0x08, 0x01, 0x09, 0x01, 0x0d,
    0x01, 0x0e, 0x01, 0x0c, 0x18, 0x00, 0x17, 0x00, 0x01, 0x0c, 0x01, 0x08, 0x01, 0x07, 0x02, 0x08, 0x02, 0x0c, 0x04, 0x08,
    0x01, 0x0a, 0x03, 0x06, 0x01, 0x05, 0x01, 0x0b, 0x01, 0x08, 0x01, 0x07, 0x02, 0x08, 0x01, 0x0c, 0x01, 0x09, 0x01, 0x0d,
    0x01, 0x0c, 0x18, 0x00, 0x17, 0x00, 0x01, 0x0c, 0x05, 0x08, 0x01, 0x0c, 0x03, 0x0d, 0x04, 0x0c, 0x02, 0x0a, 0x04, 0x08,
    0x05, 0x0c, 0x18, 0x00, 0x17, 0x00, 0x01, 0x0c, 0x02, 0x08, 0x02, 0x07, 0x02, 0x08, 0x01, 0x0c, 0x01, 0x0d, 0x02, 0x0f,
    0x01, 0x0c, 0x0a, 0x08, 0x03, 0x0c, 0x18, 0x00, 0x17, 0x00, 0x01, 0x0c, 0x03, 0x08, 0x01, 0x07, 0x03, 0x08, 0x02, 0x0c,
    0x01, 0x0f, 0x01, 0x0c, 0x02, 0x08, 0x02, 0x07, 0x06, 0x08, 0x03, 0x0c, 0x18, 0x00, 0x17, 0x00, 0x01, 0x06, 0x06, 0x08,
    0x03, 0x0c, 0x01, 0x0d, 0x01, 0x0c, 0x0a, 0x08, 0x02, 0x0c, 0x01, 0x0a, 0x18, 0x00, 0x17, 0x00, 0x01, 0x05, 0x01, 0x04,
    0x01, 0x05, 0x01, 0x06, 0x01, 0x07, 0x02, 0x08, 0x01, 0x0a, 0x02, 0x0c, 0x01, 0x0d, 0x01, 0x0e, 0x01, 0x0c, 0x07, 0x08,
    0x01, 0x07, 0x01, 0x06, 0x03, 0x09, 0x18, 0x00, 0x17, 0x00, 0x01, 0x0b, 0x01, 0x09, 0x01, 0x06, 0x01, 0x05, 0x02, 0x04,
    0x01, 0x05, 0x01, 0x06, 0x02, 0x09, 0x01, 0x0b, 0x01, 0x09, 0x04, 0x06, 0x05, 0x05, 0x01, 0x06, 0x01, 0x0a, 0x01, 0x0d,
    0x01, 0x0e, 0x18, 0x00, 0x17, 0x00, 0x01, 0x0d, 0x05, 0x0b, 0x02, 0x0d, 0x02, 0x0e, 0x01, 0x0f, 0x01, 0x00, 0x08, 0x06,
    0x01, 0x0a, 0x01, 0x0d, 0x01, 0x0e, 0x01, 0x0d, 0x01, 0x0f, 0x18, 0x00, 0x17, 0x00, 0x01, 0x0d, 0x02, 0x0a, 0x02, 0x0b,
    0x01, 0x0d, 0x05, 0x0e, 0x02, 0x00, 0x01, 0x0f, 0x01, 0x0e, 0x01, 0x0d, 0x05, 0x0b, 0x02, 0x0d, 0x02, 0x0e, 0x18, 0x00,
    0x18, 0x00, 0x01, 0x0f, 0x01, 0x0d, 0x01, 0x0b, 0x01, 0x0d, 0x01, 0x0e, 0x01, 0x0d, 0x01, 0x0b, 0x01, 0x0e, 0x01, 0x0f,
    0x02, 0x0e, 0x02, 0x00, 0x01, 0x0e, 0x01, 0x0d, 0x04, 0x0a, 0x02, 0x0d, 0x01, 0x0b, 0x03, 0x0d, 0x17, 0x00, 0x18, 0x00,
    0x01, 0x0d, 0x03, 0x0e, 0x04, 0x0b, 0x01, 0x0d, 0x02, 0x0e, 0x02, 0x00, 0x02, 0x0f, 0x01, 0x0d, 0x01, 0x0a, 0x01, 0x0b,
    0x02, 0x0d, 0x03, 0x0b, 0x01, 0x0e, 0x01, 0x0f, 0x17, 0x00, 0x18, 0x00, 0x01, 0x0d, 0x01, 0x0b, 0x01, 0x0d, 0x05, 0x0b,
    0x03, 0x0d, 0x02, 0x00, 0x01, 0x0e, 0x01, 0x0d, 0x03, 0x0e, 0x01, 0x0d, 0x01, 0x0b, 0x01, 0x0a, 0x02, 0x0b, 0x01, 0x0d,
    0x01, 0x0f, 0x17, 0x00, 0x19, 0x00, 0x01, 0x0b, 0x01, 0x0a, 0x05, 0x0b, 0x03, 0x0e, 0x02, 0x00, 0x01, 0x0e, 0x04, 0x0d,
    0x05, 0x0b, 0x01, 0x0d, 0x01, 0x0e, 0x17, 0x00, 0x19, 0x00, 0x01, 0x0e, 0x05, 0x0b, 0x01, 0x0d, 0x02, 0x0e, 0x04, 0x00,
    0x01, 0x0e, 0x01, 0x0d, 0x06, 0x0b, 0x01, 0x0d, 0x01, 0x0e, 0x18, 0x00, 0x19, 0x00, 0x01, 0x0e, 0x01, 0x0b, 0x01, 0x0a,
    0x02, 0x0b, 0x01, 0x0d, 0x01, 0x0e, 0x01, 0x0d, 0x01, 0x0e, 0x05, 0x00, 0x01, 0x0d, 0x06, 0x0b, 0x01, 0x0d, 0x01, 0x0e,
    0x18, 0x00, 0x19, 0x00, 0x01, 0x0e, 0x01, 0x0b, 0x01, 0x0d, 0x03, 0x0b, 0x03, 0x0e, 0x05, 0x00, 0x01, 0x0e, 0x06, 0x0b,
    0x01, 0x0d, 0x01, 0x0e, 0x18, 0x00, 0x18, 0x00, 0x01, 0x0d, 0x03, 0x0b, 0x01, 0x0a, 0x02, 0x0b, 0x01, 0x0d, 0x02, 0x0e,
    0x05, 0x00, 0x01, 0x0e, 0x01, 0x0d, 0x02, 0x0b, 0x01, 0x0d, 0x01, 0x0b, 0x01, 0x0d, 0x01, 0x0e, 0x01, 0x0f, 0x18, 0x00,
    0x17, 0x00, 0x03, 0x0b, 0x01, 0x0d, 0x04, 0x0b, 0x03, 0x0e, 0x05, 0x00, 0x01, 0x0d, 0x07, 0x0b, 0x01, 0x0e, 0x18, 0x00,
    0x16, 0x00, 0x01, 0x0b, 0x01, 0x0a, 0x06, 0x0b, 0x01, 0x0d, 0x01, 0x0e, 0x01, 0x0d, 0x01, 0x0e, 0x05, 0x00, 0x01, 0x0b,
    0x01, 0x0a, 0x06, 0x0b, 0x01, 0x0d, 0x18, 0x00, 0x15, 0x00, 0x02, 0x0d, 0x01, 0x0b, 0x01, 0x0d, 0x01, 0x0b, 0x01, 0x0a,
    0x02, 0x0b, 0x01, 0x0d, 0x03, 0x0e, 0x06, 0x00, 0x01, 0x0b, 0x01, 0x0a, 0x01, 0x0b, 0x01, 0x0a, 0x05, 0x0b, 0x18, 0x00,
    0x16, 0x00, 0x01, 0x0b, 0x01, 0x09, 0x01, 0x0b, 0x01, 0x09, 0x01, 0x0b, 0x02, 0x0d, 0x01, 0x0e, 0x01, 0x0f, 0x08, 0x00,
    0x01, 0x0a, 0x02, 0x0b, 0x01, 0x0a, 0x01, 0x0b, 0x01, 0x0a, 0x03, 0x0b, 0x18, 0x00, 0x17, 0x00, 0x01, 0x05, 0x01, 0x09,
    0x01, 0x06, 0x01, 0x0b, 0x01, 0x0f, 0x01, 0x0e, 0x0a, 0x00, 0x02, 0x0b, 0x01, 0x0d, 0x01, 0x0b, 0x01, 0x0d, 0x01, 0x0b,
    0x03, 0x0d, 0x18, 0x00, 0x28, 0x00, 0x01, 0x0b, 0x02, 0x09, 0x01, 0x0d, 0x01, 0x09, 0x01, 0x0b, 0x01, 0x0d, 0x19, 0x00,
    0x48, 0x00, 0x48, 0x00, 0x48, 0x00
};
const uint8_t kReview4[] PROGMEM = {
    0x48, 0x00, 0x48, 0x00, 0x48, 0x00, 0x20, 0x00, 0x01, 0x01, 0x01, 0x03, 0x26, 0x00, 0x1e, 0x00, 0x03, 0x02, 0x27, 0x00,
    0x1e, 0x00, 0x01, 0x02, 0x01, 0x01, 0x01, 0x02, 0x02, 0x03, 0x02, 0x02, 0x23, 0x00, 0x1e, 0x00, 0x01, 0x02, 0x01, 0x01,
    0x01, 0x02, 0x03, 0x01, 0x01, 0x02, 0x02, 0x03, 0x01, 0x02, 0x01, 0x00, 0x02, 0x0b, 0x02, 0x0d, 0x1b, 0x00, 0x1b, 0x00,
    0x02, 0x0d, 0x01, 0x00, 0x02, 0x03, 0x06, 0x02, 0x01, 0x01, 0x01, 0x03, 0x01, 0x09, 0x01, 0x0e, 0x01, 0x0b, 0x01, 0x0d,
    0x01, 0x0b, 0x01, 0x0d, 0x1a, 0x00, 0x1a, 0x00, 0x01, 0x0d, 0x01, 0x0b, 0x01, 0x0e, 0x01, 0x09, 0x03, 0x03, 0x01, 0x02,
    0x01, 0x01, 0x01, 0x02, 0x01, 0x01, 0x03, 0x02, 0x01, 0x03, 0x01, 0x09, 0x02, 0x0f, 0x01, 0x0d, 0x01, 0x0a, 0x01, 0x0b,
    0x19, 0x00, 0x19, 0x00, 0x02, 0x0d, 0x01, 0x0f, 0x01, 0x0e, 0x01, 0x04, 0x03, 0x01, 0x01, 0x02, 0x05, 0x01, 0x01, 0x02,
    0x01, 0x01, 0x01, 0x03, 0x01, 0x05, 0x01, 0x0f, 0x01, 0x0d, 0x01, 0x0b, 0x01, 0x0d, 0x19, 0x00, 0x18, 0x00, 0x01, 0x0d,
    0x01, 0x0b, 0x01, 0x0e, 0x01, 0x0f, 0x01, 0x04, 0x02, 0x01, 0x01, 0x02, 0x03, 0x01, 0x01, 0x02, 0x02, 0x03, 0x03, 0x02,
    0x01, 0x01, 0x01, 0x02, 0x01, 0x09, 0x02, 0x0d, 0x01, 0x0e, 0x05, 0x00, 0x02, 0x04, 0x12, 0x00, 0x18, 0x00, 0x01, 0x0e,
    0x01, 0x0b, 0x01, 0x0f, 0x01, 0x0a, 0x01, 0x02, 0x01, 0x01, 0x03, 0x02, 0x01, 0x01, 0x03, 0x02, 0x02, 0x03, 0x02, 0x01,
    0x01, 0x02, 0x01, 0x01, 0x01, 0x03, 0x01, 0x0e, 0x01, 0x0f, 0x05, 0x00, 0x01, 0x05, 0x01, 0x04, 0x01, 0x05, 0x01, 0x09,
    0x11, 0x00, 0x19, 0x00, 0x01, 0x0d, 0x01, 0x0f, 0x01, 0x04, 0x01, 0x01, 0x02, 0x03, 0x01, 0x02, 0x01, 0x01, 0x01, 0x02,
    0x01, 0x01, 0x02, 0x03, 0x01, 0x05, 0x01, 0x0d, 0x01, 0x05, 0x01, 0x02, 0x01, 0x01, 0x01, 0x02, 0x01, 0x01, 0x02, 0x03,
    0x05, 0x00, 0x02, 0x04, 0x01, 0x09, 0x12, 0x00, 0x1a, 0x00, 0x01, 0x0b, 0x01, 0x02, 0x01, 0x03, 0x01, 0x02, 0x02, 0x03,
    0x01, 0x01, 0x01, 0x02, 0x01, 0x01, 0x01, 0x04, 0x02, 0x0f, 0x02, 0x0e, 0x01, 0x06, 0x03, 0x02, 0x01, 0x01, 0x01, 0x03,
    0x04, 0x00, 0x01, 0x05, 0x01, 0x04, 0x01, 0x05, 0x01, 0x0b, 0x12, 0x00, 0x1a, 0x00, 0x01, 0x02, 0x01, 0x01, 0x01, 0x04,
    0x01, 0x09, 0x01, 0x0d, 0x01, 0x04, 0x01, 0x01, 0x01, 0x02, 0x01, 0x01, 0x01, 0x04, 0x01, 0x0e, 0x01, 0x09, 0x01, 0x0d,
    0x02, 0x0f, 0x01, 0x04, 0x01, 0x01, 0x04, 0x02, 0x02, 0x00, 0x01, 0x09, 0x01, 0x04, 0x01, 0x05, 0x01, 0x0b, 0x13, 0x00,
    0x1a, 0x00, 0x01, 0x03, 0x01, 0x02, 0x01, 0x0a, 0x02, 0x0f, 0x01, 0x09, 0x03, 0x01, 0x01, 0x03, 0x02, 0x04, 0x01, 0x0f,
    0x02, 0x0d, 0x01, 0x06, 0x01, 0x01, 0x02, 0x02, 0x02, 0x03, 0x02, 0x00, 0x01, 0x06, 0x01, 0x05, 0x02, 0x06, 0x13, 0x00,
    0x1a, 0x00, 0x01, 0x02, 0x01, 0x03, 0x01, 0x0f, 0x01, 0x0a, 0x01, 0x0f, 0x01, 0x06, 0x01, 0x03, 0x01, 0x06, 0x01, 0x04,
    0x02, 0x01, 0x01, 0x04, 0x01, 0x0e, 0x01, 0x09, 0x01, 0x0e, 0x01, 0x04, 0x01, 0x01, 0x03, 0x02, 0x01, 0x03, 0x01, 0x00,
    0x01, 0x05, 0x01, 0x04, 0x01, 0x09, 0x01, 0x0b, 0x01, 0x09, 0x13, 0x00, 0x1a, 0x00, 0x01, 0x01, 0x01, 0x04, 0x01, 0x06,
    0x01, 0x04, 0x01, 0x0f, 0x01, 0x04, 0x01, 0x03, 0x01, 0x09, 0x01, 0x03, 0x02, 0x01, 0x01, 0x02, 0x01, 0x04, 0x01, 0x05,
    0x01, 0x04, 0x03, 0x02, 0x01, 0x01, 0x01, 0x02, 0x01, 0x03, 0x01, 0x00, 0x02, 0x05, 0x02, 0x09, 0x01, 0x06, 0x13, 0x00,
    0x19, 0x00, 0x01, 0x03, 0x01, 0x01, 0x01, 0x03, 0x01, 0x0b, 0x02, 0x06, 0x01, 0x02, 0x04, 0x01, 0x02, 0x03, 0x03, 0x01,
    0x04, 0x02, 0x01, 0x04, 0x01, 0x00, 0x01, 0x05, 0x01, 0x04, 0x01, 0x06, 0x01, 0x00, 0x01, 0x09, 0x02, 0x04, 0x12, 0x00,
    0x19, 0x00, 0x01, 0x03, 0x01, 0x01, 0x01, 0x02, 0x01, 0x04, 0x01, 0x05, 0x04, 0x02, 0x01, 0x03, 0x01, 0x02, 0x01, 0x03,
    0x04, 0x02, 0x02, 0x01, 0x01, 0x03, 0x01, 0x05, 0x01, 0x00, 0x01, 0x06, 0x01, 0x05, 0x01, 0x06, 0x01, 0x09, 0x01, 0x00,
    0x01, 0x09, 0x02, 0x04, 0x12, 0x00, 0x1a, 0x00, 0x01, 0x03, 0x01, 0x02, 0x03, 0x01, 0x01, 0x02, 0x01, 0x03, 0x03, 0x02,
    0x03, 0x01, 0x02, 0x02, 0x01, 0x03, 0x01, 0x04, 0x01, 0x0a, 0x01, 0x0d, 0x01, 0x09, 0x02, 0x05, 0x01, 0x09, 0x02, 0x00,
    0x01, 0x05, 0x03, 0x04, 0x11, 0x00, 0x1a, 0x00, 0x01, 0x06, 0x01, 0x03, 0x05, 0x01, 0x01, 0x02, 0x01, 0x03, 0x02, 0x02,
    0x01, 0x03, 0x02, 0x05, 0x01, 0x08, 0x01, 0x0e, 0x01, 0x0d, 0x01, 0x09, 0x01, 0x06, 0x01, 0x0a, 0x01, 0x06, 0x01, 0x09,
    0x03, 0x00, 0x01, 0x06, 0x01, 0x04, 0x02, 0x05, 0x11, 0x00, 0x18, 0x00, 0x01, 0x04, 0x01, 0x05, 0x02, 0x0c, 0x01, 0x05,
    0x04, 0x04, 0x01, 0x05, 0x01, 0x0a, 0x01, 0x06, 0x01, 0x09, 0x01, 0x0b, 0x02, 0x0e, 0x01, 0x0b, 0x01, 0x06, 0x01, 0x05,
    0x01, 0x07, 0x01, 0x0c, 0x01, 0x0b, 0x01, 0x06, 0x03, 0x00, 0x01, 0x06, 0x02, 0x09, 0x01, 0x06, 0x12, 0x00, 0x19, 0x00,
    0x01, 0x04, 0x01, 0x07, 0x01, 0x0c, 0x03, 0x0f, 0x01, 0x0e, 0x02, 0x0d, 0x02, 0x0b, 0x01, 0x0d, 0x01, 0x0b, 0x01, 0x09,
    0x01, 0x06, 0x01, 0x05, 0x01, 0x07, 0x01, 0x08, 0x02, 0x0c, 0x02, 0x08, 0x01, 0x07, 0x02, 0x00, 0x02, 0x06, 0x14, 0x00,
    0x19, 0x00, 0x01, 0x06, 0x01, 0x07, 0x01, 0x0c, 0x01, 0x0f, 0x01, 0x05, 0x01, 0x04, 0x01, 0x09, 0x01, 0x0d, 0x01, 0x0b,
    0x02, 0x0d, 0x01, 0x09, 0x02, 0x04, 0x01, 0x05, 0x01, 0x06, 0x01, 0x07, 0x02, 0x0c, 0x05, 0x07, 0x02, 0x00, 0x01, 0x05,
    0x14, 0x00, 0x17, 0x00, 0x02, 0x07, 0x01, 0x0c, 0x01, 0x08, 0x01, 0x0c, 0x01, 0x0a, 0x03, 0x03, 0x01, 0x05, 0x01, 0x09,
    0x01, 0x05, 0x01, 0x04, 0x02, 0x03, 0x01, 0x05, 0x01, 0x09, 0x01, 0x06, 0x01, 0x0c, 0x08, 0x07, 0x01, 0x04, 0x02, 0x05,
    0x13, 0x00, 0x17, 0x00, 0x03, 0x07, 0x01, 0x06, 0x01, 0x0a, 0x01, 0x05, 0x03, 0x02, 0x02, 0x03, 0x01, 0x02, 0x01, 0x01,
    0x01, 0x02, 0x01, 0x04, 0x02, 0x06, 0x0a, 0x07, 0x01, 0x05, 0x01, 0x04, 0x14, 0x00, 0x16, 0x00, 0x01, 0x08, 0x01, 0x07,
    0x01, 0x0c, 0x01, 0x06, 0x01, 0x0b, 0x01, 0x06, 0x01, 0x04, 0x07, 0x02, 0x01, 0x04, 0x02, 0x05, 0x01, 0x06, 0x0a, 0x07,
    0x01, 0x08, 0x15, 0x00, 0x15, 0x00, 0x01, 0x08, 0x01, 0x07, 0x04, 0x08, 0x01, 0x05, 0x01, 0x04, 0x06, 0x02, 0x01, 0x04,
    0x02, 0x05, 0x01, 0x06, 0x04, 0x07, 0x01, 0x08, 0x08, 0x07, 0x14, 0x00, 0x15, 0x00, 0x02, 0x07, 0x01, 0x0c, 0x02, 0x08,
    0x01, 0x06, 0x01, 0x05, 0x01, 0x04, 0x01, 0x02, 0x01, 0x01, 0x01, 0x02, 0x01, 0x01, 0x01, 0x02, 0x01, 0x04, 0x03, 0x05,
    0x01, 0x06, 0x03, 0x07, 0x03, 0x08, 0x01, 0x07, 0x01, 0x08, 0x06, 0x07, 0x13, 0x00, 0x14, 0x00, 0x01, 0x08, 0x02, 0x07,
    0x01, 0x0c, 0x01, 0x08, 0x01, 0x06, 0x03, 0x05, 0x01, 0x03, 0x03, 0x02, 0x01, 0x04, 0x04, 0x05, 0x01, 0x06, 0x01, 0x08,
    0x02, 0x07, 0x01, 0x08, 0x01, 0x0c, 0x04, 0x07, 0x01, 0x08, 0x04, 0x07, 0x13, 0x00, 0x13, 0x00, 0x01, 0x0c, 0x01, 0x07,
    0x01, 0x08, 0x02, 0x0c, 0x01, 0x08, 0x01, 0x06, 0x03, 0x05, 0x01, 0x04, 0x01, 0x02, 0x01, 0x03, 0x01, 0x04, 0x05, 0x05,
    0x01, 0x06, 0x03, 0x07, 0x02, 0x0c, 0x01, 0x08, 0x01, 0x07, 0x02, 0x0c, 0x01, 0x07, 0x01, 0x06, 0x03, 0x07, 0x01, 0x0c,
    0x12, 0x00, 0x12, 0x00, 0x01, 0x08, 0x01, 0x06, 0x01, 0x05, 0x01, 0x06, 0x01, 0x08, 0x01, 0x0c, 0x01, 0x08, 0x01, 0x06,
    0x03, 0x05, 0x01, 0x04, 0x01, 0x03, 0x01, 0x04, 0x05, 0x05, 0x02, 0x06, 0x03, 0x07, 0x01, 0x08, 0x01, 0x0e, 0x02, 0x0c,
    0x01, 0x0a, 0x06, 0x04, 0x01, 0x08, 0x12, 0x00, 0x12, 0x00, 0x05, 0x04, 0x01, 0x0a, 0x01, 0x08, 0x01, 0x09, 0x0b, 0x05,
    0x02, 0x06, 0x03, 0x07, 0x01, 0x08, 0x01, 0x0c, 0x01, 0x0f, 0x01, 0x09, 0x07, 0x04, 0x01, 0x05, 0x01, 0x06, 0x11, 0x00,
    0x11, 0x00, 0x02, 0x04, 0x01, 0x05, 0x02, 0x06, 0x01, 0x09, 0x01, 0x08, 0x01, 0x0a, 0x01, 0x09, 0x02, 0x05, 0x01, 0x06,
    0x08, 0x05, 0x02, 0x06, 0x03, 0x07, 0x02, 0x0c, 0x01, 0x0e, 0x01, 0x06, 0x01, 0x09, 0x01, 0x0a, 0x02, 0x0b, 0x01, 0x09,
    0x03, 0x04, 0x01, 0x05, 0x11, 0x00, 0x11, 0x00, 0x01, 0x04, 0x01, 0x06, 0x01, 0x0e, 0x02, 0x0d, 0x01, 0x0e, 0x01, 0x08,
    0x01, 0x0a, 0x01, 0x06, 0x03, 0x05, 0x01, 0x04, 0x07, 0x05, 0x01, 0x06, 0x01, 0x05, 0x03, 0x07, 0x03, 0x0c, 0x01, 0x0b,
    0x02, 0x0d, 0x01, 0x0b, 0x01, 0x0a, 0x01, 0x0b, 0x01, 0x0d, 0x02, 0x04, 0x01, 0x05, 0x11, 0x00, 0x11, 0x00, 0x01, 0x05,
    0x01, 0x0a, 0x02, 0x0b, 0x01, 0x0a, 0x01, 0x0d, 0x01, 0x08, 0x01, 0x0e, 0x01, 0x09, 0x02, 0x06, 0x02, 0x05, 0x01, 0x06,
    0x06, 0x05, 0x02, 0x06, 0x02, 0x07, 0x01, 0x08, 0x02, 0x0c, 0x01, 0x0e, 0x01, 0x0d, 0x01, 0x0a, 0x03, 0x0b, 0x01, 0x0a,
    0x01, 0x0d, 0x01, 0x09, 0x01, 0x04, 0x01, 0x05, 0x11, 0x00, 0x11, 0x00, 0x01, 0x06, 0x01, 0x0b, 0x01, 0x0d, 0x02, 0x0b,
    0x01, 0x0a, 0x01, 0x06, 0x01, 0x0e, 0x02, 0x09, 0x02, 0x06, 0x02, 0x09, 0x01, 0x06, 0x01, 0x09, 0x02, 0x06, 0x02, 0x09,
    0x01, 0x0d, 0x01, 0x06, 0x02, 0x07, 0x03, 0x0c, 0x01, 0x0d, 0x06, 0x0b, 0x01, 0x0d, 0x01, 0x0b, 0x01, 0x05, 0x12, 0x00,
    0x12, 0x00, 0x01, 0x0d, 0x03, 0x0b, 0x01, 0x0a, 0x01, 0x06, 0x01, 0x0e, 0x01, 0x09, 0x01, 0x06, 0x04, 0x05, 0x01, 0x06,
    0x02, 0x09, 0x01, 0x06, 0x01, 0x09, 0x01, 0x05, 0x01, 0x09, 0x01, 0x06, 0x01, 0x05, 0x01, 0x0a, 0x01, 0x0b, 0x01, 0x0a,
    0x04, 0x0b, 0x02, 0x0a, 0x02, 0x0b, 0x01, 0x0e, 0x01, 0x09, 0x01, 0x05, 0x12, 0x00, 0x12, 0x00, 0x01, 0x0b, 0x01, 0x0a,
    0x01, 0x0b, 0x01, 0x0d, 0x01, 0x09, 0x01, 0x0a, 0x01, 0x0e, 0x01, 0x09, 0x01, 0x06, 0x04, 0x05, 0x01, 0x06, 0x01, 0x09,
    0x01, 0x05, 0x01, 0x06, 0x05, 0x09, 0x01, 0x0d, 0x03, 0x0a, 0x03, 0x0b, 0x01, 0x0a, 0x01, 0x0b, 0x01, 0x0d, 0x02, 0x0e,
    0x01, 0x09, 0x13, 0x00, 0x12, 0x00, 0x01, 0x0e, 0x01, 0x0d, 0x01, 0x0b, 0x01, 0x0d, 0x01, 0x06, 0x01, 0x09, 0x02, 0x0c,
    0x01, 0x0b, 0x05, 0x09, 0x01, 0x0a, 0x01, 0x09, 0x01, 0x0b, 0x01, 0x09, 0x01, 0x0b, 0x02, 0x0c, 0x01, 0x0e, 0x01, 0x0a,
    0x01, 0x0b, 0x02, 0x0a, 0x02, 0x0b, 0x01, 0x0a, 0x01, 0x0b, 0x02, 0x0d, 0x01, 0x0e, 0x15, 0x00, 0x13, 0x00, 0x02, 0x0d,
    0x01, 0x06, 0x01, 0x05, 0x01, 0x0c, 0x02, 0x08, 0x01, 0x07, 0x01, 0x08, 0x02, 0x0c, 0x02, 0x08, 0x01, 0x0c, 0x01, 0x0d,
    0x01, 0x09, 0x01, 0x05, 0x01, 0x09, 0x01, 0x08, 0x02, 0x0c, 0x01, 0x09, 0x01, 0x0b, 0x02, 0x0a, 0x03, 0x0b, 0x01, 0x0d,
    0x02, 0x0e, 0x16, 0x00, 0x14, 0x00, 0x01, 0x0d, 0x01, 0x06, 0x0b, 0x08, 0x01, 0x06, 0x03, 0x05, 0x01, 0x09, 0x01, 0x07,
    0x01, 0x0c, 0x01, 0x0b, 0x01, 0x0a, 0x01, 0x0b, 0x02, 0x0a, 0x01, 0x0b, 0x02, 0x0e, 0x18, 0x00, 0x14, 0x00, 0x02, 0x0a,
    0x0b, 0x08, 0x01, 0x06, 0x04, 0x05, 0x02, 0x08, 0x01, 0x0c, 0x01, 0x09, 0x01, 0x0d, 0x01, 0x0b, 0x01, 0x0d, 0x01, 0x0e,
    0x01, 0x0f, 0x19, 0x00, 0x15, 0x00, 0x01, 0x0c, 0x08, 0x08, 0x01, 0x07, 0x02, 0x08, 0x01, 0x06, 0x03, 0x05, 0x01, 0x06,
    0x01, 0x08, 0x01, 0x07, 0x02, 0x08, 0x01, 0x0b, 0x02, 0x0e, 0x01, 0x0d, 0x1a, 0x00, 0x15, 0x00, 0x01, 0x0c, 0x02, 0x08,
    0x01, 0x07, 0x02, 0x08, 0x01, 0x0c, 0x05, 0x08, 0x01, 0x06, 0x01, 0x05, 0x01, 0x06, 0x01, 0x05, 0x01, 0x09, 0x01, 0x08,
    0x02, 0x07, 0x01, 0x08, 0x01, 0x0b, 0x01, 0x0a, 0x01, 0x0e, 0x01, 0x0c, 0x1a, 0x00, 0x15, 0x00, 0x02, 0x0c, 0x01, 0x08,
    0x01, 0x07, 0x02, 0x08, 0x01, 0x0c, 0x01, 0x0d, 0x03, 0x0c, 0x01, 0x08, 0x01, 0x0a, 0x01, 0x0c, 0x01, 0x0d, 0x01, 0x09,
    0x01, 0x08, 0x02, 0x07, 0x02, 0x08, 0x01, 0x0c, 0x02, 0x0b, 0x01, 0x0c, 0x1a, 0x00, 0x15, 0x00, 0x01, 0x0c, 0x03, 0x08,
    0x01, 0x07, 0x02, 0x08, 0x02, 0x0c, 0x01, 0x0e, 0x01, 0x0f, 0x01, 0x0d, 0x02, 0x08, 0x01, 0x07, 0x01, 0x08, 0x01, 0x07,
    0x03, 0x08, 0x05, 0x0c, 0x1a, 0x00, 0x16, 0x00, 0x01, 0x0c, 0x01, 0x08, 0x02, 0x07, 0x03, 0x08, 0x02, 0x0c, 0x02, 0x0e,
    0x02, 0x08, 0x02, 0x07, 0x02, 0x08, 0x02, 0x07, 0x02, 0x08, 0x03, 0x0c, 0x1a, 0x00, 0x16, 0x00, 0x01, 0x0c, 0x03, 0x08,
    0x01, 0x07, 0x02, 0x08, 0x02, 0x0c, 0x02, 0x0d, 0x06, 0x08, 0x01, 0x07, 0x03, 0x08, 0x03, 0x0c, 0x01, 0x0a, 0x19, 0x00,
    0x16, 0x00, 0x01, 0x06, 0x06, 0x08, 0x03, 0x0c, 0x02, 0x0d, 0x01, 0x0c, 0x08, 0x08, 0x01, 0x0c, 0x01, 0x0b, 0x02, 0x09,
    0x19, 0x00, 0x16, 0x00, 0x01, 0x06, 0x02, 0x04, 0x03, 0x05, 0x02, 0x06, 0x02, 0x09, 0x01, 0x0b, 0x01, 0x0a, 0x06, 0x08,
    0x02, 0x06, 0x01, 0x05, 0x01, 0x06, 0x01, 0x09, 0x02, 0x0a, 0x19, 0x00, 0x16, 0x00, 0x01, 0x0e, 0x01, 0x0b, 0x01, 0x09,
    0x01, 0x06, 0x02, 0x05, 0x01, 0x06, 0x01, 0x09, 0x01, 0x0a, 0x01, 0x0d, 0x01, 0x0e, 0x01, 0x06, 0x03, 0x05, 0x01, 0x04,
    0x04, 0x05, 0x01, 0x06, 0x01, 0x0a, 0x02, 0x0e, 0x01, 0x0f, 0x19, 0x00, 0x16, 0x00, 0x01, 0x0f, 0x01, 0x0d, 0x02, 0x0b,
    0x01, 0x0d, 0x01, 0x0b, 0x01, 0x0d, 0x02, 0x0e, 0x02, 0x0f, 0x01, 0x00, 0x01, 0x09, 0x03, 0x0b, 0x03, 0x0a, 0x03, 0x0b,
    0x03, 0x0e, 0x19, 0x00, 0x17, 0x00, 0x01, 0x0d, 0x01, 0x0b, 0x02, 0x0a, 0x01, 0x0b, 0x01, 0x0d, 0x02, 0x0b, 0x03, 0x0e,
    0x01, 0x00, 0x01, 0x0f, 0x02, 0x0d, 0x02, 0x0b, 0x02, 0x0a, 0x01, 0x0b, 0x01, 0x0d, 0x01, 0x0b, 0x02, 0x0e, 0x01, 0x0d,
    0x18, 0x00, 0x17, 0x00, 0x01, 0x0f, 0x01, 0x0e, 0x02, 0x0d, 0x01, 0x0e, 0x01, 0x0d, 0x01, 0x0b, 0x04, 0x0d, 0x02, 0x00,
    0x02, 0x0e, 0x01, 0x0d, 0x02, 0x0a, 0x01, 0x0b, 0x01, 0x0e, 0x01, 0x0d, 0x02, 0x0b, 0x02, 0x0e, 0x18, 0x00, 0x17, 0x00,
    0x01, 0x0e, 0x01, 0x0d, 0x02, 0x0e, 0x01, 0x0d, 0x01, 0x0b, 0x02, 0x0a, 0x01, 0x0b, 0x01, 0x0d, 0x01, 0x0e, 0x02, 0x00,
    0x01, 0x0e, 0x01, 0x0d, 0x02, 0x0e, 0x01, 0x0d, 0x01, 0x0e, 0x01, 0x0d, 0x03, 0x0b, 0x01, 0x0d, 0x01, 0x0f, 0x18, 0x00,
    0x18, 0x00, 0x01, 0x0d, 0x02, 0x0b, 0x01, 0x0a, 0x03, 0x0b, 0x01, 0x0d, 0x02, 0x0e, 0x02, 0x00, 0x04, 0x0d, 0x01, 0x0e,
    0x01, 0x0d, 0x01, 0x0b, 0x02, 0x0a, 0x01, 0x0b, 0x01, 0x0d, 0x01, 0x0e, 0x18, 0x00, 0x18, 0x00, 0x01, 0x0e, 0x01, 0x0b,
    0x01, 0x0a, 0x04, 0x0b, 0x01, 0x0d, 0x01, 0x0e, 0x01, 0x0f, 0x03, 0x00, 0x01, 0x0e, 0x01, 0x0d, 0x03, 0x0b, 0x02, 0x0a,
    0x02, 0x0b, 0x01, 0x0d, 0x01, 0x0e, 0x18, 0x00, 0x19, 0x00, 0x01, 0x0e, 0x01, 0x0a, 0x01, 0x0b, 0x01, 0x0a, 0x01, 0x0b,
    0x01, 0x0d, 0x03, 0x0e, 0x03, 0x00, 0x01, 0x0e, 0x01, 0x0d, 0x06, 0x0b, 0x01, 0x0d, 0x01, 0x0e, 0x19, 0x00, 0x19, 0x00,
    0x01, 0x0e, 0x05, 0x0b, 0x02, 0x0e, 0x05, 0x00, 0x01, 0x0e, 0x01, 0x0b, 0x02, 0x0a, 0x03, 0x0b, 0x01, 0x0d, 0x01, 0x0e,
    0x19, 0x00, 0x19, 0x00, 0x01, 0x0d, 0x05, 0x0b, 0x02, 0x0e, 0x06, 0x00, 0x01, 0x0d, 0x05, 0x0b, 0x01, 0x0d, 0x01, 0x0e,
    0x19, 0x00, 0x18, 0x00, 0x01, 0x0d, 0x03, 0x0b, 0x01, 0x0a, 0x02, 0x0b, 0x02, 0x0e, 0x01, 0x0d, 0x05, 0x00, 0x01, 0x0e,
    0x05, 0x0b, 0x01, 0x0d, 0x01, 0x0e, 0x19, 0x00, 0x17, 0x00, 0x06, 0x0b, 0x01, 0x0a, 0x01, 0x0b, 0x03, 0x0e, 0x05, 0x00,
    0x01, 0x0b, 0x03, 0x0a, 0x03, 0x0b, 0x01, 0x0d, 0x19, 0x00, 0x16, 0x00, 0x01, 0x0b, 0x01, 0x0a, 0x06, 0x0b, 0x01, 0x0d,
    0x01, 0x0e, 0x01, 0x0d, 0x01, 0x0e, 0x05, 0x00, 0x01, 0x0b, 0x01, 0x0a, 0x06, 0x0b, 0x01, 0x0d, 0x18, 0x00, 0x16, 0x00,
    0x01, 0x0d, 0x02, 0x0b, 0x01, 0x0d, 0x03, 0x0b, 0x01, 0x0d, 0x03, 0x0e, 0x05, 0x00, 0x02, 0x0a, 0x04, 0x0b, 0x01, 0x0a,
    0x01, 0x0d, 0x01, 0x0a, 0x01, 0x0d, 0x18, 0x00, 0x16, 0x00, 0x01, 0x0e, 0x01, 0x0b, 0x01, 0x0d, 0x02, 0x0a, 0x02, 0x0d,
    0x01, 0x0e, 0x01, 0x0f, 0x07, 0x00, 0x02, 0x0a, 0x01, 0x0b, 0x02, 0x0a, 0x04, 0x0b, 0x01, 0x0e, 0x18, 0x00, 0x17, 0x00,
    0x01, 0x06, 0x02, 0x09, 0x01, 0x06, 0x01, 0x0f, 0x01, 0x0e, 0x09, 0x00, 0x01, 0x0d, 0x01, 0x0a, 0x02, 0x0d, 0x01, 0x0b,
    0x01, 0x0e, 0x01, 0x0a, 0x01, 0x0e, 0x01, 0x0b, 0x01, 0x0e, 0x18, 0x00, 0x27, 0x00, 0x01, 0x0b, 0x01, 0x0d, 0x02, 0x09,
    0x01, 0x0b, 0x01, 0x09, 0x02, 0x0e, 0x19, 0x00, 0x48, 0x00, 0x48, 0x00, 0x48, 0x00
};
const uint8_t kReview5[] PROGMEM = {
    0x48, 0x00, 0x48, 0x00, 0x48, 0x00, 0x48, 0x00, 0x1d, 0x00, 0x01, 0x01, 0x01, 0x02, 0x29, 0x00, 0x1c, 0x00, 0x01, 0x02,
    0x01, 0x01, 0x01, 0x02, 0x29, 0x00, 0x1c, 0x00, 0x01, 0x02, 0x01, 0x01, 0x02, 0x02, 0x01, 0x03, 0x01, 0x02, 0x01, 0x01,
    0x01, 0x03, 0x04, 0x00, 0x03, 0x0b, 0x1d, 0x00, 0x1c, 0x00, 0x01, 0x02, 0x05, 0x01, 0x01, 0x02, 0x03, 0x03, 0x01, 0x05,
    0x01, 0x0e, 0x01, 0x0a, 0x03, 0x0b, 0x1c, 0x00, 0x1a, 0x00, 0x01, 0x0a, 0x01, 0x0d, 0x02, 0x03, 0x06, 0x02, 0x02, 0x01,
    0x01, 0x04, 0x01, 0x0d, 0x01, 0x0e, 0x01, 0x0f, 0x01, 0x0d, 0x02, 0x0b, 0x1b, 0x00, 0x18, 0x00, 0x02, 0x0d, 0x01, 0x0b,
    0x01, 0x0f, 0x01, 0x04, 0x02, 0x03, 0x01, 0x02, 0x01, 0x01, 0x01, 0x02, 0x01, 0x01, 0x03, 0x02, 0x01, 0x01, 0x01, 0x03,
    0x01, 0x09, 0x01, 0x0f, 0x01, 0x0e, 0x01, 0x0b, 0x01, 0x0d, 0x1b, 0x00, 0x18, 0x00, 0x02, 0x0d, 0x01, 0x0f, 0x01, 0x09,
    0x01, 0x03, 0x02, 0x01, 0x01, 0x02, 0x05, 0x01, 0x01, 0x02, 0x02, 0x01, 0x01, 0x02, 0x01, 0x06, 0x01, 0x0e, 0x01, 0x0a,
    0x01, 0x0e, 0x1b, 0x00, 0x17, 0x00, 0x02, 0x0b, 0x02, 0x0f, 0x01, 0x03, 0x01, 0x01, 0x03, 0x02, 0x01, 0x01, 0x01, 0x02,
    0x03, 0x03, 0x01, 0x01, 0x02, 0x02, 0x01, 0x01, 0x01, 0x03, 0x01, 0x0a, 0x02, 0x0f, 0x06, 0x00, 0x02, 0x04, 0x13, 0x00,
    0x17, 0x00, 0x01, 0x0d, 0x01, 0x0b, 0x01, 0x0f, 0x01, 0x05, 0x01, 0x01, 0x04, 0x02, 0x01, 0x01, 0x03, 0x02, 0x01, 0x04,
    0x01, 0x03, 0x01, 0x01, 0x02, 0x02, 0x01, 0x01, 0x01, 0x03, 0x01, 0x04, 0x06, 0x00, 0x01, 0x05, 0x01, 0x04, 0x01, 0x05,
    0x01, 0x09, 0x12, 0x00, 0x18, 0x00, 0x01, 0x0d, 0x01, 0x0f, 0x01, 0x03, 0x01, 0x02, 0x02, 0x03, 0x01, 0x02, 0x02, 0x01,
    0x01, 0x02, 0x01, 0x03, 0x01, 0x04, 0x02, 0x0d, 0x01, 0x05, 0x01, 0x02, 0x01, 0x01, 0x01, 0x02, 0x01, 0x01, 0x01, 0x02,
    0x01, 0x04, 0x04, 0x00, 0x01, 0x05, 0x02, 0x04, 0x01, 0x09, 0x13, 0x00, 0x19, 0x00, 0x01, 0x06, 0x01, 0x02, 0x01, 0x03,
    0x01, 0x02, 0x02, 0x03, 0x01, 0x01, 0x01, 0x02, 0x01, 0x01, 0x01, 0x05, 0x01, 0x0f, 0x02, 0x0e, 0x01, 0x0f, 0x01, 0x05,
    0x01, 0x01, 0x03, 0x02, 0x01, 0x03, 0x04, 0x00, 0x01, 0x05, 0x01, 0x04, 0x01, 0x09, 0x14, 0x00, 0x19, 0x00, 0x01, 0x02,
    0x01, 0x01, 0x01, 0x04, 0x01, 0x09, 0x01, 0x0b, 0x01, 0x03, 0x01, 0x01, 0x01, 0x02, 0x01, 0x01, 0x01, 0x04, 0x01, 0x0d,
    0x01, 0x09, 0x02, 0x0f, 0x01, 0x0e, 0x01, 0x03, 0x01, 0x01, 0x02, 0x02, 0x02, 0x03, 0x02, 0x00, 0x01, 0x06, 0x01, 0x04,
    0x01, 0x06, 0x01, 0x0d, 0x14, 0x00, 0x19, 0x00, 0x01, 0x03, 0x01, 0x02, 0x01, 0x0b, 0x02, 0x0f, 0x01, 0x05, 0x03, 0x01,
    0x02, 0x03, 0x01, 0x06, 0x01, 0x0f, 0x01, 0x06, 0x01, 0x0d, 0x01, 0x04, 0x01, 0x01, 0x02, 0x02, 0x01, 0x03, 0x03, 0x00,
    0x02, 0x05, 0x01, 0x06, 0x15, 0x00, 0x19, 0x00, 0x01, 0x02, 0x01, 0x03, 0x01, 0x0f, 0x01, 0x0b, 0x01, 0x0f, 0x01, 0x06,
    0x01, 0x02, 0x01, 0x04, 0x01, 0x03, 0x01, 0x01, 0x01, 0x02, 0x01, 0x04, 0x02, 0x0d, 0x01, 0x0a, 0x01, 0x03, 0x01, 0x01,
    0x01, 0x02, 0x01, 0x01, 0x01, 0x02, 0x01, 0x03, 0x01, 0x00, 0x01, 0x05, 0x01, 0x04, 0x02, 0x09, 0x01, 0x06, 0x14, 0x00,
    0x19, 0x00, 0x01, 0x01, 0x01, 0x04, 0x01, 0x06, 0x01, 0x04, 0x01, 0x0f, 0x01, 0x03, 0x01, 0x04, 0x01, 0x0e, 0x01, 0x03,
    0x02, 0x01, 0x01, 0x02, 0x02, 0x04, 0x01, 0x03, 0x01, 0x01, 0x01, 0x02, 0x01, 0x01, 0x01, 0x02, 0x01, 0x04, 0x01, 0x00,
    0x01, 0x05, 0x01, 0x04, 0x01, 0x05, 0x01, 0x0b, 0x01, 0x09, 0x01, 0x06, 0x14, 0x00, 0x18, 0x00, 0x01, 0x04, 0x01, 0x02,
    0x01, 0x03, 0x01, 0x0a, 0x01, 0x05, 0x01, 0x06, 0x01, 0x02, 0x04, 0x01, 0x01, 0x03, 0x01, 0x02, 0x03, 0x01, 0x01, 0x02,
    0x01, 0x01, 0x01, 0x02, 0x01, 0x03, 0x01, 0x00, 0x01, 0x06, 0x02, 0x05, 0x01, 0x09, 0x01, 0x00, 0x01, 0x05, 0x01, 0x04,
    0x14, 0x00, 0x18, 0x00, 0x02, 0x03, 0x01, 0x01, 0x01, 0x04, 0x01, 0x06, 0x01, 0x03, 0x02, 0x01, 0x01, 0x02, 0x01, 0x03,
    0x01, 0x02, 0x01, 0x03, 0x01, 0x02, 0x01, 0x01, 0x01, 0x02, 0x02, 0x01, 0x01, 0x03, 0x01, 0x05, 0x01, 0x0e, 0x01, 0x06,
    0x02, 0x05, 0x01, 0x09, 0x01, 0x00, 0x01, 0x09, 0x01, 0x05, 0x02, 0x04, 0x13, 0x00, 0x19, 0x00, 0x01, 0x04, 0x01, 0x02,
    0x03, 0x01, 0x01, 0x02, 0x02, 0x03, 0x02, 0x02, 0x02, 0x01, 0x01, 0x02, 0x02, 0x03, 0x01, 0x04, 0x01, 0x0b, 0x01, 0x0f,
    0x01, 0x09, 0x01, 0x06, 0x01, 0x05, 0x01, 0x06, 0x02, 0x00, 0x01, 0x09, 0x03, 0x04, 0x13, 0x00, 0x19, 0x00, 0x01, 0x05,
    0x01, 0x04, 0x01, 0x03, 0x05, 0x01, 0x03, 0x02, 0x01, 0x04, 0x01, 0x06, 0x01, 0x0a, 0x01, 0x0e, 0x01, 0x0d, 0x02, 0x06,
    0x01, 0x08, 0x01, 0x09, 0x01, 0x06, 0x01, 0x0d, 0x02, 0x00, 0x01, 0x09, 0x01, 0x06, 0x01, 0x04, 0x01, 0x06, 0x13, 0x00,
    0x19, 0x00, 0x01, 0x05, 0x01, 0x0e, 0x01, 0x08, 0x02, 0x04, 0x01, 0x05, 0x01, 0x04, 0x01, 0x05, 0x01, 0x0a, 0x01, 0x06,
    0x01, 0x0a, 0x01, 0x0d, 0x01, 0x0e, 0x01, 0x0a, 0x02, 0x06, 0x01, 0x07, 0x02, 0x0c, 0x02, 0x09, 0x03, 0x00, 0x02, 0x09,
    0x01, 0x05, 0x01, 0x06, 0x13, 0x00, 0x18, 0x00, 0x01, 0x0c, 0x01, 0x06, 0x01, 0x07, 0x01, 0x0c, 0x01, 0x0f, 0x01, 0x0d,
    0x01, 0x0e, 0x02, 0x0d, 0x01, 0x0b, 0x01, 0x0d, 0x01, 0x0e, 0x01, 0x0a, 0x02, 0x05, 0x01, 0x07, 0x03, 0x0c, 0x01, 0x08,
    0x01, 0x07, 0x01, 0x08, 0x03, 0x00, 0x01, 0x06, 0x01, 0x05, 0x15, 0x00, 0x17, 0x00, 0x02, 0x07, 0x01, 0x0c, 0x01, 0x06,
    0x01, 0x0c, 0x01, 0x0e, 0x02, 0x04, 0x02, 0x0b, 0x01, 0x0d, 0x01, 0x0b, 0x01, 0x05, 0x01, 0x03, 0x01, 0x04, 0x01, 0x09,
    0x01, 0x07, 0x02, 0x0c, 0x02, 0x07, 0x01, 0x08, 0x01, 0x07, 0x01, 0x08, 0x03, 0x00, 0x01, 0x04, 0x15, 0x00, 0x16, 0x00,
    0x01, 0x0c, 0x02, 0x07, 0x01, 0x0c, 0x01, 0x08, 0x01, 0x0d, 0x01, 0x06, 0x02, 0x02, 0x01, 0x03, 0x01, 0x05, 0x01, 0x04,
    0x01, 0x03, 0x01, 0x02, 0x01, 0x04, 0x01, 0x08, 0x01, 0x06, 0x01, 0x08, 0x01, 0x0c, 0x06, 0x07, 0x01, 0x0c, 0x02, 0x05,
    0x01, 0x04, 0x15, 0x00, 0x16, 0x00, 0x02, 0x07, 0x02, 0x0c, 0x01, 0x08, 0x01, 0x0a, 0x01, 0x04, 0x01, 0x01, 0x04, 0x02,
    0x01, 0x01, 0x01, 0x03, 0x01, 0x06, 0x01, 0x05, 0x01, 0x06, 0x02, 0x07, 0x01, 0x08, 0x05, 0x07, 0x01, 0x08, 0x01, 0x00,
    0x02, 0x04, 0x15, 0x00, 0x15, 0x00, 0x01, 0x08, 0x01, 0x07, 0x01, 0x08, 0x02, 0x06, 0x02, 0x09, 0x01, 0x04, 0x04, 0x02,
    0x01, 0x01, 0x01, 0x04, 0x02, 0x05, 0x01, 0x06, 0x01, 0x07, 0x01, 0x08, 0x01, 0x0c, 0x06, 0x07, 0x01, 0x08, 0x18, 0x00,
    0x14, 0x00, 0x03, 0x0c, 0x01, 0x09, 0x01, 0x06, 0x01, 0x0b, 0x01, 0x0a, 0x01, 0x0b, 0x01, 0x04, 0x02, 0x01, 0x01, 0x02,
    0x01, 0x03, 0x01, 0x04, 0x04, 0x06, 0x01, 0x07, 0x02, 0x0c, 0x06, 0x07, 0x01, 0x0c, 0x18, 0x00, 0x14, 0x00, 0x01, 0x07,
    0x01, 0x04, 0x01, 0x05, 0x01, 0x09, 0x03, 0x0b, 0x01, 0x0e, 0x01, 0x09, 0x02, 0x04, 0x01, 0x06, 0x05, 0x0b, 0x01, 0x08,
    0x02, 0x0c, 0x06, 0x07, 0x01, 0x08, 0x01, 0x0c, 0x18, 0x00, 0x13, 0x00, 0x01, 0x06, 0x02, 0x04, 0x01, 0x0a, 0x01, 0x0d,
    0x05, 0x0b, 0x01, 0x0e, 0x01, 0x0d, 0x02, 0x0b, 0x01, 0x0a, 0x01, 0x0b, 0x01, 0x0a, 0x01, 0x0b, 0x01, 0x0f, 0x02, 0x0c,
    0x06, 0x07, 0x01, 0x08, 0x01, 0x0c, 0x18, 0x00, 0x13, 0x00, 0x02, 0x04, 0x01, 0x0d, 0x04, 0x0b, 0x06, 0x0a, 0x01, 0x0b,
    0x01, 0x0a, 0x02, 0x0b, 0x01, 0x0d, 0x01, 0x05, 0x01, 0x04, 0x01, 0x05, 0x01, 0x08, 0x01, 0x0c, 0x04, 0x07, 0x02, 0x0c,
    0x18, 0x00, 0x12, 0x00, 0x01, 0x06, 0x01, 0x04, 0x01, 0x09, 0x01, 0x0d, 0x01, 0x0a, 0x02, 0x0b, 0x01, 0x0a, 0x07, 0x0b,
    0x01, 0x0d, 0x03, 0x0e, 0x01, 0x09, 0x03, 0x04, 0x01, 0x06, 0x03, 0x07, 0x02, 0x0c, 0x19, 0x00, 0x12, 0x00, 0x02, 0x04,
    0x09, 0x0b, 0x01, 0x0a, 0x02, 0x0b, 0x01, 0x0d, 0x01, 0x0f, 0x01, 0x0e, 0x02, 0x0b, 0x01, 0x0e, 0x01, 0x09, 0x03, 0x04,
    0x02, 0x07, 0x01, 0x08, 0x02, 0x0c, 0x19, 0x00, 0x12, 0x00, 0x01, 0x05, 0x01, 0x04, 0x02, 0x0d, 0x09, 0x0b, 0x01, 0x0e,
    0x01, 0x0f, 0x01, 0x0b, 0x01, 0x0a, 0x03, 0x0b, 0x01, 0x0d, 0x03, 0x04, 0x01, 0x05, 0x03, 0x0c, 0x01, 0x0e, 0x19, 0x00,
    0x13, 0x00, 0x01, 0x05, 0x01, 0x09, 0x01, 0x0d, 0x06, 0x0b, 0x02, 0x0d, 0x02, 0x0f, 0x01, 0x0d, 0x01, 0x0a, 0x01, 0x0b,
    0x01, 0x0a, 0x03, 0x0b, 0x01, 0x09, 0x03, 0x04, 0x02, 0x0c, 0x01, 0x0d, 0x1a, 0x00, 0x13, 0x00, 0x01, 0x05, 0x01, 0x06,
    0x01, 0x0f, 0x02, 0x0e, 0x02, 0x0d, 0x03, 0x0e, 0x02, 0x0f, 0x01, 0x0d, 0x08, 0x0b, 0x02, 0x04, 0x01, 0x05, 0x01, 0x0a,
    0x01, 0x0e, 0x02, 0x0c, 0x19, 0x00, 0x14, 0x00, 0x01, 0x06, 0x01, 0x09, 0x01, 0x0d, 0x05, 0x0e, 0x01, 0x0b, 0x01, 0x0d,
    0x02, 0x0e, 0x06, 0x0b, 0x01, 0x0a, 0x01, 0x0d, 0x02, 0x05, 0x01, 0x06, 0x01, 0x0d, 0x03, 0x0c, 0x19, 0x00, 0x16, 0x00,
    0x01, 0x06, 0x01, 0x0d, 0x01, 0x0f, 0x01, 0x0e, 0x01, 0x0d, 0x01, 0x0a, 0x02, 0x08, 0x01, 0x0a, 0x01, 0x0e, 0x01, 0x0f,
    0x01, 0x0e, 0x02, 0x0d, 0x04, 0x0e, 0x01, 0x06, 0x01, 0x05, 0x01, 0x06, 0x03, 0x0c, 0x01, 0x0a, 0x19, 0x00, 0x16, 0x00,
    0x01, 0x06, 0x01, 0x09, 0x01, 0x0e, 0x02, 0x09, 0x04, 0x06, 0x01, 0x09, 0x01, 0x0e, 0x06, 0x0f, 0x01, 0x0d, 0x01, 0x06,
    0x01, 0x09, 0x02, 0x0c, 0x01, 0x0a, 0x02, 0x09, 0x19, 0x00, 0x17, 0x00, 0x01, 0x0a, 0x01, 0x0d, 0x01, 0x09, 0x05, 0x05,
    0x03, 0x06, 0x01, 0x0b, 0x01, 0x0e, 0x02, 0x0d, 0x01, 0x0b, 0x01, 0x09, 0x01, 0x0a, 0x01, 0x0b, 0x02, 0x09, 0x01, 0x0b,
    0x01, 0x0c, 0x1a, 0x00, 0x17, 0x00, 0x02, 0x0c, 0x01, 0x0b, 0x01, 0x0a, 0x02, 0x06, 0x01, 0x05, 0x01, 0x06, 0x04, 0x09,
    0x02, 0x0b, 0x01, 0x0e, 0x01, 0x0a, 0x02, 0x09, 0x01, 0x0a, 0x01, 0x0b, 0x01, 0x0d, 0x02, 0x0c, 0x1a, 0x00, 0x17, 0x00,
    0x05, 0x08, 0x04, 0x0c, 0x02, 0x0d, 0x02, 0x09, 0x02, 0x0c, 0x02, 0x0d, 0x02, 0x0c, 0x01, 0x0d, 0x03, 0x0c, 0x1a, 0x00,
    0x16, 0x00, 0x01, 0x0c, 0x01, 0x07, 0x09, 0x08, 0x01, 0x06, 0x02, 0x05, 0x01, 0x09, 0x04, 0x08, 0x01, 0x07, 0x01, 0x08,
    0x04, 0x0c, 0x19, 0x00, 0x16, 0x00, 0x01, 0x08, 0x01, 0x07, 0x01, 0x08, 0x01, 0x07, 0x07, 0x08, 0x04, 0x05, 0x01, 0x09,
    0x01, 0x07, 0x01, 0x08, 0x02, 0x07, 0x01, 0x08, 0x02, 0x0c, 0x01, 0x08, 0x01, 0x0c, 0x19, 0x00, 0x16, 0x00, 0x01, 0x08,
    0x01, 0x07, 0x08, 0x08, 0x01, 0x06, 0x04, 0x05, 0x01, 0x09, 0x04, 0x07, 0x02, 0x08, 0x01, 0x0c, 0x01, 0x08, 0x01, 0x0c,
    0x19, 0x00, 0x16, 0x00, 0x01, 0x0c, 0x02, 0x07, 0x07, 0x08, 0x01, 0x06, 0x04, 0x05, 0x01, 0x0a, 0x05, 0x07, 0x01, 0x08,
    0x03, 0x0c, 0x19, 0x00, 0x16, 0x00, 0x01, 0x0c, 0x04, 0x08, 0x01, 0x0c, 0x01, 0x0d, 0x03, 0x0c, 0x01, 0x0a, 0x01, 0x09,
    0x01, 0x0b, 0x01, 0x06, 0x01, 0x09, 0x01, 0x0c, 0x01, 0x07, 0x04, 0x08, 0x04, 0x0c, 0x19, 0x00, 0x16, 0x00, 0x01, 0x0c,
    0x06, 0x08, 0x01, 0x0d, 0x01, 0x0e, 0x01, 0x0f, 0x02, 0x0c, 0x0a, 0x08, 0x03, 0x0c, 0x19, 0x00, 0x16, 0x00, 0x01, 0x0c,
    0x06, 0x08, 0x02, 0x0c, 0x01, 0x0d, 0x01, 0x0e, 0x02, 0x08, 0x01, 0x07, 0x07, 0x08, 0x04, 0x0c, 0x19, 0x00, 0x16, 0x00,
    0x01, 0x09, 0x06, 0x08, 0x03, 0x0c, 0x01, 0x0d, 0x01, 0x0c, 0x0a, 0x08, 0x01, 0x0c, 0x01, 0x0a, 0x01, 0x09, 0x19, 0x00,
    0x16, 0x00, 0x01, 0x06, 0x02, 0x05, 0x01, 0x06, 0x02, 0x08, 0x01, 0x07, 0x01, 0x08, 0x03, 0x0b, 0x01, 0x0d, 0x01, 0x0c,
    0x07, 0x08, 0x03, 0x06, 0x01, 0x09, 0x01, 0x0a, 0x19, 0x00, 0x17, 0x00, 0x01, 0x09, 0x01, 0x06, 0x04, 0x05, 0x01, 0x06,
    0x02, 0x09, 0x01, 0x0d, 0x01, 0x0b, 0x01, 0x06, 0x08, 0x05, 0x01, 0x06, 0x01, 0x0b, 0x01, 0x0e, 0x01, 0x0f, 0x19, 0x00,
    0x17, 0x00, 0x01, 0x0e, 0x05, 0x0b, 0x03, 0x0e, 0x01, 0x0f, 0x01, 0x0e, 0x01, 0x05, 0x06, 0x06, 0x01, 0x09, 0x01, 0x0b,
    0x04, 0x0e, 0x19, 0x00, 0x18, 0x00, 0x01, 0x0b, 0x01, 0x0a, 0x02, 0x0b, 0x04, 0x0d, 0x01, 0x0e, 0x01, 0x0f, 0x01, 0x00,
    0x01, 0x0f, 0x02, 0x0d, 0x04, 0x0b, 0x01, 0x0a, 0x02, 0x0b, 0x03, 0x0e, 0x18, 0x00, 0x18, 0x00, 0x02, 0x0e, 0x01, 0x0b,
    0x01, 0x0d, 0x01, 0x0e, 0x02, 0x0b, 0x01, 0x0d, 0x01, 0x0e, 0x01, 0x0d, 0x01, 0x0e, 0x01, 0x00, 0x01, 0x0d, 0x01, 0x0e,
    0x01, 0x0b, 0x03, 0x0a, 0x02, 0x0d, 0x02, 0x0b, 0x02, 0x0e, 0x18, 0x00, 0x18, 0x00, 0x02, 0x0d, 0x01, 0x0e, 0x01, 0x0d,
    0x04, 0x0b, 0x03, 0x0d, 0x01, 0x00, 0x03, 0x0f, 0x01, 0x0d, 0x01, 0x0b, 0x01, 0x0d, 0x01, 0x0e, 0x03, 0x0b, 0x01, 0x0d,
    0x01, 0x0e, 0x18, 0x00, 0x18, 0x00, 0x01, 0x0e, 0x02, 0x0b, 0x02, 0x0a, 0x03, 0x0b, 0x03, 0x0d, 0x02, 0x00, 0x02, 0x0d,
    0x03, 0x0e, 0x01, 0x0b, 0x02, 0x0a, 0x01, 0x0b, 0x01, 0x0d, 0x01, 0x0e, 0x18, 0x00, 0x19, 0x00, 0x01, 0x0d, 0x01, 0x0a,
    0x05, 0x0b, 0x02, 0x0e, 0x03, 0x00, 0x01, 0x0e, 0x01, 0x0d, 0x03, 0x0b, 0x01, 0x0a, 0x03, 0x0b, 0x01, 0x0d, 0x01, 0x0e,
    0x18, 0x00, 0x19, 0x00, 0x01, 0x0e, 0x05, 0x0b, 0x02, 0x0d, 0x01, 0x0e, 0x04, 0x00, 0x01, 0x0d, 0x01, 0x0b, 0x01, 0x0a,
    0x05, 0x0b, 0x01, 0x0d, 0x01, 0x0e, 0x18, 0x00, 0x19, 0x00, 0x01, 0x0e, 0x05, 0x0b, 0x01, 0x0e, 0x01, 0x0d, 0x01, 0x0e,
    0x05, 0x00, 0x01, 0x0d, 0x06, 0x0b, 0x01, 0x0d, 0x01, 0x0e, 0x18, 0x00, 0x19, 0x00, 0x02, 0x0b, 0x01, 0x0d, 0x03, 0x0b,
    0x01, 0x0d, 0x02, 0x0e, 0x05, 0x00, 0x01, 0x0e, 0x05, 0x0b, 0x01, 0x0d, 0x01, 0x0e, 0x19, 0x00, 0x17, 0x00, 0x02, 0x0b,
    0x01, 0x0a, 0x01, 0x0b, 0x01, 0x0a, 0x03, 0x0b, 0x01, 0x0d, 0x02, 0x0e, 0x05, 0x00, 0x01, 0x0f, 0x01, 0x0d, 0x04, 0x0b,
    0x01, 0x0d, 0x01, 0x0e, 0x01, 0x0f, 0x18, 0x00, 0x16, 0x00, 0x02, 0x0a, 0x01, 0x0b, 0x01, 0x0d, 0x05, 0x0b, 0x03, 0x0e,
    0x05, 0x00, 0x01, 0x0e, 0x06, 0x0b, 0x01, 0x0d, 0x01, 0x0f, 0x18, 0x00, 0x15, 0x00, 0x01, 0x09, 0x02, 0x0a, 0x01, 0x0b,
    0x02, 0x0a, 0x03, 0x0b, 0x01, 0x0d, 0x01, 0x0e, 0x01, 0x0d, 0x01, 0x0e, 0x05, 0x00, 0x04, 0x0b, 0x01, 0x0d, 0x01, 0x0b,
    0x01, 0x0d, 0x01, 0x0b, 0x01, 0x0d, 0x18, 0x00, 0x15, 0x00, 0x01, 0x0e, 0x03, 0x0b, 0x02, 0x0a, 0x02, 0x0b, 0x01, 0x0d,
    0x01, 0x0f, 0x02, 0x0e, 0x05, 0x00, 0x02, 0x0a, 0x04, 0x0b, 0x01, 0x0a, 0x01, 0x0b, 0x01, 0x0a, 0x01, 0x0d, 0x18, 0x00,
    0x16, 0x00, 0x03, 0x09, 0x01, 0x06, 0x01, 0x0d, 0x03, 0x0e, 0x08, 0x00, 0x01, 0x0d, 0x01, 0x0a, 0x03, 0x0b, 0x01, 0x0d,
    0x01, 0x0b, 0x01, 0x0d, 0x01, 0x0b, 0x01, 0x0e, 0x18, 0x00, 0x19, 0x00, 0x01, 0x06, 0x0d, 0x00, 0x01, 0x0a, 0x01, 0x0d,
    0x01, 0x0a, 0x01, 0x0b, 0x01, 0x0e, 0x01, 0x0a, 0x01, 0x0e, 0x01, 0x0b, 0x01, 0x0e, 0x18, 0x00, 0x28, 0x00, 0x06, 0x09,
    0x1a, 0x00, 0x48, 0x00, 0x48, 0x00
};
const Frame kReviewFrames[] PROGMEM = {
    {kReview0, 2314, 150},
    {kReview1, 2014, 150},
    {kReview2, 2270, 150},
    {kReview3, 2386, 150},
    {kReview4, 2394, 150},
    {kReview5, 2186, 280},
};

const Animation kAnimations[] = {
    {kIdleFrames, static_cast<uint8_t>(sizeof(kIdleFrames) / sizeof(Frame))},
    {kWavingFrames, static_cast<uint8_t>(sizeof(kWavingFrames) / sizeof(Frame))},
    {kJumpingFrames, static_cast<uint8_t>(sizeof(kJumpingFrames) / sizeof(Frame))},
    {kFailedFrames, static_cast<uint8_t>(sizeof(kFailedFrames) / sizeof(Frame))},
    {kWaitingFrames, static_cast<uint8_t>(sizeof(kWaitingFrames) / sizeof(Frame))},
    {kRunningFrames, static_cast<uint8_t>(sizeof(kRunningFrames) / sizeof(Frame))},
    {kReviewFrames, static_cast<uint8_t>(sizeof(kReviewFrames) / sizeof(Frame))},
};

const Animation& get(AnimationId id) {
  return kAnimations[static_cast<uint8_t>(id)];
}

}  // namespace cardbridge::pet_assets
